SalesID,y_true,pred
4449186,46173.2,31662.431754891957
6258613,26800.0,22643.236941293977
6282680,42100.0,35150.12330502763
6282759,62100.0,53232.70576420409
1222845,35000.0,35233.83587082915
6305054,64000.0,60637.441346548156
1222879,28000.0,32186.16995068218
1222855,66000.0,66733.02502017043
1222867,65000.0,54222.303598872495
1222865,39000.0,31594.741637910174
1222837,31000.0,40739.564913558905
1222863,25000.0,26300.516059060912
1222850,33500.0,31464.831645656406
1222849,33000.0,29712.02415544252
1222839,54000.0,56823.38499782471
1222841,26500.0,25696.239718782635
1222864,29000.0,25642.047957472914
1222843,10000.0,14393.68128060245
1222847,8000.0,10964.054291440796
1222883,11500.0,13287.875777205387
6259044,34900.0,30381.641468338985
6258295,10250.0,12918.058649138595
6307465,19000.0,18660.160747072096
6282711,10250.0,13082.575400473179
6288240,25250.0,25235.404127437567
6320252,14300.0,17611.707414795706
6315595,11700.0,11357.807011950528
6264009,14000.0,12109.981431082497
6269818,10600.0,9889.532205328656
6310553,5700.0,6179.2190682386845
6281464,10000.0,12082.273112273484
6282281,29000.0,30506.71813685199
6282929,32000.0,38740.19371330707
6283099,22000.0,22826.66119977626
6284364,57000.0,38504.72623128486
6314799,15300.0,14420.496013651498
6303136,92000.0,121061.23230016683
6303503,28500.0,36075.567206834865
6302971,14100.0,15886.69427256465
6273839,70000.0,70030.6202597314
6270173,58000.0,78757.42498324205
6270162,62500.0,70294.24536887924
6269858,22000.0,22290.574042477285
6315161,42000.0,28699.041584943352
6267295,36000.0,16178.08778584144
6265104,96000.0,110453.81138197039
6300146,18000.0,16920.184544893535
6264164,30500.0,35067.51834640533
6306453,65000.0,55954.96818518321
6262068,65000.0,68574.62108527971
6260477,82500.0,88870.88209666399
6260176,77500.0,52656.35093260783
6306543,72500.0,68097.85771252916
6320330,60000.0,47940.122376528525
6273927,38000.0,26235.850685873447
6274383,17000.0,14771.471660862822
6275230,80000.0,65594.5503136635
6299447,45500.0,35544.021872240264
6287463,28000.0,23239.70432660069
6300268,86000.0,53795.59622154581
6300381,47500.0,35123.77554233932
6301043,18000.0,33098.95314737588
6319657,78000.0,51621.100509180884
6320185,80000.0,55396.24344626991
6274672,74500.0,60013.42862726862
6328092,16000.0,14531.365557173585
6279187,107500.0,88194.24666712686
6277264,30000.0,28408.87249433891
6276713,27000.0,22074.512947064897
6276708,24000.0,22083.216751597054
6276592,33000.0,25977.303585958616
6275787,80000.0,83453.90654905014
6280844,53500.0,52292.515783590825
6279097,97000.0,75009.73075407342
6264979,68500.0,53986.553554447266
1222977,10250.0,12259.30825650161
1222980,17500.0,15614.814144658347
1222990,13000.0,21750.05071953402
1222993,20000.0,26021.294899355653
1222978,14000.0,13466.848713773517
1222973,10000.0,12473.974757642949
1222969,33000.0,25344.47175545674
1222997,18500.0,18464.43356473788
1222999,32000.0,18298.702432638933
1223003,109000.0,98294.22793423853
1222926,9750.0,19289.211781739094
1223014,8250.0,7736.065841674298
1222984,22000.0,15381.35337614251
1222920,13500.0,20097.158982253975
1222919,19000.0,34733.76902056534
1222918,19000.0,22543.59127322912
1222981,25500.0,22670.616063406662
1222917,12000.0,19574.27601079046
1222908,83000.0,75251.58794556704
1222911,43000.0,31533.239992916893
1222910,30000.0,28603.464298041617
1222905,45000.0,43104.08288075378
1223099,15250.0,24933.57928649577
6310213,6500.0,6688.284720506141
1223041,50000.0,50024.13580699649
6310363,6200.0,7951.046554348953
1223040,10000.0,22281.31719962094
1223042,55000.0,49907.72839641117
1223043,30000.0,38381.822260755915
6311283,15000.0,12294.548001011488
6278589,10500.0,14515.123721430044
1223169,18000.0,22352.271617856062
6299859,19250.0,18847.12871344106
6283171,32600.0,27502.703638211962
6281817,8800.0,26229.90039839214
6279669,33000.0,36793.42098058077
6302128,16250.0,18641.235864819642
6302919,21500.0,26219.901036125437
6278957,26000.0,17014.284545488328
6282336,14500.0,11746.124260950302
6281842,13250.0,20047.740039503544
6289929,10750.0,12020.916953046497
6291343,14000.0,11356.882570777734
6283165,18500.0,17736.6700441444
6288399,10500.0,12905.876923694068
6288286,13600.0,10226.52567527904
1223039,9000.0,11632.34448647548
6287057,12250.0,14984.103488405963
6282840,25600.0,27350.673600029648
6285958,14500.0,13248.51908550772
6285440,11000.0,9429.694042131649
6285436,6400.0,8539.616013106206
6284979,52000.0,48026.3729793086
6284116,15750.0,17742.084769062007
6283571,22000.0,18493.40161551304
6294909,15000.0,13770.40708008723
6286064,30100.0,16657.37796626309
6277585,24000.0,25106.409680853212
6303582,57000.0,48006.91900339607
6315046,26000.0,16678.380589908335
6315267,19000.0,15397.81449928595
6315338,33300.0,29368.33688056305
6315341,37700.0,37034.5146227945
6332397,40100.0,23922.821474116667
6317776,86000.0,72791.37683410053
6330630,5300.0,6521.997834459071
6320060,58500.0,52234.82961365259
6320061,58000.0,61713.72833371853
6328070,13500.0,12524.56564544119
6320285,19000.0,21368.37330950513
6320430,20500.0,24817.661822298767
6327632,8600.0,8997.113305117615
6320473,36000.0,29634.205792724384
6327552,11600.0,11523.042567499238
6315038,10750.0,12449.512083939399
6315037,26500.0,11694.543656025517
6312092,13000.0,12898.831653652664
6311959,14000.0,13927.310673311833
6303683,8150.0,10233.973263682703
6304550,38000.0,40949.41636539149
6304845,62500.0,54755.196186446556
6304865,63750.0,66904.12856980585
6309767,7000.0,7318.424852926529
6309867,13900.0,11802.97817258193
6309882,16600.0,13694.52436630603
6303293,37000.0,24471.15899873951
6310181,12750.0,9205.086204131843
6310349,5250.0,6940.747131025386
6310513,8250.0,6769.649033635809
6310623,12900.0,9729.306644791275
6310716,6000.0,9601.305195226101
6310721,7500.0,11087.462033589183
6311075,14500.0,14299.18910669787
6311282,7750.0,11402.668171556674
6310330,5000.0,7358.678296510619
6277276,85000.0,66323.05406057274
6321576,9000.0,8110.113935164263
6262580,30000.0,39281.85256871075
1223094,15500.0,15629.773184796793
6267189,19750.0,18514.92341472777
6266087,22000.0,18766.882840542614
6265798,7000.0,13304.199979556102
6265725,21000.0,21410.14555224255
6265657,25400.0,22849.925408506486
6265383,14000.0,14799.109773187089
6265186,32000.0,20133.039886217375
6321515,13750.0,11434.327982376457
6264613,82500.0,78852.34991185166
6264604,76000.0,72680.0966098889
6263654,23500.0,18932.958075981038
6267552,20750.0,22715.356426787963
6263422,48000.0,44865.465050476465
6262888,25500.0,27217.469375698995
6262819,26100.0,29919.21044461091
6262629,37500.0,30203.72431433833
6262406,96500.0,85594.53626624744
6259945,13000.0,13431.740561347728
6259936,9000.0,13309.358974415809
6258883,10000.0,13435.274456085195
6258183,14000.0,14016.151028151786
6257922,48000.0,30504.25555089655
6257121,62500.0,58555.74356748652
6257005,27200.0,20691.44833443442
6256290,10800.0,9197.341236354063
6263176,20500.0,19097.777223629644
6268160,24000.0,25581.23927551983
6266072,25500.0,20522.088507650198
6269399,14750.0,13785.401250179997
6269412,14750.0,12394.0094020743
6269841,21000.0,17126.917497175542
6268394,22000.0,21477.287055698405
6270063,38000.0,44007.43992392631
6275930,18500.0,15157.19101736688
1223184,90000.0,75505.97002848038
6271147,25000.0,28878.164730922726
6271337,24000.0,30995.61298597301
6272619,68000.0,62782.8110369759
1223211,13500.0,12620.009091147294
1223212,12000.0,9824.409035960725
1223152,120000.0,96911.35288626087
1223151,70000.0,72232.4893927214
1223215,12750.0,13438.814591836617
1223149,80000.0,79888.95927105105
1223217,50500.0,46065.584064093884
1223226,12750.0,12531.05802358698
1223209,26000.0,25186.983009427353
1223148,52000.0,38739.49315335508
1223147,67000.0,52530.844654094486
1223145,13000.0,11393.865765714627
1223150,60000.0,61822.67566865284
1223198,31500.0,20051.499670458943
1223165,30000.0,31354.79185657809
1223195,12500.0,9732.799588841652
1223164,12000.0,10768.819763887557
1223176,29000.0,23107.37363262274
1223177,17500.0,17141.119889318943
1223179,15750.0,12548.788099169453
1223180,15500.0,13899.778398380726
1223193,13000.0,12666.142757640971
1223181,13500.0,11838.81128308899
1223182,17000.0,12934.066728851156
1223192,7500.0,6498.655033937583
1223185,17000.0,11906.593626287795
1223227,12000.0,13091.461850137071
1223186,24000.0,19307.758591874273
1223187,12500.0,12055.773898384838
1223154,60000.0,36060.972459684745
1223229,24500.0,25028.832928059688
1223073,39000.0,32830.472309412085
1223129,9250.0,9558.963625695034
1223072,30500.0,25282.757623595564
1223075,11500.0,12723.857826456906
1223130,8500.0,9325.635377940038
1223076,46000.0,44054.97151483244
1223070,72000.0,63339.188965880356
1223069,43000.0,37528.08933275389
1223077,11500.0,9577.068882094503
1223067,9000.0,8044.880884372904
1223060,120000.0,104465.22297120927
1223078,63000.0,58179.41166671346
1223079,52000.0,59764.7179917195
1223059,82000.0,65354.998671217334
1223080,53000.0,57813.84227132666
1223058,80000.0,71902.51513961669
1223057,140000.0,108557.27087655853
1223115,29500.0,28848.155956284216
1223124,9000.0,11251.61430458303
1223121,12500.0,10868.674477701748
1223118,16000.0,18540.50441000728
1223117,9000.0,10612.0186239376
1223116,26000.0,21669.420753911843
1223081,56000.0,58675.73478736115
1223141,11250.0,13863.751550109355
1223101,12500.0,10234.5401083902
1223095,103000.0,87575.76340168074
1223091,32500.0,24975.241802886452
1223084,23000.0,31042.089929539634
1223083,24500.0,21500.600833939337
1223082,45000.0,51452.397190129086
1223074,49000.0,57845.84286364112
1223303,25000.0,44329.32960637693
1452887,21000.0,22410.95923070976
1560008,27500.0,30466.431851599296
1223306,15000.0,13326.448944857857
6298227,14500.0,14350.260938164416
6295000,12600.0,14487.08848987842
6260949,34800.0,26621.69865435881
6301474,26600.0,29993.401467477863
6303368,30400.0,19240.250897902064
6304803,30000.0,34732.09801557142
6294644,38200.0,26482.305974504397
6305737,44100.0,41996.18244742395
6258204,16500.0,12823.34790869659
6258165,13600.0,13552.061385943498
6274137,28000.0,27249.069257435418
6274790,10700.0,14470.35651978623
6310500,7600.0,6907.876576377177
6310624,18500.0,11643.960701780885
6258344,26100.0,27418.44107232005
6311114,6100.0,6075.3691919100975
6272267,86200.0,71957.9388088014
6289802,19600.0,21274.429231745336
6282361,11100.0,12357.567016222536
6269850,28200.0,19220.89014883267
6283121,11000.0,12835.226139898703
6268052,21000.0,19225.491604812894
6267652,18200.0,20301.09301157055
6285159,46100.0,51555.26309278474
6264284,18400.0,16697.803808090724
6285342,66100.0,41889.7272306
6285860,19100.0,13867.392474376818
6266002,16600.0,15456.101501500765
6265710,7600.0,10531.045833514114
6278547,9200.0,12348.860112414764
6264306,15400.0,9718.12389197104
6288446,8700.0,15603.72285370401
6285483,30500.0,23830.94270238518
6311363,13000.0,15552.884144413065
6270241,13300.0,15439.615024047456
6327737,18900.0,15938.287132562342
6315184,7300.0,6935.658615751846
6328458,10000.0,18797.551581965992
1223322,30000.0,63361.37061185752
4256589,87500.0,72670.15360298115
1223679,24500.0,23263.940670083797
4257547,60000.0,49353.605429390394
1223329,77000.0,58656.10784978049
6297381,13600.0,11511.826737342186
1223320,46000.0,65381.14638160013
1223319,90000.0,70224.49512085292
1223680,25000.0,26435.14280929469
6262846,18000.0,29284.872462422103
6262827,20500.0,30267.35267551803
1223318,71000.0,61890.215428220086
6274452,31000.0,31235.464650472153
6262818,33000.0,30235.4257241036
1223333,25500.0,24599.51750756069
1223672,9250.0,8937.196148063622
1223335,14500.0,16255.65332101142
6264600,73000.0,82466.62260106466
6287938,10500.0,12182.269563349339
1223653,10500.0,9925.674634662748
4252523,32000.0,30531.826163217913
1223665,27000.0,33384.002793273525
6291722,17000.0,20807.98001736953
6288291,14500.0,16473.320201059116
1223667,86000.0,86811.63314943682
6319945,13500.0,17872.555474239965
6319943,16000.0,11989.4775657823
1223670,20000.0,19442.204452275204
6290029,8250.0,11268.413503922762
4254863,97500.0,75861.79532462156
6288292,12500.0,16473.320201059116
1223313,101000.0,98766.51118426859
1223311,61000.0,76189.24528196837
1223310,57000.0,65550.89055449939
1223727,82000.0,61163.85105445892
6303184,7750.0,13427.873137479146
1223728,51500.0,27794.17577968868
4261073,50000.0,39880.80126539095
1223733,68000.0,60373.64497612255
1223734,22000.0,23741.243393530804
6303066,15500.0,25507.252577598687
1223737,28500.0,28918.564612401882
1223293,66000.0,56836.59673951882
6304133,48000.0,42072.90786353864
6304208,56000.0,55076.4433485605
6304277,30000.0,35993.479314806114
1223486,59000.0,53686.38645941414
6304459,35000.0,29920.05853855676
4261269,31000.0,35432.4256688306
6303011,17500.0,16282.286560354674
1223308,53000.0,57398.206005710825
6302801,13250.0,13300.439525999476
1223696,49000.0,57655.419787478175
1223493,65000.0,57217.315608674704
1223492,87000.0,71711.3657138293
4274084,27000.0,34215.988188695956
6262247,37500.0,27042.565447047993
1223309,32000.0,37743.923678768326
6300793,48000.0,50007.052118988366
6261962,50000.0,44156.67581939053
6261464,11000.0,11718.86079272765
6261080,31000.0,35564.4647907844
6301243,14000.0,25258.84331591655
4259654,75000.0,52090.551207344404
4260561,125000.0,113382.60318547107
6302025,45000.0,31016.439766173768
6302738,9000.0,11859.37080689758
6264820,18500.0,21902.138975118218
1223339,12000.0,10868.887701463662
1223341,50000.0,61090.929772809606
1223652,24500.0,19479.262566748755
6282946,70000.0,80293.11489839172
1223385,76000.0,70956.98187640647
6282949,64500.0,80310.27720899966
1223593,71000.0,73609.79825757534
4250417,22000.0,20628.61072274769
6283132,18000.0,9865.472655684982
1223592,21500.0,20123.58848135556
1223595,78000.0,74951.40707072587
6283201,15500.0,20518.2644915849
6283203,36000.0,21739.69090343337
6280573,26500.0,28375.887796833395
6283237,27000.0,21354.69902705316
6283255,17500.0,21525.80289516178
6269685,25000.0,29830.282702127442
1223596,44000.0,39645.744487284064
6270911,17000.0,17229.483371687442
6282855,22000.0,18168.936509990486
4249882,25000.0,20108.5490030177
6280839,44000.0,42142.98471891014
1223524,15000.0,13934.794648126972
1223526,9750.0,9123.221627349061
1223547,60000.0,64559.87145986557
1223548,10500.0,8830.32802051776
6282282,32500.0,27590.729800844692
1223580,14500.0,10613.512507776923
6282296,62000.0,48933.25498087287
6282344,41000.0,42057.531928390905
6321592,5000.0,6060.084455771997
6282375,50000.0,41545.723239248764
1223408,46000.0,38242.99111551424
1223558,24000.0,28062.06867180899
6282791,64000.0,47406.0437887583
1223549,15500.0,12498.300773441453
6276439,26250.0,27611.548070793087
1223597,36000.0,41358.23173196732
1223383,86000.0,78935.33452896471
6286220,23500.0,23697.25300161578
6266101,20000.0,20887.637045428517
1223360,92000.0,73287.37813689314
1223357,56000.0,42323.68786321563
6286697,16500.0,17199.6998639272
6328162,13750.0,14898.482372067858
1223650,43000.0,39562.43488307791
6265682,9000.0,9176.52866187784
6287312,23000.0,23828.26802599822
6279040,71000.0,70811.69249009351
1223344,64000.0,45829.33396176885
1223518,38000.0,46126.44041144674
1223343,17000.0,16686.384769416185
4249145,75000.0,63327.48261217329
1223651,66000.0,51451.25144345722
1223384,73000.0,69991.70385446267
4252099,31000.0,27261.914551765447
4251594,17500.0,16575.139571991695
6269313,28000.0,31936.775141397087
6271170,26000.0,28781.374004203666
6268691,16500.0,18068.3666177048
6284052,13250.0,13295.601318338517
6284068,22750.0,24558.017745296187
1223382,66000.0,61596.57306509691
6285624,11000.0,12435.79381366405
4251078,29000.0,26899.658895398465
1223634,70000.0,50082.6210310626
1223371,11500.0,12068.436714978012
6267532,17000.0,16471.172576264096
1223364,133000.0,103073.93616306638
1223635,25000.0,27408.525374726112
1223647,26000.0,24707.6615423748
6268010,41000.0,18952.34968964099
1223740,64000.0,40359.0432827109
1223707,40000.0,32364.779190109934
6261022,23000.0,20327.760321558133
4379902,13000.0,18189.141184658856
6315314,7000.0,8963.033295696949
1223468,35000.0,45935.738843203064
1223458,17500.0,14804.044830564539
6274243,26000.0,29123.50838916178
4271488,23000.0,18137.730768289042
4270901,29000.0,20580.210143073888
4293778,21000.0,16480.399543553143
6274220,34000.0,32123.44465566079
6256350,22000.0,19597.752659121117
4269620,35000.0,27492.88392700182
4312213,87500.0,75345.82605897383
4290758,75000.0,73681.78498975097
6314790,15500.0,13128.091809649743
1223483,48000.0,37813.86780669592
4290642,92500.0,95803.10591181816
4286328,77500.0,70335.18788226173
4265028,45000.0,40411.34070836902
6275555,18500.0,24468.51263901764
1223272,135000.0,107178.9102231551
1223271,100000.0,96152.83511041694
6309842,11000.0,9357.595514404735
4283024,50000.0,48937.82779595611
4376682,29000.0,19137.320753250267
4267509,27000.0,33338.982158943494
1223459,21000.0,11872.227776575606
1223270,125000.0,101333.30402218092
4285531,85000.0,81454.06402846772
6257724,12800.0,9833.117849136024
1223460,32000.0,16368.56521524665
1223269,109000.0,100205.93114360025
6314929,7250.0,7181.58517649318
4281742,56000.0,44160.263037796874
4271854,67500.0,45369.95503246652
4295061,82000.0,47795.57700474264
4313276,32000.0,27137.242851341012
4314034,33000.0,34319.754808028796
4314249,37500.0,35310.30263567868
4314481,40000.0,38428.06622526259
4315815,61000.0,66366.7683014936
4311398,17000.0,23148.945840349108
4315883,82500.0,76861.21122342451
4317343,10000.0,15446.45032168931
4319336,13500.0,13681.331413110527
4310245,59000.0,45557.32977294163
4319849,17000.0,18088.974350390316
6312719,8800.0,11571.895630689067
4320180,21000.0,25154.036620858828
4304989,13500.0,13183.680234802197
4322491,32500.0,31059.75563289326
4322584,26000.0,33403.301665538274
4322707,13000.0,12582.57637912345
4297560,15000.0,15701.142102457383
4367167,85000.0,69550.44983224034
4298440,35000.0,31215.019226368273
4358603,70000.0,39138.80172454601
4352677,55000.0,43858.01877336832
4352638,70000.0,54984.46954575338
4371295,8500.0,9507.777584484393
4352605,72500.0,60943.77519714666
4303937,17000.0,15862.745719387225
4336160,90000.0,85148.22766109437
4334320,60000.0,53418.542070455
4334285,60000.0,60581.08336541435
4333656,19000.0,24787.49983155407
4324795,36000.0,31057.463092777474
4338162,26000.0,23717.356299884785
6258416,18000.0,19663.23915310235
1223252,32000.0,14611.988689452624
4280382,70000.0,60102.91406502129
6315150,7300.0,7573.465652908373
6304802,31000.0,28934.185235131477
4262447,50000.0,47176.509978866874
1223279,18500.0,20074.350935449533
1223764,86000.0,75799.55069569392
1223485,46000.0,41663.3250651871
6305132,19500.0,16120.777392157308
6316122,18000.0,20782.03059146136
4275672,50000.0,47829.79651399819
6305971,73500.0,71716.38064888821
1223484,7750.0,8473.628963081559
6258702,21000.0,19074.39238696337
4278735,49000.0,42704.97510444637
1223273,118000.0,101166.99025679819
4312040,55000.0,42152.537133326485
6258419,22500.0,21724.747929527606
4279084,16000.0,19245.260184733943
6262584,50000.0,36869.66205500936
6266465,67500.0,41893.86041336593
6279204,17000.0,17331.382783754798
6304058,70000.0,40162.745661202214
6304099,42500.0,46554.351238982614
6258960,32000.0,24856.41220478442
1223289,10000.0,11046.008335920258
1223361,12000.0,11959.431131779924
6267216,27000.0,34811.491410898314
1223411,6250.0,6291.359808558627
1223523,28500.0,22560.31161673567
6262356,92500.0,87896.4359013698
6271351,85000.0,77521.35083586608
4251563,17500.0,16631.060626157745
6270071,55000.0,38260.71822307032
6285085,82500.0,71288.93162198644
6270079,54000.0,39474.89785569653
6285058,61000.0,54154.745178539866
6266454,60000.0,40098.080009242396
6262371,100000.0,101115.90981179198
6281023,85000.0,75945.62605139411
1223520,12500.0,11142.295862779387
1223819,13500.0,13085.00812670112
1223918,22000.0,19670.806261502406
1223358,24500.0,19943.02715809916
1223820,13500.0,12638.125956802567
6266089,29000.0,19992.15881330171
4367169,85000.0,69308.69734957257
6262373,115000.0,101115.90981179198
6306647,85000.0,76440.1961508602
1223519,25000.0,18184.724540748928
6260178,95000.0,64754.48843191183
6258942,27500.0,28350.85163654363
6266324,23000.0,16312.428535332543
6286099,21000.0,21506.943875489884
1223883,17000.0,14250.802531695777
6286031,17000.0,18064.214965119943
6271638,77500.0,60302.01119809441
1223648,9500.0,10620.490457118332
1223244,5750.0,5498.033554865064
6270080,56000.0,39474.89785569653
6267742,50000.0,47851.471712951716
1223451,6000.0,6928.598326901051
6268848,49000.0,41423.420000187856
6262334,85000.0,96693.57140211997
6271242,15000.0,16015.537198669714
6276438,35000.0,32438.203394815828
1223440,19000.0,14634.90116061543
6269089,16000.0,18071.766869547355
4319300,13500.0,13622.810656436337
4317345,10000.0,15367.974300760628
6259372,12500.0,14719.985374386884
6283574,17000.0,18211.040239936283
6259181,30000.0,30765.445390389956
6259180,31000.0,33626.11829512897
6269674,70000.0,47637.87674260898
6269681,57500.0,47637.87674260898
6259179,30000.0,30765.445390389956
6259177,27500.0,33548.92805592181
1223875,27500.0,27331.71995786637
6312532,29000.0,20045.16490308048
6283795,55000.0,35886.14684432761
6262342,97500.0,85624.61173628276
6283844,87500.0,78820.95355195295
6284613,40000.0,32711.00326024312
6284610,37500.0,31574.643103452094
6284544,37500.0,36427.542895882325
6279741,13500.0,12543.367332962762
6284451,33000.0,33262.18643504952
1223627,14000.0,11158.09733703092
6304345,47500.0,50878.7729969039
6304346,47500.0,50878.7729969039
1223400,21000.0,20343.18276299589
1223377,13000.0,12331.413700944167
6279745,12000.0,13510.6634248042
1223626,13000.0,10574.968540562983
1223431,6250.0,6415.760891924596
6262353,85000.0,87896.4359013698
1223823,12000.0,13548.78243585764
6304384,27500.0,29532.95411203821
1223436,13500.0,12362.928971171299
6268597,57500.0,54484.607979600754
6284202,32000.0,26134.97236630073
1223692,9750.0,9444.746709792542
6282880,59000.0,44296.81189234482
6265736,25000.0,25204.57789435439
1223718,13000.0,11461.289587700327
6258620,22500.0,21171.704236871527
6294652,26000.0,24149.95730073941
6273210,75000.0,65472.67041999654
6260922,87500.0,65860.79899684491
6293055,90000.0,78493.77077445168
1223328,10000.0,9027.199102277562
6263976,90000.0,62062.2466047483
6258645,29000.0,28075.450606006005
6292013,60000.0,55739.79500518332
6292003,60000.0,61246.89693682049
6314850,13000.0,15036.12480603433
1223550,12500.0,10778.97199965415
1223551,12500.0,11442.765478984302
6291758,19000.0,22461.047125646182
6260920,87500.0,64841.37689674334
6260905,87500.0,64054.59054410586
1223535,37000.0,31865.04832354992
6262431,125000.0,113661.5916484995
6258020,75000.0,60884.697039619845
6262018,16500.0,19389.908276403185
1223691,11000.0,9705.721747033707
6258284,25000.0,20977.69732486373
6262645,31000.0,33646.44743821004
4283012,50000.0,47924.580937988576
4265046,45000.0,40542.87463129624
6309206,35000.0,34157.02466456929
6309286,60000.0,44845.440035415006
6309287,60000.0,44845.440035415006
1223773,15500.0,8697.958250122188
6258431,22000.0,19330.9130035819
6261318,60000.0,43569.11009007791
6299333,55000.0,43730.97807547143
6299318,70000.0,55866.16038985013
6299302,69000.0,60960.45444790756
6299301,72500.0,60548.888939581135
6299300,72000.0,60960.45444790756
1223495,14500.0,11104.331694600287
6263143,50000.0,43094.547020734244
6270498,50000.0,48171.51838366164
6273632,85000.0,92457.7010903091
1223720,15000.0,13965.261810154958
6260900,87500.0,62499.976627449185
6275924,15000.0,15718.26166601815
6310570,8500.0,9864.858486630745
6274396,21000.0,17859.17326489077
1223245,5250.0,5544.376672459637
1223817,14000.0,13056.584150629345
6260196,97500.0,64271.042943350156
1223346,13000.0,9688.263480084861
6265659,35000.0,25033.103171063074
6287233,13000.0,12340.77843482858
6287176,26000.0,29791.34799872048
6287174,26000.0,30049.012168641046
6262180,75000.0,56106.36988021038
6287146,32500.0,31235.04707717024
6258928,30000.0,29580.779788585332
1223818,14000.0,12801.329311408497
6258929,31000.0,29580.779788585332
1223356,16500.0,13175.44883652504
1223479,19500.0,17493.456863118787
1223489,7500.0,17843.054142817775
1223277,7750.0,8824.61731383449
6264889,27000.0,25355.475756671523
1223488,9250.0,10039.168186655357
6273181,92500.0,95008.34351823053
1223794,30500.0,27148.305286161863
1223795,34500.0,27781.29908657035
1223246,14000.0,11732.007228255585
1223796,9500.0,9169.978179047977
6273636,95000.0,94254.8805897462
4252507,32000.0,30590.102184453393
6273167,85000.0,92684.31221309128
6274892,82000.0,49515.75026440302
6287907,26000.0,33511.71674105497
6287904,36000.0,30557.04857347626
6287903,36000.0,30167.907509351127
6258421,21000.0,19232.542896628427
1223724,8000.0,8923.637138425063
1223725,9500.0,9412.480566058246
1223338,12000.0,11088.512588838328
1223809,20000.0,18854.728505711828
1223512,11000.0,12501.287758374447
6287173,26000.0,29751.26598273882
6270458,110000.0,46197.34123758341
6272573,125000.0,113120.75767307139
6271285,82500.0,100228.37045980517
6272364,70000.0,85343.76613033809
6272454,65000.0,69664.64546950503
6272473,72500.0,69929.6426318566
6273211,82500.0,80139.29858958817
6270279,34500.0,29330.710915298878
6272478,89000.0,70927.61833238689
6273156,95000.0,82660.35991629849
6272480,63000.0,76589.14821435035
6272506,105000.0,77896.27161998455
6272515,85000.0,76589.14821435035
6273144,100000.0,82705.37606486175
6272556,129500.0,111697.21278596653
6272563,131000.0,112138.81063998664
6272719,132500.0,121461.07638233839
6272564,131000.0,112138.81063998664
6272570,135000.0,112138.81063998664
6272571,135000.0,116043.81490057422
6272355,85000.0,63268.42258293357
6270932,82500.0,115861.8857673517
6272315,45000.0,51908.01396161896
6272297,45000.0,52787.199154593196
6271286,57000.0,71136.93283360315
6271293,92500.0,70441.485162425
6271308,30000.0,30499.2988660816
6271442,58000.0,57688.902263412514
6271662,40000.0,42885.99816622879
6271726,105000.0,82958.4293983338
6271906,110000.0,84947.93381659032
6271952,86000.0,87861.74534099993
6271958,112500.0,90370.58260705767
6272130,52000.0,53880.85560509918
6274061,33000.0,37337.81127332358
6274057,36000.0,31232.955691491014
6274041,36000.0,30373.862829296366
6274040,34000.0,31739.535362902763
6272201,75000.0,66333.57952476043
6273956,89500.0,81522.41106811572
6273947,31000.0,28627.87310458532
6273832,84000.0,38614.372224464496
6271987,111000.0,95811.69427591207
6324483,52500.0,41961.90357988195
6270210,13000.0,13313.522541308279
6258742,26500.0,25713.013918193927
6258790,33000.0,26207.36163273099
6258926,28500.0,25920.328971030416
6258937,31000.0,27315.41304777265
6258951,28000.0,24846.84784581619
6259041,27000.0,27916.13340160919
6259051,28000.0,27492.466124832783
6259052,31000.0,25952.574776749265
6259062,27500.0,27492.466124832783
6259065,32000.0,26670.337777101788
6259095,27000.0,27492.466124832783
6259353,16500.0,12575.629795549941
6259418,35000.0,29114.763080359287
6259419,35000.0,29471.624695467824
6259513,15500.0,13584.168773930882
6259552,37500.0,30997.07380466946
6259662,63000.0,45897.538554445666
6259685,95000.0,42498.460008865986
6259727,45000.0,46311.66572160255
6258698,14000.0,18104.310813676508
6258643,29000.0,26680.879096019507
6258559,28000.0,20495.10824626711
6258404,17500.0,18360.09364380604
6254483,14000.0,11318.586509737048
6254484,14000.0,11318.586509737048
6254542,11500.0,11007.321739179679
6254547,18000.0,14080.935029688202
6254551,12500.0,11177.971384379558
6254552,12500.0,11177.971384379558
6254553,12500.0,11007.321739179679
6256810,27500.0,25011.089107113345
6257020,35000.0,29681.74517175322
6260083,17000.0,15081.993420762496
6257044,45000.0,46082.926627401175
6257063,46500.0,36832.17247542559
6257100,72500.0,77885.49171808225
6257102,107500.0,90676.0868136155
6257110,52000.0,60331.34447170526
6257309,41000.0,33721.92864355956
6257987,57000.0,45712.988329322354
6257995,49000.0,51723.105610701125
6258297,9200.0,12245.021986998947
6258309,11000.0,12889.152597029422
6257053,67000.0,45586.91351279067
6270211,13000.0,13313.522541308279
6260804,45000.0,42679.82550936357
6260961,26500.0,27947.987111020022
6266418,45000.0,43511.70599121327
6266982,66000.0,52565.60063869777
6267104,41000.0,35540.98983763597
6267483,55000.0,38549.922614776224
6267484,42000.0,30037.998306720747
6267810,72500.0,60415.57236451855
6267821,72500.0,55834.17397678377
6268329,37000.0,45732.069962770256
6268445,40000.0,38568.64654544021
6268552,10000.0,12418.59118115637
6268757,112500.0,86831.39493081071
6268853,32000.0,24353.249733988734
6268905,23000.0,55768.509242649234
6268986,15500.0,12784.00020308365
6268987,15500.0,12784.00020308365
6269623,47500.0,39789.3418302625
6269624,57500.0,39344.32830696438
6269800,43500.0,66263.3862991968
6270062,60000.0,44399.40534106237
6266403,33500.0,38348.93080325655
6266313,11000.0,13781.312794131574
6266283,20500.0,31334.834463941053
6266266,73500.0,52998.73805411736
6262086,70000.0,67395.85606462944
6262100,72500.0,69552.76524571281
6262280,77500.0,51558.409693043424
6262391,100000.0,97181.94409274566
6262395,98500.0,96938.9624602908
6262674,54000.0,55130.26764986949
6263125,40000.0,29772.103470944898
6263126,19500.0,24640.83069594372
6263417,62000.0,52878.38064797348
6260901,67500.0,67488.22080543631
6263996,12000.0,11302.987479513358
6264495,83500.0,55590.260645348426
6264501,65500.0,53677.01931680245
6264514,68500.0,54185.94192616531
6265082,16000.0,32631.488873457165
6265314,67500.0,53624.122529631844
6265571,80000.0,74644.24880897741
6265743,51000.0,45223.19800426496
6265761,43500.0,42950.238436122425
6266206,65000.0,49011.69031159572
6264167,43000.0,39335.58156623632
6274457,35500.0,30166.82859999886
6280919,115000.0,108458.79496640323
6274643,50000.0,43874.25279025648
6333339,13000.0,9309.495512062307
6306537,62500.0,57600.58329771629
6306475,66000.0,57935.84150017529
6306474,62000.0,71788.00631395118
6306434,55000.0,45903.00364246687
6306433,55000.0,45903.00364246687
6306334,61000.0,54343.832780411016
6306317,105000.0,106738.25828093084
6306315,87000.0,94984.92548307269
6306036,63500.0,93747.09064410937
6305970,73000.0,65782.63546822213
6305933,63500.0,43981.85927410719
6305811,86000.0,102929.04047040528
6305055,36500.0,55993.10317294034
6333345,10500.0,9900.293338808528
6333347,12500.0,9317.124237170809
6304821,95000.0,71304.43047971233
6304814,70000.0,64561.73369214937
6304806,75000.0,56302.97826282369
6306545,58000.0,57600.58329771629
6304787,29500.0,27681.352481842638
6306546,59500.0,57600.58329771629
6306554,82500.0,91041.81160038638
6310009,15500.0,13077.496218725588
6310006,15000.0,13074.372310501249
6310002,14500.0,13077.496218725588
6309942,15000.0,10728.723046391075
6309940,12000.0,10728.723046391075
6309937,12000.0,10584.083283072216
6309936,11000.0,10728.723046391075
6309930,11500.0,10039.675345293026
6333269,13000.0,9852.021910995456
6333286,13000.0,10475.170702743068
6333314,13000.0,10829.022642180324
6307848,22500.0,22299.181199474297
6307729,40000.0,30400.617454339117
6307727,40000.0,36342.84231553194
6307711,67000.0,60928.58346327793
6333330,20500.0,12947.846947030714
6307455,70000.0,70695.9782283276
6306650,92500.0,75438.8540846935
6306574,105000.0,65324.36433542659
6306552,50000.0,52997.30977375486
6304774,39000.0,29601.365184059025
6304683,82000.0,92479.87843886958
6304681,82000.0,93615.24037853233
6301745,26000.0,32467.79502442664
6301437,34000.0,41618.61359328169
6301424,34000.0,39067.00965062374
6301033,82500.0,69530.79034775165
6301014,62000.0,70555.35922794291
6301002,77500.0,66351.58105562143
6300997,64000.0,70555.35922794291
6300996,64000.0,55321.526633473346
6300995,64000.0,62806.939837805534
6300863,15500.0,16853.590778053527
6300752,51000.0,48130.46252815782
6300687,50000.0,51247.8632250455
6300655,66500.0,67580.34047152307
6300628,60500.0,46810.83294604834
6300614,60000.0,52920.26082786984
6300613,58500.0,51247.8632250455
6300610,53000.0,52510.28704803712
6300608,57500.0,52368.911823227485
6300599,56000.0,52255.25469678109
6301937,107500.0,91430.35157951203
6302464,34000.0,48524.98156290014
6302491,23000.0,19173.256362972417
6302547,28500.0,28191.28196641386
6304675,71000.0,73007.16485425341
6304672,64000.0,74404.02489742097
6304671,71000.0,70029.86457598853
6304670,50000.0,70695.9782283276
6304669,72000.0,73020.24406215151
6304609,42000.0,30141.74445037196
6304598,61000.0,55029.58694284783
6304490,45000.0,37644.94557891367
6304375,27000.0,39237.17954140526
6310010,13500.0,13216.33466254931
6304350,70000.0,62687.331922969424
6304216,22000.0,20514.724494466576
6304196,41000.0,39087.92011604951
6304165,47000.0,45904.141932307924
6304021,28000.0,29520.651982662952
6304006,27500.0,20659.032305597175
6304002,28000.0,21968.746842621233
6303688,38500.0,42631.47712206407
6303222,15500.0,14707.604317319086
6302872,11500.0,12086.160043352218
6304329,39000.0,44798.39955909784
6300579,74000.0,48813.577778763414
6310013,14000.0,13077.496218725588
6310048,15500.0,14007.198644203547
6315287,9000.0,10044.107449730345
6315262,9000.0,9853.799102580242
6315084,7000.0,9829.329341856608
6315052,19000.0,19234.034203833053
6333208,14500.0,11903.920902036616
6333210,13500.0,11909.08859065753
6333219,21000.0,21059.58518802768
6315034,15000.0,17175.53523640471
6314931,55500.0,63799.65497350531
6314909,55500.0,63296.333267319504
6314843,16000.0,15152.060537195975
6333224,27500.0,24842.22026447949
6314785,7000.0,10044.107449730345
6313279,10500.0,8930.346108563459
6313019,14000.0,14282.712704917898
6313018,14000.0,13081.96426319366
6313017,13500.0,13081.96426319366
6313016,12000.0,10733.699959360762
6313015,11000.0,10733.699959360762
6315336,52000.0,38571.92857325312
6312519,24000.0,21418.57686275724
6333206,13000.0,11903.920902036616
6315390,33000.0,26780.27730492947
6324720,15000.0,13146.578937816013
6321528,15000.0,17531.594771437598
6324755,14500.0,11559.89291408395
6327585,12500.0,12096.293429900557
6327702,15000.0,13419.334609052185
6327871,26500.0,22799.395200278566
6320253,19500.0,21088.74375411329
6328168,16500.0,15698.635208354835
6328170,17500.0,16512.215914314173
6319849,62500.0,54372.613339730524
6319650,44500.0,40440.440114320205
6318050,23000.0,18553.555274401053
6317913,23000.0,21696.531115083075
6317868,26500.0,22074.228213693896
6317862,25000.0,21696.531115083075
6330820,15500.0,13478.605486543089
6316158,9000.0,15348.735050132505
6333203,14000.0,11872.729333032024
6315393,31000.0,29343.555142655405
6333204,13500.0,11801.032042811217
6312509,27000.0,21757.18996788555
6312478,10000.0,8995.0823658657
6312475,9250.0,9007.774007843092
6311366,17000.0,13010.87197195889
6311341,12500.0,12168.02452750057
6311305,11500.0,11570.940477612387
6311272,17000.0,13401.042907552028
6310937,9000.0,9709.04491036529
6310929,20000.0,13561.990061336157
6333228,17500.0,17165.92728498222
6333265,12000.0,9858.949911085625
6310556,13000.0,11600.371487342967
6333266,12500.0,9858.949911085625
6310541,8500.0,10111.6112115311
6310453,8500.0,8716.596027161806
6333267,14000.0,9852.021910995456
6310361,9500.0,7534.3559657805845
6310335,6250.0,8644.527637191875
6333268,14500.0,9858.949911085625
6310086,22500.0,19271.354112206038
6310083,22000.0,18694.056481462037
6310050,14000.0,14198.858007888273
6311393,16500.0,13985.735337188209
6311446,14000.0,14097.721278922998
6311455,14000.0,14097.721278922998
6311461,15500.0,14085.324977345152
6312455,11000.0,8752.743166031663
6312417,8000.0,7484.874913732763
6312339,14500.0,14847.693953133938
6312263,16500.0,14242.995726250374
6312261,17500.0,14242.995726250374
6312256,17500.0,14242.995726250374
6312252,15000.0,13612.75474430889
6312241,13000.0,14285.621327683211
6312212,15500.0,12477.635037965701
6310020,15000.0,14626.842006314917
6312204,15500.0,12514.49391710673
6333225,23000.0,24842.22026447949
6311884,14500.0,12262.158222816075
6311864,10500.0,11784.597432868692
6311863,10500.0,11778.496590081499
6311774,13000.0,11290.102839550447
6311763,13500.0,10658.699012368905
6311683,14500.0,10422.368566591571
6311473,18500.0,15611.869168891259
6311466,20000.0,14875.307648216867
6312142,14500.0,11633.727240892233
6274592,135000.0,82815.43712823298
6300460,48000.0,42843.57982270161
6300299,34000.0,24864.93321683291
6280605,46000.0,50798.16220705623
6280584,35000.0,33775.96718809901
6280582,48500.0,37936.89659405629
6280579,31000.0,31787.425322926312
6279991,33500.0,34596.963743727756
6279990,33500.0,34596.963743727756
6279940,19500.0,16651.037536109037
6279938,17000.0,15622.15646138392
6279905,18000.0,13728.955808059682
6279819,80000.0,67570.88034836638
6279810,51000.0,57340.89543098755
6279799,40000.0,42364.25464920888
6279793,63500.0,44113.80196342463
6279708,59500.0,49096.48678839456
6279687,57500.0,43658.74429400384
6279272,57000.0,55286.81034475284
6279148,95500.0,83262.16214622917
6279128,87500.0,78146.04033796392
6279090,90000.0,76410.7558353368
6280622,62500.0,62077.91500318411
6279066,98500.0,76571.04784919054
6280695,16000.0,53243.67871531545
6280906,86000.0,91002.2162125425
6283651,33000.0,26561.10227319641
6283649,34500.0,26619.05483459603
6283636,30500.0,26428.04061818332
6283633,48000.0,28635.150436635
6283549,41000.0,51763.55515371647
6283514,120000.0,69616.51956534885
6283403,120000.0,70409.77400053639
6283397,85000.0,48243.6234009225
6283312,33000.0,26806.20118562552
6283236,15500.0,20965.63418115752
6282948,68000.0,80674.45869596816
6282887,12000.0,10897.721809540624
6282827,33000.0,92144.40293062107
6282504,35500.0,68560.81025271231
6282039,9000.0,8114.647599910795
6280996,83500.0,87410.45200892453
6280995,75000.0,77669.94270545458
6324497,52500.0,49421.70443147782
6280914,77000.0,86566.39246212548
6280848,48500.0,41624.98915588486
6279061,71000.0,59935.26552690983
6279041,75000.0,72425.917855409
6278784,20000.0,14640.823522877781
6275722,125000.0,104368.84211238127
6275659,112500.0,95297.561064496
6275601,90000.0,93587.82328714679
6275582,22000.0,21742.939408455615
6275485,38000.0,47170.99250251957
6275433,38000.0,45480.83797491615
6275393,33000.0,27052.794301671125
6275392,33000.0,27052.794301671125
6275387,33000.0,24639.97920958062
6275386,33000.0,24639.97920958062
6275283,105000.0,86535.38907102578
6275234,75000.0,72463.40043300203
6275229,75000.0,67578.56665649157
6275218,50000.0,60117.894460482756
6274946,73000.0,53779.71050306085
6274919,57500.0,48137.644660602266
6274673,63500.0,60606.89031849278
6274660,56000.0,53322.45341728286
6274649,55000.0,49372.799775367246
6275809,77500.0,69778.82964723774
6275927,16000.0,15474.716293567182
6276097,18500.0,15029.191198567656
6276119,110000.0,84180.65001887026
6278648,126000.0,80906.38479715196
6278389,77500.0,77690.47302673137
6277869,100000.0,82512.1613899844
6277802,77500.0,79211.44257619887
6277304,35500.0,36933.32033363817
6277303,36000.0,31658.023198551768
6276989,39000.0,31112.511856781482
6276983,46000.0,39945.09781995218
6276911,117500.0,115545.52840387714
6283652,30000.0,27746.005601908262
6276814,17500.0,19115.585655275903
6276642,39500.0,33794.35559169508
6276636,39000.0,33794.35559169508
6276620,34000.0,30391.82011518872
6276618,34000.0,30391.82011518872
6276341,35000.0,31894.178033250082
6276321,107500.0,104228.64838590758
6276291,9500.0,11370.78029161721
6276152,94000.0,81110.67167767051
6276144,100000.0,92948.02679933084
6276677,42000.0,47710.021940300394
6300360,36000.0,30464.997766760807
6283653,35000.0,27746.005601908262
6283660,40000.0,29215.61836340206
6291973,30000.0,36482.428838358785
6291853,31000.0,20256.22695625776
6290250,10000.0,12933.342986756043
6288273,32000.0,33954.80184383828
6288096,101000.0,58901.33599407206
6287930,12500.0,12012.976199339313
6287825,55000.0,64917.93460595698
6287815,44000.0,43236.089191334155
6287795,62500.0,50105.784132543355
6287794,41000.0,40534.16372345696
6287793,36000.0,40534.16372345696
6287776,36000.0,38025.643594300804
6287740,61500.0,68560.81025271231
6287736,54000.0,63466.9723345165
6287690,35500.0,37371.86712394553
6287368,35500.0,28586.69960153252
6287363,25000.0,29966.03507034256
6287361,25500.0,29689.374843336504
6287337,23500.0,26773.194245163835
6291983,35000.0,47617.04477113905
6287279,15000.0,18863.937372740915
6292676,85000.0,66777.04989973835
6293002,77000.0,69585.54868763464
6300287,34000.0,24800.343306875944
6300226,99000.0,84504.20174672852
6300219,105000.0,82290.32297450987
6300177,33000.0,38583.23696480069
6299894,62000.0,46810.83294604834
6299664,44000.0,68940.54816704542
6299655,57500.0,60469.77381507976
6299641,42000.0,60420.38481734276
6299634,41000.0,60469.77381507976
6299468,40500.0,45916.6917000326
6299467,48500.0,46707.92811457813
6299463,55000.0,39660.538421493155
6299433,14500.0,14319.324411742773
6299405,37000.0,37873.78092717359
6299250,24000.0,24396.73506088627
6298357,25000.0,20990.454464702347
6298349,24000.0,20543.406344613803
6294869,45000.0,35498.54496224855
6294511,65000.0,38291.06719283394
6292998,80000.0,46775.483080757374
6287265,16000.0,11720.091244726462
6286850,26500.0,31418.565274208493
6286846,36000.0,35421.52887328256
6285351,29000.0,25431.53314920176
6285182,67500.0,56335.26650963631
6285097,99500.0,85963.30012776486
6285070,77000.0,55895.23393998396
6285051,58000.0,50743.11495302138
6284962,56000.0,53763.835373089416
6284732,48500.0,41074.47694915033
6284529,11500.0,11542.89052493504
6284360,47000.0,44890.36917504119
6284248,19500.0,35752.85044045956
6284233,60000.0,57767.719572879025
6284145,47000.0,52377.6923270868
6284086,92500.0,84805.49527702935
6284070,31000.0,23766.824873394664
6283942,42000.0,39763.91578748551
6283873,38000.0,39763.91578748551
6283798,39000.0,30032.387084717608
6283689,46000.0,44073.7676022152
6283670,50000.0,43474.55953043862
6285352,28000.0,25431.53314920176
6285356,28500.0,25431.53314920176
6285357,28000.0,26381.076004471066
6285363,40000.0,28921.647957153356
6286833,35000.0,31693.671504791095
6286768,27000.0,29248.703638607178
6286596,31000.0,26381.076004471066
6286560,31000.0,26381.076004471066
6286462,30000.0,26254.242470185134
6286426,28500.0,26254.242470185134
6286418,31000.0,25178.719969045
6286367,36000.0,29886.5949434604
6286358,29500.0,26254.242470185134
6283657,40000.0,36862.22957823551
6286357,30000.0,26254.242470185134
6286354,29000.0,26254.242470185134
6286272,30000.0,26155.394952080198
6286180,28500.0,24054.213097515563
6286157,27000.0,23280.743627006646
6286000,18000.0,14979.577113088893
6285947,13500.0,13916.79117045195
6285614,33000.0,31036.09878880123
6285591,27500.0,28962.8987285708
6285536,17000.0,19448.917314779497
6286356,29500.0,26254.242470185134
6287457,11500.0,21614.78668618638
6333349,13000.0,10368.358062742514
1223814,8000.0,8868.606221484803
6311586,12000.0,11380.740936707256
1223816,34000.0,34549.01881479375
1223780,70000.0,45065.60942352425
6288469,14000.0,12946.38189661733
6315027,15500.0,11476.138046047161
6311033,12000.0,10546.198877373121
6259004,11000.0,14908.03428943604
6259889,20000.0,21924.20872189238
6279226,17100.0,14604.727417312863
6288543,20000.0,21352.272019183863
6262166,37000.0,30843.703853501363
6314800,14200.0,15721.90355843945
6285457,13500.0,10097.96792968218
6285666,12000.0,8872.365587025048
6294529,20000.0,13950.262746694407
6291905,19000.0,17632.554309207826
6291729,15250.0,19395.539531208226
6288566,17500.0,20492.95650776589
1223893,49000.0,43491.34624877129
1223895,42000.0,34517.810211617296
1223894,38000.0,32499.649800961673
1223896,58000.0,42006.37933361664
1223909,13500.0,10995.822078282668
1496612,13000.0,11996.877475303769
1223903,28000.0,28832.157055776952
1223892,23500.0,24416.705935359074
1223911,10500.0,11051.78756290165
1223913,14500.0,12968.788553539607
1448710,73500.0,67093.13085492315
1223941,18000.0,22019.19888136267
1560232,36000.0,31560.86472911662
1545673,31000.0,28473.44731409297
1223897,32000.0,28146.006992880306
1223884,18000.0,13153.775588276067
1560566,39000.0,32658.725895941643
1223872,21000.0,18521.758759054646
1560606,40000.0,33909.03304882256
1560610,34000.0,30206.748314623554
1560612,34000.0,30206.748314623554
1560613,35000.0,30206.748314623554
1560684,39000.0,33921.49090142717
1560690,39500.0,33921.49090142717
1223769,97500.0,63368.83042276748
1223873,18000.0,15198.062203166008
1223770,10500.0,9813.558526945826
1223779,13000.0,10590.671121812991
1223788,15500.0,14159.265331880251
1223789,19500.0,17341.285062779803
1223790,19500.0,17824.40475422748
1223791,15000.0,12119.865943091418
1223919,6000.0,7276.673804343615
1223813,9000.0,10076.378140118632
1223824,23000.0,22787.59563751109
1223834,50000.0,37877.22945185712
1223808,45000.0,39173.598420818395
1223869,12000.0,14262.771486721125
1560611,30000.0,30167.519725665938
6288158,14750.0,11222.093942737783
6286607,30500.0,27957.56069773874
6286036,15000.0,18753.79253764942
6279121,91000.0,83099.7078880155
6285570,5500.0,7037.177437646189
6285555,5500.0,7014.461112624656
6279142,94000.0,87096.60875184175
6285311,25000.0,22180.483498039946
6286788,37000.0,29639.247901258776
6285041,47000.0,38560.570059291065
6285037,61000.0,48081.417642680055
6284388,15250.0,11437.499231286969
6275654,85000.0,97603.7151370989
6284062,33000.0,22287.332929183798
6285454,8750.0,10051.98538069325
6286818,23000.0,30323.89054752288
6287037,8000.0,9155.528728947165
6287144,39000.0,34987.351965447335
6288371,46000.0,38219.74433487061
6287855,15000.0,12513.736009134644
6287852,11750.0,12831.292503982475
6279117,92000.0,79627.27875520324
6287849,9750.0,12825.75450396664
6287844,9750.0,12775.498728934062
6287790,42000.0,35611.99681188847
6287787,40000.0,48028.71501768944
6287609,27000.0,23935.761613100854
6287565,10250.0,23794.383744899686
6287354,27500.0,23433.489495354654
6287309,22500.0,21886.806629769977
6287272,11750.0,11299.839358734198
6287267,9250.0,11043.698962071678
6284058,32000.0,23789.376235601434
6288346,20500.0,16669.133335847127
6287225,10000.0,9983.533570027026
6283957,44000.0,35374.913583823545
6283921,26000.0,24460.406798087926
6281268,30000.0,22461.11242861651
6281250,18000.0,15043.150870237328
6279293,16750.0,15200.194294603587
6281234,27000.0,30808.256662731343
6280841,38500.0,43362.34654183463
6279567,35000.0,34582.551833669175
6280662,70000.0,59161.383279872876
6277150,38500.0,30803.0757937125
6279972,31000.0,30926.228739451944
6278243,17000.0,17312.520423747737
6279890,18500.0,14707.468736669645
6279073,84000.0,77329.58214339562
6279075,86000.0,76696.61773751696
6279726,9600.0,11348.3860981448
6279101,90000.0,80649.69747208171
6279102,90000.0,80800.4499502866
6279615,39000.0,26361.6859864196
6282203,9500.0,14960.43030369027
6283943,44000.0,42194.06836657538
6282274,9250.0,14302.88333918603
6282369,46000.0,43284.851144381995
6283855,59000.0,67641.7881583665
6283822,80000.0,56064.443473577216
6279188,98500.0,90807.18174035114
6283658,53000.0,33418.75973782117
6283358,20000.0,23987.80636166436
6279103,90000.0,80774.36953980167
6283343,7500.0,8427.378862599562
6283334,12000.0,12628.920171159913
6279246,71000.0,44175.88428055023
6283310,39000.0,35821.830754892966
6282895,40000.0,41106.92032057458
6282884,36000.0,46134.381081808446
6282871,35000.0,40230.975602485196
6282824,19000.0,25346.911001419765
6276149,95000.0,85624.10803975291
6282589,8250.0,9779.65012179105
6282581,8000.0,8534.250445012145
6282276,24000.0,15693.148593370552
6283357,8750.0,11162.449967647675
6302838,64000.0,62580.521715212926
6290230,9500.0,9056.17722609782
6310957,17000.0,11538.884814660634
6310910,13000.0,12723.703994891863
6310888,13000.0,12723.703994891863
6310708,11250.0,10278.107762303967
6310586,8750.0,8767.299586417092
6310569,9500.0,9630.091214211447
6310434,11000.0,8825.540793240054
6310427,7000.0,8769.472921138919
6310422,6750.0,7182.440127588632
6310384,7250.0,6891.853759323921
6310376,11000.0,8793.910162410977
6310375,7000.0,9485.017785006654
6310259,6250.0,6531.325168932326
6310237,5000.0,6318.273600525703
6310236,5000.0,6570.151578858406
6309873,15500.0,11809.641051124878
6309836,11000.0,9937.445696954066
6310958,14500.0,11649.625445950876
6310961,19000.0,12532.892788387288
6311002,19000.0,13463.140570647976
6311017,12750.0,10702.808310673498
6312017,15000.0,16181.694105225743
6311972,16500.0,14548.995305224946
6311950,16500.0,14548.995305224946
6311885,17500.0,13039.665817309511
6311883,17500.0,12718.311279123142
6311810,14000.0,12530.191077158433
6311629,13250.0,11284.474574975486
6311628,14500.0,11732.9540908084
6309309,68000.0,41133.68539924988
6311580,14000.0,12085.932401607422
6311562,24000.0,19033.120671713707
6311561,14000.0,11731.421362517995
6311316,11500.0,12723.703994891863
6311257,13500.0,13126.557464960373
6311246,13000.0,14804.90240167447
6311243,13000.0,13975.682710856505
6311080,18500.0,14571.082284346172
6311068,17000.0,14267.91787601589
6311573,14500.0,11689.734613409993
6289955,19500.0,10071.896455286973
6309308,68000.0,41133.68539924988
6307849,26500.0,20878.540663822914
6275520,67500.0,46892.98193633131
6302776,20500.0,14704.448750101043
6301411,17000.0,18182.35195758827
6300704,17000.0,22242.073581320154
6300607,58000.0,52815.17837503357
6300276,25000.0,34896.20323433944
6299303,70000.0,60737.14456727342
6299241,72500.0,36448.84345033165
6299132,11000.0,14508.922075568662
6298559,42000.0,20554.434743673508
6298556,33000.0,34021.160952155726
6298294,17500.0,17740.966674086376
6294990,7500.0,8254.887686641063
6294694,46000.0,47320.298908940524
6293504,10500.0,12751.988107722053
6292267,54000.0,53390.79807864699
6291682,30000.0,34694.45017312935
6302896,17000.0,10397.660229679446
6303182,45000.0,33481.63018815843
6303256,9000.0,10737.467712651931
6303631,45000.0,59078.98609343046
6307753,25000.0,17237.375729119012
6306612,83000.0,74178.91085131382
6305876,31500.0,25853.426741493597
6304757,29000.0,25904.250060492293
6304712,36000.0,28651.221694407403
6304583,77000.0,45891.02203775326
6304470,30000.0,24707.646485809346
6304460,41000.0,28489.802640523143
6307926,59000.0,17451.711965997685
6304362,17500.0,21826.003327095106
6304129,60000.0,56402.916624017
6304116,28000.0,30628.14430080977
6304115,33000.0,29642.713486192122
6304112,26500.0,25289.409485774242
6304075,22000.0,27807.327762479486
6304073,92000.0,67780.48277666322
6304034,18000.0,26041.754281700305
6303772,31000.0,30511.528812468117
6304134,49000.0,65715.42158957799
6275516,63000.0,40218.74320197672
6272979,95000.0,82605.262420654
6274787,14750.0,14500.689489007067
6263822,19500.0,14874.366838912616
6263614,18500.0,18814.31860026692
6263550,57000.0,46829.1026916467
6263541,70000.0,51520.20947694431
6263482,86000.0,60276.5585864985
6263460,48000.0,50688.45558285997
6263454,67000.0,44093.39807025945
6263392,55000.0,53018.7476204835
6263972,19000.0,16432.929094009844
6263344,19500.0,19281.701432567268
6263074,68500.0,71414.59176474586
6263059,73000.0,65599.27322101659
6263035,49000.0,61272.12983128915
6262904,11000.0,67370.3006626811
6262894,28000.0,27813.16367257901
6262890,29000.0,28681.783325484426
6262871,18000.0,10439.97702688509
6262822,30000.0,29586.096419630638
6263343,24500.0,18942.753369999245
6262700,34000.0,25486.591678151814
6264067,53000.0,43672.89858549099
6264292,85000.0,87676.81994025178
6265751,52000.0,41392.05196614028
6265525,81000.0,78782.1901023409
6265372,16250.0,13912.213140164658
6264995,53500.0,43461.26129059651
6264944,15000.0,14920.796773154876
6264782,32500.0,21183.759187734817
6264653,109000.0,95228.56180194809
6264640,103000.0,90188.2463057269
6264271,59000.0,47871.56680805715
6264637,80000.0,88843.47149998501
6264605,85000.0,85532.62153797054
6264603,90000.0,85621.40896222228
6264601,75000.0,87596.05192983792
6264577,33500.0,32127.443731951036
6264573,34500.0,28752.170198662407
6264484,70000.0,47886.18501525715
6264380,64500.0,59810.54136124051
6264351,8500.0,10191.050695290663
6264619,101000.0,86768.60552325791
6262662,35000.0,36579.3858854782
6262622,17000.0,24945.84157735923
6262515,80000.0,75525.3408766293
6258712,18500.0,19274.92956289866
6258597,29500.0,28163.44162242614
6258543,28000.0,19755.0750749613
6258079,13750.0,20111.316846880098
6258039,39000.0,26101.13447391385
6257904,24000.0,18029.779865558543
6257797,14500.0,12930.32199746763
6257580,7800.0,6814.621878943432
6258736,26750.0,26730.16234428114
6257326,44000.0,64700.988778996056
6256705,8500.0,12691.854047178882
6256540,7800.0,6239.349479256964
6256345,15250.0,11916.427170843563
6254624,17500.0,12359.86197487046
6254612,15000.0,10025.663525239255
6254611,16500.0,11652.051233377302
6254562,11250.0,13305.179732895353
6254543,15250.0,10967.755764513282
6256968,23000.0,18534.189610029945
6258785,31000.0,28800.381435513762
6259040,34000.0,32602.28394706307
6259645,15000.0,16572.986591099954
6262502,75000.0,72178.89773522152
6262384,104000.0,97689.140671641
6262363,100000.0,94540.41994329238
6262250,35000.0,21387.555147347342
6262000,72000.0,58590.615468143034
6261991,49000.0,50773.51526515052
6261983,63000.0,55318.09900852318
6261834,63000.0,44001.21998848238
6261767,20000.0,32205.931264870465
6261086,60000.0,40427.02298352276
6260956,25500.0,24668.16414463736
6260948,33500.0,22347.216286306964
6260802,43000.0,41050.29721630785
6260791,42000.0,36517.06442911026
6259950,15500.0,16094.678745946467
6259651,19500.0,16701.34120591182
6259648,17250.0,16701.34120591182
6259647,15000.0,16701.34120591182
6259646,15000.0,16701.34120591182
6265769,56000.0,44064.47257037178
6265819,14500.0,14057.333991385156
6266015,46000.0,37353.3863553574
6266199,31000.0,42858.34954054102
6271497,121000.0,104265.8869335372
6271440,84000.0,71901.59302281644
6271435,90000.0,75502.83790072249
6271416,65500.0,71740.21089027319
6271336,34000.0,36120.28117460055
6271258,26000.0,17799.762444436088
6271254,54000.0,31587.309717510598
6271241,22000.0,15859.229567527342
6272557,116000.0,113516.69248394329
6271140,84000.0,43678.31064923353
6270749,66000.0,73468.69029623378
6270528,27500.0,20616.867068127314
6270375,49000.0,46653.21438317971
6270199,13500.0,12486.983939373686
6269999,16000.0,14293.377165648537
6269801,37000.0,42894.35308995093
6269773,34500.0,35189.15515962029
6269687,35000.0,24433.33692489112
6270850,86000.0,73627.24407889112
6272562,127500.0,117934.09747091086
6272572,122500.0,117145.76009954706
6272590,80000.0,74682.8725771738
6274726,115000.0,136639.1026686803
6274634,30000.0,37046.323722611174
6274587,136000.0,104836.9934706192
6274586,140000.0,107946.62019440456
6274584,123000.0,85228.82229001343
6274583,139000.0,107752.01399963278
6274401,20500.0,19307.731251436686
6274244,31000.0,28443.80075117862
6274236,29000.0,28668.53719269652
6274184,93000.0,49719.62347123682
6274045,32000.0,29529.45226702269
6274033,37000.0,33243.90552834707
6273910,34000.0,26987.302369871642
6273872,38500.0,24784.150531657804
6273854,93000.0,78239.48693287115
6273829,82000.0,71759.16664204336
6273172,76000.0,82993.48703609315
6272981,99500.0,88838.52854161742
6312357,6500.0,6991.907471301716
6269658,35000.0,43401.34526515806
6275235,75000.0,71669.47717690768
6269397,8750.0,13324.895189840732
6269307,48000.0,50029.69684736883
6267780,55500.0,54965.457470441776
6267576,89000.0,98334.63089854327
6267309,16000.0,13710.789264150826
6267181,15500.0,15005.964365138936
6266956,60000.0,55423.60322630958
6266953,62000.0,52614.11104724841
6266847,46000.0,47638.958711444575
6266837,36000.0,46967.828158049335
6267793,60000.0,51351.2561481692
6266584,36000.0,39612.4933552395
6266315,17750.0,17131.734595239963
6266271,68000.0,51124.94006609936
6266269,65000.0,52608.68192985866
6266261,76500.0,50910.17184234809
6266250,62000.0,56796.622809346874
6266242,57000.0,61338.05288302753
6266216,55000.0,45396.1492540767
6266201,43000.0,45956.9770123578
6266398,41000.0,34329.789599034404
6267799,47000.0,52266.186143735904
6267820,50000.0,62548.97348249958
6267827,66000.0,56694.36201882939
6269305,43000.0,47205.85164980959
6269291,46000.0,38658.14078346419
6269282,30000.0,32692.450272803882
6268921,27000.0,20107.588571298664
6268867,10500.0,11288.537723502584
6268294,8800.0,11013.148744619097
6268127,39000.0,38380.666062156466
6268117,38000.0,33767.6217594492
6268108,75000.0,31780.284621877767
6268107,74000.0,38611.97963720008
6268091,37500.0,37647.06748774157
6268059,11000.0,12747.105649572111
6268019,24000.0,27594.111164229416
6267993,37000.0,30576.695286547973
6267991,34500.0,32381.132353946552
6267963,35500.0,37794.74774864026
6267946,21000.0,16051.171987175625
6267940,21000.0,20328.59049504782
6267839,59000.0,62908.97222645165
6269388,17000.0,14525.998812036
6312370,6500.0,6972.7994505392635
6282936,80000.0,51375.19099920188
6314901,36000.0,24137.36962309919
6318703,12250.0,11756.276514967214
6318726,13250.0,11992.153708197551
6318849,14000.0,10181.036750631873
6333229,10500.0,10508.839546585808
6324745,9250.0,8215.057452170979
6318296,77000.0,64955.73929271754
6313007,25000.0,19214.838105037816
6324801,7250.0,7041.890956511196
6327881,37000.0,28319.718944469092
6315183,8000.0,7513.521695673982
6318732,14500.0,12886.967800362148
6317850,19000.0,17873.541019900877
6324724,19500.0,13586.245701658649
6320375,40000.0,32964.317485826985
6314833,15000.0,18265.120521475263
6315511,14750.0,14555.657772200557
1418358,62000.0,63222.103657774445
6315572,14000.0,14672.670035035444
6315512,14250.0,14672.670035035444
6320230,56000.0,37410.788695249765
6328035,11750.0,11726.453035441555
6331905,17250.0,15078.32879912395
6315517,14000.0,14672.670035035444
6320449,11500.0,10734.734441056662
6318347,77500.0,74007.68327650918
6312510,28500.0,22089.104946492487
6318789,49500.0,51109.10772469359
6315515,14000.0,14672.670035035444
6324332,17500.0,20226.450689813777
6318335,79500.0,70964.09453195291
6318749,15000.0,12255.537118676526
6315513,14000.0,14672.670035035444
6318747,14500.0,12255.537118676526
6328032,11750.0,11951.690179637751
6328022,12500.0,11951.690179637751
6314887,15500.0,19172.847688131624
6318576,24750.0,16704.5877862303
4277364,8500.0,19255.067944185477
4334651,21000.0,20507.696984005208
4246254,18000.0,21267.08163862966
4388564,23000.0,21068.62054936459
4371342,8500.0,8137.431766336753
4357715,42500.0,70331.52561190209
4270951,16500.0,21941.49203252818
4293779,26000.0,19583.898282012302
4314605,33000.0,31242.399085619494
4371380,8500.0,8014.515868472278
4322162,14000.0,14890.161372672042
4314711,35000.0,34065.04799448869
4277267,38000.0,21473.786361653234
4335123,37500.0,33675.905872095216
4356974,18000.0,16940.271836718162
4263156,32500.0,47695.68381150268
4390019,97500.0,64373.18422466759
4315184,70000.0,59017.54271758471
4296536,57500.0,55590.34275579649
4268498,26000.0,31105.042468575495
4322265,18500.0,18595.430459898296
4274528,42000.0,45476.68569432306
4252214,27000.0,26628.83941047873
4249594,15000.0,13777.379035143316
4326542,10500.0,13720.272693446304
4273034,50000.0,47620.34029732326
4252422,26000.0,29577.67150161815
4325605,37000.0,36902.924135425725
4265444,50000.0,51394.81981965128
4265592,19000.0,18554.41193397462
4302507,92500.0,79861.37481860422
4304832,27000.0,42344.313458524564
4362519,17000.0,20580.457301511076
4326334,14000.0,13244.972921337114
4312654,56000.0,71994.00266972595
4274191,19000.0,17430.656608999652
4323062,31000.0,33263.99413257158
4329902,26000.0,25344.163086888693
4370385,5500.0,6647.610544317238
4392841,55000.0,45833.773598755
4358659,30000.0,28428.150899300297
4267205,16500.0,21639.964442461045
4325110,72500.0,63382.262186116146
4335521,100000.0,83379.68012749754
4370153,6000.0,5589.717954728796
4323731,18000.0,17815.830167269312
4359895,15500.0,24883.05375852546
4266849,54000.0,48547.38043426379
4322735,14000.0,14660.61536448844
4264401,10000.0,9313.704478382537
4322753,12000.0,15071.039099331747
4299066,32000.0,37036.30370246312
4272855,47000.0,42657.34950633218
4360544,18000.0,17398.18544995244
4314489,37500.0,33013.867491326215
4363497,47000.0,50016.369970886146
4312221,85000.0,72170.83322183717
4309129,11000.0,9134.636184142018
4269740,11500.0,11279.167474085385
4287245,67500.0,96003.48809383258
4287081,70000.0,69329.39953257388
4250177,8000.0,10620.647335268728
4250727,9500.0,12111.385487850068
4250394,22500.0,22373.652594857092
4310581,15000.0,19256.21207151442
4251562,23000.0,26011.277792129997
4349624,17000.0,15059.346555069256
4320893,26000.0,27986.038892780434
4376542,10500.0,10819.15458732284
4395142,51000.0,63155.023888206
4353160,52500.0,48860.92723151537
4311855,67500.0,73400.35288599822
4352702,55000.0,49150.928493173014
4286047,16000.0,22736.478363613147
4247000,16000.0,10167.527774938697
4259644,87500.0,41606.52869952697
4250284,22000.0,20493.25223992253
4246566,44000.0,43509.80784885333
4369376,15000.0,11715.772928516493
4252983,17000.0,11930.143397816584
4284876,41000.0,55142.11473437254
4324207,39000.0,39864.83863636555
4320380,29000.0,26512.374472135634
4311777,57500.0,57822.02318712018
4250545,17000.0,21004.26153903692
4311969,15500.0,22465.1945205238
4287677,50000.0,54315.2183180821
4373831,13000.0,12822.8153341708
4388538,20000.0,19268.06779436793
4246003,9500.0,10785.277533213117
4335899,62500.0,62557.376182501226
4395653,85000.0,63805.13364120305
4258159,9000.0,11555.787259690173
4352103,31000.0,25773.666867113014
4316354,15000.0,18273.66139277529
4395340,32500.0,35428.88001812219
4324940,12000.0,28429.67715106419
4247617,9000.0,8151.600913019953
4394396,70000.0,77578.44727407719
4408481,14000.0,11905.248923179046
4388293,23000.0,20204.75471368373
4280179,13000.0,24112.42152626725
4261261,24000.0,34525.05272982815
4311591,26000.0,32341.769129602082
4288354,52500.0,85052.56589879944
4256759,24000.0,20786.376853130583
4248790,25000.0,32490.49607823502
4280818,52500.0,30614.523460164193
4369700,15000.0,15603.141202526303
4371971,7500.0,7481.882513570688
4289083,70000.0,61389.69154150214
4261202,20500.0,25293.82753222488
4369762,13000.0,12160.149560091995
4285486,32500.0,32402.756587734428
6279658,27000.0,37801.58150896478
6257497,7000.0,7989.974224345459
6303532,42500.0,73772.54803853731
6265276,26000.0,24986.80999807374
6279682,51100.0,47715.40331554466
6266867,47000.0,42556.404821215794
6256851,9500.0,11793.815182459375
6282975,11000.0,8974.265554418334
6282092,44000.0,49331.07231489575
4309130,11000.0,9084.05896731558
6282089,50000.0,51129.3234184081
6265993,31000.0,28182.68595964462
4324941,12000.0,28361.07955078097
6266106,16500.0,19920.576369356306
6304326,24000.0,28587.246429669925
6282093,44000.0,45245.39705889135
6282094,55000.0,56332.97057558744
6304180,30000.0,25848.15310003577
6257256,16000.0,10086.225563714128
6282233,37600.0,16420.56671369422
6304125,35000.0,49023.69618171437
6282091,50000.0,49331.07231489575
6282670,8600.0,9770.04567585784
4310592,15000.0,19339.68757521207
6265714,11500.0,10400.711500656815
6304576,18500.0,23101.35297180128
6304578,18500.0,19238.95382999177
6319673,55000.0,42401.21484765248
6256983,18000.0,20708.270911835207
6257089,44000.0,42948.93376482226
6304555,15500.0,24360.305976202246
6283641,26000.0,25714.078908617812
6272126,50000.0,49768.61834324119
6264833,16500.0,19920.576369356306
6289519,15100.0,17508.08070264966
6262641,20500.0,27730.682390506547
6289803,26000.0,22780.70645798875
6317889,23000.0,20114.169652195287
6262659,24000.0,33079.543315813025
6317887,23000.0,20114.169652195287
6317886,23000.0,20114.169652195287
6288530,10500.0,13699.055365376405
4247616,9000.0,8155.397615462425
6317884,22500.0,20114.169652195287
6259354,17000.0,11812.4562916312
6286156,27000.0,23648.433311809673
6286155,29000.0,23648.433311809673
6292169,21000.0,18180.384735112388
6292660,37500.0,29790.860361538824
6292832,52500.0,52123.049131361775
6291854,23000.0,18802.349340914054
6288461,14000.0,14287.488175452036
6262172,87500.0,41626.13912334145
6262171,87500.0,37247.72100906649
6287318,15000.0,27421.249279926444
6287249,12000.0,15855.67007979108
6287243,14000.0,15211.858023413557
4352102,31000.0,26101.436805096786
6287541,18000.0,17573.769914962802
6260977,24000.0,19204.99280634323
6287086,18500.0,16656.244723708925
6287055,14000.0,13461.904547300303
6318320,97500.0,56659.31181664469
6287692,39000.0,36300.03616582272
4284879,41000.0,55727.33828678131
6286631,26000.0,25833.19035525935
6318094,9500.0,10158.109133307677
6318093,10000.0,10200.81727044164
6288012,72500.0,66094.34861609216
6288145,37000.0,36788.11037696186
6262169,87500.0,38482.603040577116
6292839,100000.0,70455.22709635457
6283642,23000.0,25651.625888561117
6292982,62500.0,66208.11157725431
6317877,20000.0,19451.900676694964
6284371,15000.0,14351.320521464175
6284370,15000.0,14351.320521464175
6258447,22500.0,21065.953116212186
6258415,22000.0,20270.762555068835
6284000,56000.0,65535.69703377767
6300882,39300.0,32925.83682420735
6258172,15000.0,13430.723974047192
6258481,12000.0,13554.792521552445
6283847,85000.0,71279.66935952465
4326541,10500.0,13791.335787494265
6264712,54000.0,53433.11701463697
6283774,15500.0,18240.938205224073
6283737,67500.0,60482.26682757952
6257909,25000.0,30075.773994689607
6283712,57500.0,48155.4581985632
6302975,18000.0,15224.654731546223
6301997,17600.0,14694.572967668037
6258491,17000.0,17979.379325682028
6258497,11500.0,22673.159410937657
6327665,14000.0,11119.512474828929
6296900,31000.0,25693.83617290088
1425987,24000.0,19818.38810958511
6298292,17000.0,17648.397930999752
6259093,26000.0,27888.495135568995
6259061,26000.0,27888.495135568995
6258979,27000.0,25808.508429001955
6266935,50000.0,45157.82322951084
6284834,70000.0,56017.63951208724
6284795,55000.0,48987.9150622711
6284692,35000.0,36099.21259660999
6284670,33000.0,31288.18498896635
6284606,37500.0,30099.80448412717
6258734,23000.0,24496.839238073564
6299335,55000.0,49593.21976817143
6264225,50000.0,40893.28917516789
6264268,19000.0,18955.35942256988
6299637,52500.0,46190.707839977
6263426,32500.0,38644.59114075621
6263843,10000.0,9840.228323641291
6261564,9000.0,10959.204662582137
6320394,51000.0,55527.21689992197
6269593,13000.0,19003.734223986485
1456353,40000.0,32019.035156176134
6268383,38000.0,20441.556878961048
6278651,92500.0,77087.93512429958
4250742,9500.0,12268.753952514497
6310026,12000.0,11766.48718918608
6310001,15000.0,13360.838025154711
6309999,14000.0,12462.645130623785
6267370,42000.0,47272.8246916424
6267254,19000.0,18168.941725371726
6269799,52500.0,32650.866453286868
6309859,15000.0,11435.746242314859
6274397,26000.0,17956.781973171357
4250183,8000.0,10724.452537296262
4320869,26000.0,28005.202920731033
6267063,34000.0,29452.548948116502
6320200,70000.0,77899.18104732432
6269583,41000.0,41590.49143053689
4369779,13000.0,12153.250330260045
6310192,6000.0,5772.170023475613
6311285,13000.0,12543.899599942406
6310804,7500.0,7197.933779183762
6320648,32500.0,29377.51127287891
6310591,8500.0,8445.047102899933
6310932,8000.0,9525.348408546239
6310576,8500.0,8173.823124117413
4263184,32500.0,47807.03307220523
6311003,9300.0,11528.682177665014
6320778,85000.0,60784.88410442275
4249604,15000.0,13734.97980079182
6276659,32000.0,33148.29598463261
6275492,57500.0,51170.98945231338
6311091,12500.0,13015.131659225834
4323063,31000.0,33408.19009044978
4316360,15000.0,17985.42094987918
4388294,23000.0,19960.275406583045
6310264,5500.0,6992.393946734988
6310252,6100.0,7892.030479125348
6269546,36000.0,37837.509901649646
6306445,47000.0,54374.847020489484
6268420,8500.0,17956.43431281431
6279215,12500.0,13591.63254571888
6272601,70000.0,62954.08882331274
6305266,18000.0,16003.91860465683
6272000,67500.0,78458.53554748712
6306099,17000.0,18834.62610169974
4376543,10500.0,10786.97238241538
6272345,52500.0,80720.03789928462
6271518,16000.0,20648.596371138385
6271937,70000.0,74809.19486594878
6271344,32500.0,33212.0629477967
6271519,16000.0,21035.206702683525
4311854,67500.0,73516.69839311772
1224092,17000.0,17071.586881946045
1223949,20000.0,22941.812614179664
1224046,35500.0,30211.895562677695
1224162,10500.0,10807.323798677846
1224085,22500.0,19970.69841433295
1224041,35500.0,23133.444356109023
1224057,8000.0,10734.978288558552
1224045,23500.0,23678.427135854694
1224132,24500.0,20783.68176928651
1223997,54000.0,43149.16216716853
1224101,10500.0,14705.313916026442
1224024,12000.0,11509.460492242426
1224129,26500.0,24938.60813314555
1224122,28500.0,25483.113925560316
1223948,19000.0,17424.94580070126
1223995,38000.0,34952.54103710942
1224139,13500.0,14614.192049911142
1223943,11500.0,11140.394071829522
1223957,106000.0,94788.12500450193
1224003,25000.0,22618.723498801555
1223980,12000.0,10262.450280561161
1223991,12000.0,13896.73124162219
1223990,7250.0,13482.502551941725
1224131,20000.0,20448.557856227097
1224012,36000.0,32728.848075218957
1223958,29500.0,21410.464660884103
1224152,6000.0,6284.062926863537
1224140,27000.0,25699.31855597753
1224156,15500.0,14487.956141206452
1224037,7200.0,7020.041972574259
1224159,12300.0,9914.443371868485
1224110,5250.0,6584.045233392172
1224004,15000.0,12068.96857690748
1224084,27000.0,25398.84829682732
1224047,124000.0,89091.69232026287
1224044,28000.0,25260.504541796556
1224065,16000.0,13381.078622920073
1224083,23000.0,19925.806011667057
1224166,18500.0,20446.948791891795
1223996,40000.0,34866.65917034595
1224167,50000.0,61890.215428220086
1224072,11000.0,10439.932424976976
1224006,56000.0,37898.260422647356
1224043,23500.0,25129.250797078934
6256312,13000.0,11000.096231545103
4284310,22500.0,23293.756507871843
4334717,13000.0,27578.77986381969
4293308,42000.0,48911.00878630101
4319535,14500.0,11282.075397082002
4293131,35000.0,30569.07641974781
4315882,60000.0,53841.68834545125
4295252,62500.0,51197.11101153236
4314598,25000.0,29051.882988323807
4295301,67500.0,57466.40242260555
4295310,19000.0,12685.571408367428
4295867,107500.0,79676.60531383648
4314566,11000.0,12897.137864527478
4335894,57500.0,68961.02664719148
4292954,27500.0,30821.832680026862
4314558,30000.0,33766.52678927405
4316073,62500.0,32020.26144813748
4316179,65000.0,76441.78033422367
4335928,90000.0,53719.58459928239
4314542,22000.0,21080.042326570125
4296038,85000.0,67462.04414928265
4334446,8500.0,8780.873728436423
4296464,12000.0,11061.065695059144
4292697,65000.0,59394.89676155999
4292478,38000.0,28424.70377932131
4284099,85000.0,72914.11391712182
4321370,26000.0,26812.73174422459
4334898,48000.0,35701.626805907545
4252841,33000.0,35819.25400835032
4295191,80000.0,75560.68667956976
4293453,39000.0,34680.298278320675
4294461,115000.0,83589.47543996085
4319495,13000.0,12391.615245460422
4294285,105000.0,83094.6657465248
4315117,70000.0,48169.21118191279
4294607,137500.0,116204.42335260096
4294225,115000.0,102706.94297891292
4335095,45000.0,36864.11580162327
4319644,14500.0,15272.675315418957
4314830,48000.0,43183.77021342357
4322065,8500.0,9983.130169338641
4335418,57500.0,48730.64453833173
4284233,22000.0,20319.700714498682
4294444,85000.0,65103.672644866536
4335434,72500.0,84175.92996309938
4319507,12500.0,11290.53612547005
4294911,26000.0,23462.686231094653
4319777,17000.0,17729.75761401767
4293923,29000.0,29228.00939011207
4322075,9000.0,9528.896860398541
4294986,27500.0,25875.192932020687
4315600,95000.0,72044.40049923584
4319533,10000.0,10595.706288022897
4295035,47500.0,42604.7021952133
4315627,105000.0,94071.30115391864
4293558,92500.0,78100.41650449748
4315816,70000.0,53221.59177363859
4294877,27000.0,23341.653719512466
4316324,16000.0,15176.249134340542
4285492,28000.0,38144.10863738683
4291983,47500.0,39715.71761731686
4286327,68000.0,69255.05702788093
4318033,9500.0,10257.997776822684
4349742,21000.0,19696.40893364075
4286355,52000.0,45695.111415234205
4349682,24000.0,18712.15157205455
4317579,23000.0,27807.74131109607
4317511,46000.0,45676.77692303343
4349818,28000.0,21564.304086660923
4250266,21000.0,19672.66556743463
4286728,47000.0,46938.855339620306
4317317,19000.0,15888.922682713486
4349204,11000.0,10850.420079698908
4317279,13000.0,15375.729299132772
4318618,8500.0,12952.887795788418
4247367,16000.0,13353.089529696977
4287667,85000.0,72190.60039090927
4321031,38000.0,30334.018852734174
4349154,11500.0,10628.32599190843
4320866,36000.0,29412.425285920388
4285944,137500.0,109908.72381725755
4350047,13000.0,19187.269089222194
4320388,30000.0,27033.62524857296
4349964,18000.0,15378.784884791978
4285530,85000.0,72425.02924285413
4250416,21000.0,22066.154200796762
4285382,90000.0,72198.95440802252
4285578,44000.0,45261.85415182351
4349877,29000.0,23571.605641246693
4320280,30000.0,25635.162137314284
4318369,13000.0,12478.94602907509
4318336,12000.0,11877.536959930165
4318517,14500.0,11685.498594305955
4285597,67500.0,57346.46112067585
4285813,70000.0,77886.99941985923
4318252,13000.0,12628.088799775842
4349908,27000.0,32076.652018386336
4320615,30000.0,27351.266037756202
4347959,13000.0,15685.734340192488
4247499,10500.0,8666.948363085206
4288040,100000.0,79116.44884659344
4284442,90000.0,90419.84851989172
4338112,25000.0,23658.514591186693
4316609,22000.0,22007.6936447902
4316554,19000.0,21313.041668420276
4289136,15000.0,11324.472702185914
4289209,105000.0,89907.59720651338
4316441,17000.0,19021.940373340953
4321230,18500.0,18772.167452532067
4290003,92000.0,78614.15565244557
4336974,11000.0,12027.736456378412
4290641,105000.0,94784.54154758538
4352096,30000.0,27413.74301628806
4336193,55000.0,49221.03666670624
4316408,10000.0,16422.30458581266
4291389,15000.0,18409.200417833592
4319338,19500.0,16275.82149684006
4290513,105000.0,89754.01360790327
4289057,80000.0,66284.99403498686
4338264,47500.0,47601.615761919034
4338583,70000.0,50411.83350126967
4346662,22000.0,24367.878621501044
4319614,11500.0,15165.083587187895
4338722,18000.0,14772.852580684057
4351978,47000.0,37096.586679055414
4288214,67500.0,63785.19523754392
4284696,22500.0,22821.29698867129
4338629,65000.0,64200.8390369179
4320181,27000.0,24722.30207300633
4351999,52500.0,41406.92618353752
4338598,47500.0,42513.96557845388
4288373,107500.0,89989.4981607931
4288489,85000.0,72956.59128532122
4320040,22000.0,19779.010897086657
4288796,115000.0,84582.60226852856
4321105,36000.0,26505.50532482669
4352010,47500.0,33567.57671233314
4316842,10000.0,9053.782242575931
4336098,45000.0,44249.40536081265
4316471,17000.0,19984.166798704446
4311518,21000.0,21062.179414656388
4314480,30000.0,34097.274529536444
4248492,8500.0,9910.41644245484
4307731,18000.0,18181.919425733977
4246635,29000.0,59347.76766708115
4325099,110000.0,77206.86896865666
4307815,25000.0,20218.872361313264
4325071,82500.0,56253.80910050118
4312307,16000.0,23039.160550976656
4308267,70000.0,45746.49131289491
4312306,14000.0,21031.15727137165
4325055,67500.0,57233.216748952414
4312288,9000.0,16033.152029735098
4251079,35000.0,29927.028959958916
4312254,97500.0,88572.60323845354
4312245,87500.0,68493.00999123955
4312240,100000.0,78449.91107516669
4312214,62500.0,72674.89749095419
4309186,17000.0,17282.994965198133
4248685,23000.0,30341.526304718904
4309327,11000.0,11889.27178171613
4312322,15000.0,22161.751316074573
4312184,62000.0,64596.75085357522
4307362,85000.0,79802.99304336992
4307211,67000.0,61674.823687432545
4312485,37000.0,41617.069103834496
4305022,37500.0,42423.095429006826
4305125,92000.0,74968.47940339312
4312430,17500.0,28718.328098292786
4325483,70000.0,54766.13814968458
4312411,25000.0,29863.169334186925
4325422,55000.0,66423.26559951234
4374520,13000.0,10133.879242037932
4323721,13000.0,16976.53671055165
4325332,45000.0,40696.16136322782
4251762,26000.0,30195.64472579998
4312377,29000.0,37023.16084128384
4325253,27000.0,28675.574627632104
4251678,28000.0,26895.628861359637
4325220,19000.0,11821.864419484558
4306780,92500.0,79029.91224986916
4312333,22500.0,23921.937028825712
4306789,63000.0,64329.590614163026
4307063,45000.0,50625.775235317284
4307358,87000.0,96793.28303099945
4323747,11500.0,14834.65476437041
4324846,31000.0,35532.82777441223
4309556,81000.0,66380.20711700639
4324214,51000.0,40807.09635668235
4311816,72000.0,65627.0252218228
4323800,12000.0,21620.78469426526
4310637,26000.0,26411.191617950455
4324162,43000.0,38976.83006088317
4310698,25000.0,27701.35909790526
4310878,75000.0,58106.981601421874
4310984,12000.0,17196.070459747618
4311762,75000.0,61567.403832549244
4311652,32500.0,38111.497070774676
4311318,43000.0,46876.00907374228
4323933,21000.0,27250.795647100447
4311599,32500.0,36453.927762676656
4249143,49000.0,40968.06443216997
4323824,22500.0,24591.04511821212
4311450,20000.0,26705.32844413271
4311476,24000.0,27543.104137593105
4323885,22500.0,25740.28119245488
4311499,17000.0,25620.728482216055
4311881,10000.0,14306.121540460088
4310589,19500.0,17155.987057321207
4324242,46000.0,49880.405517902
4311898,33000.0,21711.933960989332
4309669,11000.0,8547.176149009652
4309804,26000.0,21111.362674861895
4312138,81000.0,74742.32341242382
4312075,40000.0,39612.3142168937
4323758,12000.0,17027.43049400139
4311993,22500.0,18084.16264119794
4324663,16500.0,20240.877584815815
4310209,19500.0,27658.43178203868
4324657,16500.0,20341.913544014267
4325845,8000.0,8909.204992276675
4310247,29000.0,34913.805929243106
4310288,67000.0,75223.89246201601
4310293,100000.0,73690.13135718604
4324498,62500.0,58165.0639063324
4324442,50000.0,41661.99020764983
4324377,37500.0,33936.0421763992
4324298,97500.0,76960.43485256439
4323768,19000.0,15418.860980912792
4249056,62500.0,55402.15318473797
4311907,22500.0,25276.206324654773
4324629,15000.0,18266.412270703146
4312545,65000.0,54251.216640403836
4252238,28000.0,26726.58444251351
4304844,47000.0,51187.068278983636
4333657,22000.0,25895.63585111081
4248028,10000.0,10585.809842118733
4314103,13500.0,11807.405427266638
4298441,37000.0,30849.410136338032
4314035,26000.0,32034.557132435988
4333366,17000.0,15539.14141174247
4322712,15000.0,12103.232021301239
4322784,19500.0,14112.623037494895
4322820,15000.0,11128.220612437615
4322863,18000.0,19567.03892088353
4298926,37500.0,34521.636391820015
4299051,42000.0,40138.65002710227
4332821,9000.0,18051.616826114197
4313776,9000.0,11060.19021055503
4332784,11000.0,8973.985467662767
4299089,47500.0,46977.494387211984
4299238,23000.0,18941.89862757717
4299347,21000.0,21013.340475685778
4299504,80000.0,52018.14336336391
4298243,34000.0,37320.18986794822
4333741,36000.0,35044.356983035665
4322448,29000.0,30157.42939095428
4298152,127500.0,98049.05432198974
4296560,56000.0,46260.650955145786
4296695,23000.0,20916.52271801989
4247977,9000.0,7586.768514712368
4334297,32500.0,26084.81219756642
4249885,20000.0,20721.88632226236
4314331,13500.0,12763.445883557628
4322372,34000.0,26361.51777709947
4296827,100000.0,86654.53983903043
4334217,50000.0,46823.870203256076
4322915,19000.0,19056.072550515513
4296947,75000.0,73945.90462894623
4333979,24000.0,23963.858339140363
4314250,39000.0,35273.44519633965
4322422,27000.0,29901.69472351882
4333943,27000.0,24370.068244497197
4333864,16000.0,28251.14256950672
4333831,16000.0,24867.89352725412
4297643,27000.0,21923.82426855604
4323847,19000.0,21596.73503504423
4314157,8500.0,10072.772429342787
4296949,59000.0,52178.28401769047
4252522,31000.0,31476.375783912586
4299700,100000.0,81386.96994195288
4330224,8000.0,8717.025963636035
4326358,14500.0,17217.151122102277
4312883,17500.0,27503.8999834388
4302528,20000.0,19072.79438634551
4326337,21000.0,21367.617042918435
4312846,57500.0,52594.80044521287
4312829,28000.0,29069.008233178403
4303169,23000.0,21341.499510191425
4312821,23000.0,27765.43336078448
4326188,11000.0,13881.024802703945
4312788,25000.0,22678.45884535633
4303763,77500.0,59990.75758725378
4323448,18000.0,14019.420044434153
4303938,20000.0,16138.81236681379
4326001,21000.0,20370.664693270362
4304011,72500.0,66561.48509134262
4304063,66000.0,45608.727916000724
4323456,16000.0,16113.826796367013
4304192,77500.0,66642.1327011135
4312603,77500.0,71417.75640553603
4249436,10500.0,12840.814505457047
4326366,11000.0,12664.192051427688
4313088,49000.0,46801.38436437268
4301818,67000.0,62570.65797485079
4323003,17000.0,24131.8892194517
4252460,27000.0,29921.662328694973
4300129,41000.0,35622.70312756668
4300155,85000.0,68348.23422959055
4300226,53000.0,48520.9999218329
4300498,95000.0,67924.17998158783
4300540,25000.0,23890.495489000165
4329839,35000.0,27720.681699403314
4300737,43000.0,37931.118494414804
4248149,16000.0,10631.721779399226
4301139,57500.0,35053.680377741664
4248267,14000.0,10006.086089893688
4323016,25000.0,21313.126646748806
4326550,13500.0,13635.516705206952
4313485,62500.0,59881.833991416745
4313442,32000.0,32464.04841937321
4313416,32000.0,30221.897861744514
4323170,35000.0,34302.22580663444
4326535,12000.0,14385.512590163673
4323302,15000.0,12932.206751249742
4326668,9000.0,13243.46218969661
4297685,20000.0,20096.9105813665
4374484,18500.0,20278.30685042815
4339028,28000.0,27283.981193128908
4370913,10000.0,9046.43186269397
4393125,67500.0,68444.00148144572
4393110,52500.0,59308.40003289393
4393038,29000.0,29557.052495039254
4273721,40000.0,39260.99684084893
4362405,67500.0,83829.0824935148
4362374,65000.0,76956.75542715285
4256451,16000.0,17556.710988784638
4362248,77500.0,91434.49270013926
4263849,18000.0,20485.19117409202
4392989,77500.0,61192.778132042105
4273523,36000.0,40636.896251634906
4273946,18500.0,17860.67800942165
4263827,18000.0,18800.066816571532
4392965,52500.0,45521.44441558229
4246198,30000.0,37200.748695804345
4361980,85000.0,66245.28006091103
4392870,45000.0,38017.75568778255
4361963,82500.0,65730.94045567916
4361954,81000.0,72700.56968796719
4392857,90000.0,76978.13034502904
4274173,11000.0,12603.832413473303
4371152,8500.0,7175.640883005818
4274313,22000.0,15464.581357427971
4274037,16000.0,11416.671094698022
4392715,80000.0,56555.458211838115
4393178,107500.0,69756.88264073447
4393305,85000.0,80872.48483962216
4272034,42000.0,51625.12731596792
4272071,29000.0,22134.00003799202
4265223,50000.0,42301.43611426071
4265209,19000.0,13757.01241850615
4265191,13000.0,10346.328697474142
4393531,27500.0,27822.56549843763
4254489,15000.0,13407.458541222046
4393494,38000.0,23139.428913089414
4272470,34000.0,27863.98083942504
4393387,82500.0,56389.715280923134
4363311,100000.0,92146.19971601784
4370824,9500.0,8734.209297723519
4393313,82500.0,64946.11107665353
4272907,22500.0,24391.29915773508
4370776,8000.0,8234.586857656335
4264887,10000.0,12107.275575782438
4256299,31000.0,35159.27880966644
4362839,75000.0,94320.7624256954
4362735,17000.0,13126.635676128046
4273354,77500.0,65984.44858210762
4256315,48000.0,45626.56402027133
4362618,14000.0,12356.047210254172
4362599,18000.0,17981.24184442281
4245983,28000.0,32572.397504002554
4254459,26000.0,21520.61794295287
4272014,41000.0,44156.990389531085
4274506,40000.0,43700.10403538932
4274546,18000.0,28037.108256892698
4394306,31000.0,25282.123330756167
4275345,8000.0,8608.77636787103
4360193,47500.0,33583.780417657406
4360175,50000.0,62665.92659793421
4360068,19000.0,26489.845520532588
4262904,100000.0,77321.46750705804
4256516,13500.0,14265.357984487924
4371595,11500.0,9734.605269058116
4256588,80000.0,65751.83289351413
4275673,65000.0,54615.31857011358
4359998,67500.0,60186.5246441417
4275062,90000.0,90890.97395569028
4359942,13000.0,12420.943200327592
4246247,27000.0,23081.610674408275
4388569,23000.0,20268.825221861178
4262396,18500.0,16858.060532830663
4359843,85000.0,88330.17110916977
4262264,60000.0,62103.94068186024
4388546,21000.0,18463.543116467557
4276003,80000.0,70732.92715002937
4371691,15000.0,11242.553674201405
4276043,14000.0,13582.1859928143
4388467,25000.0,22251.29083609665
4359136,92500.0,67479.6264646368
4388624,24000.0,21151.704354779224
4361510,100000.0,74326.16854175158
4390006,110000.0,71190.65060613232
4360383,8000.0,8373.551760307151
4256473,22000.0,12997.565387900497
4392658,42500.0,28248.825751820816
4391032,32500.0,22188.917023481463
4371296,9500.0,8612.831324765566
4361354,57500.0,52446.78072634593
4361147,30000.0,31076.75253357793
4263615,49000.0,48762.833356241186
4274715,24000.0,20630.86174770252
4371334,13000.0,8161.893174023772
4361135,107500.0,92146.19971601784
4390379,27500.0,16086.212831239665
4371525,12000.0,8111.947627169537
4390366,14000.0,13895.196786255148
4361114,64000.0,55571.11517884283
4390076,72000.0,99086.48051874853
4361011,85000.0,59470.63489431535
4254305,11000.0,29851.75559620289
4360656,19000.0,19483.491631959045
4263218,56000.0,57755.82062918735
4360640,25000.0,20124.806045560796
4274984,23000.0,18011.468151880774
4275044,23000.0,22429.616077098355
4360494,13500.0,10710.333656722378
4371444,14000.0,12697.857654148325
4274824,45000.0,41579.929359681795
4370742,8000.0,7126.508498464105
4363803,85000.0,77517.033526059
4271853,57500.0,40496.40950561884
4395292,62500.0,57993.34620500168
4395539,31000.0,25059.742569364564
4395598,20000.0,15334.476891366658
4267137,25000.0,23072.856378537115
4395620,75000.0,47744.23796029064
4367621,12500.0,30385.03333752081
4395621,95000.0,69726.37241465718
4268690,14500.0,11102.10186193354
4266956,16000.0,9888.5411314868
4367535,10000.0,27686.513147183072
4395714,75000.0,73642.6335522269
4369208,8000.0,9338.081396117997
4268786,23000.0,16596.733114830302
4370190,5500.0,5856.200106593672
4255412,90000.0,91845.08149401353
4367465,72500.0,62826.226705208384
4266839,56000.0,52030.3988540047
4370249,5500.0,6121.769275829355
4393848,54000.0,42119.62109552417
4395786,30000.0,24619.372188871766
4395857,13500.0,11575.499031474294
4395872,14000.0,10185.673913488
4398279,10500.0,10514.927906772298
4266679,115000.0,100284.72283488636
4395724,26000.0,20407.267456698297
4398972,7000.0,10037.932402612018
4395254,15000.0,10845.145836495793
4267233,25000.0,21631.633302930855
4394136,22500.0,31977.37488812703
4369786,14500.0,14499.340445997233
4394332,69000.0,80650.7785285578
4267513,20000.0,29740.96261074415
4394386,90000.0,90293.42857941326
4394436,30000.0,30107.02300966441
4394095,105000.0,81317.41001682973
4394016,87500.0,54537.468909439296
4394645,49000.0,27566.810292202234
4394684,67500.0,67534.20650033744
4267779,70000.0,55163.13033325924
4268305,29000.0,25323.39226774499
4394842,32500.0,34794.856422850455
4393926,72500.0,108087.65609376544
4369595,11500.0,11381.860320476448
4369535,10500.0,13237.301387819913
4255556,27000.0,26791.063153109622
4268068,107500.0,102477.59744136485
4395043,67500.0,61353.794356550316
4267314,25000.0,23382.949618280985
4268089,65000.0,62176.63609071154
4369415,13500.0,10984.884218000121
4268176,53000.0,64728.67491964474
4395208,15000.0,9851.708901012404
4394910,60000.0,40902.22905224612
4269359,65000.0,70964.72983377948
4367394,41000.0,44631.342225832326
4266523,45000.0,29054.937663100725
4266258,46000.0,50923.48337459148
4393738,90000.0,79421.35063903415
4370599,7500.0,8052.311569699099
4244561,18000.0,17309.569908486104
4265982,41000.0,45871.13024355398
4265928,72500.0,62861.374526529646
4265707,44000.0,45135.05008212946
4265680,87500.0,91079.19781489464
4370621,12000.0,9274.569879889143
4370654,12000.0,6833.027870893739
4270902,30000.0,22951.586261784192
4370567,10000.0,8257.160823669998
4265605,37000.0,42499.1428377472
4271182,45000.0,40319.65270845816
4255821,10000.0,13274.871412632525
4265419,65000.0,51764.80131090408
4244853,10500.0,12071.941810588047
4271350,85000.0,60702.44349047781
4271461,13500.0,14676.701169049851
4271487,18500.0,18730.95786088526
4370667,12000.0,7155.048775741933
4364021,32000.0,36887.268636518515
4363954,25000.0,19790.980010114738
4254679,24000.0,16013.135283015976
4366945,10000.0,11962.382239607141
4393785,54000.0,49935.76842384416
4270647,10000.0,16293.374425651757
4414967,10000.0,9412.299197597686
4269621,26000.0,27718.22629538366
4266492,22500.0,30103.99507348959
4367382,40000.0,50134.74945134697
4398984,14000.0,12150.972699669452
4393821,54000.0,45318.95275675937
4269731,9000.0,10977.287997075851
4403533,18500.0,19555.13025891316
4269768,27500.0,22382.72638989074
4367355,42500.0,42618.130443309565
4269897,50000.0,41504.94778450896
4403559,60000.0,42352.74697730475
4403570,57500.0,54882.631620990986
4266398,26000.0,20162.58884456614
4404163,5000.0,8408.505810551957
4367332,42500.0,32531.835512380785
4370503,5500.0,6855.28273052694
4408219,10500.0,12960.677052662235
4408450,13500.0,14337.397555172663
4270030,16000.0,13220.147375063803
4408614,17000.0,17087.12952866295
4367266,37500.0,32105.02776320422
4408847,27500.0,21516.357721890105
4409243,10500.0,10998.025606974517
4409359,12000.0,11404.911742390812
4414845,10000.0,9953.013282020118
4358829,20500.0,18883.943091965535
4388296,21000.0,17097.01342012806
4275097,40000.0,36250.11528046801
4394194,37500.0,39144.2254899904
4377060,19500.0,12928.248906636287
4253080,100000.0,106561.35751102402
4260166,18000.0,12715.077252623878
4278873,21000.0,22722.73010604434
4372474,13000.0,9091.83974114202
4281739,48000.0,49114.077709758785
4353608,27500.0,35297.75474640932
4383234,15000.0,26145.633376332444
4355478,19500.0,19754.657082550882
4278930,22500.0,24654.643081595666
4281461,18000.0,16578.13927556047
4377492,12500.0,15367.288324004172
4373336,15500.0,12331.350316292357
4354805,55000.0,53893.18177184679
4259206,70000.0,51360.69221152832
4281949,32000.0,38923.63709249785
4383319,27000.0,21932.0067121988
4278734,44000.0,42185.476220724384
4376557,11000.0,9856.398058036693
4372031,13000.0,9742.070591968164
4356597,10500.0,9469.629971709548
4356594,10500.0,9112.626663201943
4282065,18000.0,16858.788138463875
4386680,16000.0,10527.014508989278
4372220,9000.0,11603.191125660162
4260563,105000.0,98764.03074069122
4279527,52500.0,39506.05772155135
4278251,32000.0,32234.5995731056
4246479,50000.0,52156.038996137046
4280843,33000.0,34290.539231524854
4278303,23000.0,15306.309488651132
4356028,43000.0,53187.08532508079
4383583,12000.0,20469.01623259424
4372309,14500.0,11360.808428556396
4355904,39000.0,36477.46607409667
4386627,35000.0,24865.96863791004
4377507,20000.0,13971.659152733504
4257002,49000.0,44706.96653902855
4354522,33000.0,33267.71726986064
4379937,16000.0,17090.556214723434
4280267,42000.0,36854.14648946452
4372719,14000.0,12282.398369520793
4354265,75000.0,64089.263089131295
4354023,24000.0,18960.169971511787
4354249,66000.0,53746.04348553285
4281147,20000.0,32062.436593610386
4373047,19500.0,21230.956982331354
4280771,95000.0,85816.81408147415
4281020,25000.0,28721.303189125636
4259442,92500.0,81505.0849529208
4259499,60000.0,43666.11477144905
4380482,29000.0,27457.211404006488
4380162,15000.0,16808.81468355292
4354141,36000.0,36393.131079526844
4354083,24000.0,23675.426282996636
4380129,56000.0,38606.91375560335
4386722,14000.0,11318.222277008574
4372680,17000.0,18165.610035099176
4280009,67000.0,62892.3965979687
4353698,80000.0,56951.52068452727
4372517,15000.0,12525.050923689127
4259269,57000.0,48017.442057722146
4279652,24000.0,15335.765460395894
4383206,15000.0,18491.9556764441
4377642,12000.0,14382.958803979947
4379874,22000.0,15446.606124919404
4246428,47500.0,45989.500447558115
4381240,22000.0,67028.25508664087
4281232,27000.0,33584.61368435446
4257072,32000.0,29401.244107551458
4279744,15000.0,15768.244374167374
4381186,13500.0,17624.435442146052
4381063,87500.0,68542.39425297505
4259655,57500.0,50492.50199192876
4279961,17500.0,19836.06388175936
4259932,26000.0,25370.14148940572
4277720,33000.0,34290.539231524854
4353243,30000.0,26051.120792445403
4283026,77500.0,53601.74761087029
4257548,47500.0,46130.02769672833
4261692,32000.0,29714.221946919348
4276392,28000.0,29411.235298975655
4254199,32000.0,30317.445474641972
4358380,30000.0,23587.44799159422
4283329,11000.0,12913.60558452359
4375307,15000.0,12929.82139391672
4358173,53000.0,58703.15421361838
4258251,23000.0,17990.00786579087
4261383,26000.0,28724.998103523696
4283245,20000.0,22018.733020305157
4352678,41000.0,38544.65716494966
4352725,55000.0,73353.9131064779
4283124,29000.0,18643.223280187383
4258616,42000.0,40067.47366585815
4276586,77500.0,33499.520221965206
4387064,24000.0,18819.219273745948
4276720,55000.0,34513.817584758384
4261270,44000.0,35032.17263975699
4352963,24000.0,25973.62929137369
4371810,6000.0,7131.05754684632
4371771,17500.0,10584.002103350289
4276124,33000.0,33847.91834027197
4252863,32000.0,31668.43830722928
4283855,64000.0,66430.01360876388
4262001,31000.0,30126.569955378243
4358756,65000.0,70199.34798250564
4261969,115000.0,87095.73323585394
4352394,62500.0,59527.09337597195
4261931,42500.0,34893.899038680385
4258205,10000.0,11852.2589256149
4352427,37000.0,28357.536246680942
4352485,42500.0,37246.59369290405
4276234,12500.0,12425.583015021824
4276314,26000.0,24476.271333036184
4358604,60000.0,60043.63194371699
4373849,17000.0,13173.305723504825
4258170,8000.0,11450.100293908481
4352556,57500.0,55360.23079975615
4374720,17500.0,12126.44199499165
4276187,19000.0,17558.058867015647
4357680,88000.0,57977.76515352966
4280959,22500.0,20073.46744536506
4261071,41000.0,38835.89759689268
4282681,60000.0,53832.581783809415
4371981,9500.0,9412.969976800956
4277053,11500.0,11747.858038334994
4387031,16000.0,16672.670387058977
4353000,20000.0,25359.907259184052
4353107,35000.0,38604.81279838979
4246498,50000.0,46388.15945233463
4387058,19000.0,18176.443421740114
4373459,18000.0,14513.624821031612
4277494,43000.0,37749.15273615368
4375517,16000.0,12354.333486774569
4261034,22500.0,29249.65961330947
4277278,30000.0,26390.9553362176
4353081,34000.0,38545.47134755746
4282629,50000.0,42547.26469206101
4258794,50000.0,47222.7927618585
4352975,62500.0,56734.15335619693
4386736,37500.0,45912.23601097985
4276854,18000.0,17569.072120368168
4256771,39000.0,25612.34061612674
4375419,19000.0,13768.338744820014
4371937,7500.0,6910.0601973254425
6267548,23000.0,24601.674264723653
4380128,56000.0,39232.25450993371
6270930,90000.0,94568.6036526137
6267575,90000.0,85820.12468719772
6267283,22000.0,15134.268166549624
6271386,67500.0,61423.44473239289
6271496,137500.0,110980.657971239
6320275,64000.0,65051.35742811954
6270869,22000.0,19234.928544430983
6267583,40000.0,36492.58416295863
6267587,30000.0,32935.20099927364
6271494,137500.0,106505.4196361608
6271420,70000.0,62894.2641751066
4393850,54000.0,42521.53078473578
6267250,11000.0,13344.616132413948
6267644,18000.0,23365.97101605117
6267738,50000.0,44782.74490922895
4374521,13000.0,10397.743365117787
6272124,40000.0,43801.02303090737
6270906,22500.0,19978.11553210122
6267294,16000.0,15392.8473947278
6267403,24000.0,22142.51787042467
6267470,38000.0,43238.23129354087
6271635,68000.0,55676.58734136354
6267449,39000.0,35662.30933889086
4377491,12500.0,15550.736035043497
4393918,72500.0,108878.22248541017
6267451,45000.0,41414.187681117786
6271291,87500.0,74624.74836827768
6267453,40000.0,35662.30933889086
6271643,67500.0,67102.58011526834
6320276,100000.0,50507.18309422289
6320256,49000.0,30392.278798708205
6320277,92500.0,50507.18309422289
6267377,18000.0,30287.309804852677
6267530,23000.0,18045.749624506923
6271361,85000.0,80880.53732334235
6267353,40000.0,44020.57737626656
6271654,52000.0,47858.2222843099
6267469,30000.0,36070.46090634603
6320279,92000.0,55216.66233758817
6271720,110000.0,102635.82650534646
6267204,16000.0,11409.834931992793
6271366,37000.0,32562.70709945561
6271053,22500.0,19828.05387096399
6271380,36000.0,35956.04317952262
6270931,72500.0,92002.67671211154
6271296,90000.0,74632.31600454572
6271381,44000.0,43625.48895361939
4393834,54000.0,45455.56953429714
6320274,67500.0,66363.12605692125
6269318,26000.0,28919.622432341337
6320314,32500.0,24403.90069997223
6268688,22000.0,15938.43988438109
6269542,37500.0,35291.90790799626
6269569,36000.0,41455.39676286618
6269570,41000.0,44605.89821523279
6268687,23000.0,16004.911274048723
6268677,23000.0,15733.641740193474
6269584,39000.0,39885.075064033656
6268673,32000.0,33145.01503955572
4390077,72000.0,99995.81627128589
6269585,38000.0,42534.019406834625
6269630,42000.0,38990.18802618171
6268703,125000.0,96884.34697274693
6268499,33000.0,38492.523654878
6268442,43000.0,42579.08283200484
6320382,40000.0,58655.97905110969
6268392,30000.0,24929.220978903413
6269780,95000.0,90279.06957818035
6268332,57500.0,45760.7840160606
6268301,11500.0,10297.493277906187
6268290,11500.0,9932.43134935519
6268213,18000.0,18952.193899978913
6268170,39000.0,35147.79856485697
6268163,77500.0,30925.61874547004
6320487,62500.0,59614.11880823067
6269634,26000.0,36571.448025948346
6268737,97500.0,97288.7728951358
6269532,37000.0,39288.95537656037
6269512,67000.0,48998.86759938086
4388297,21000.0,16883.196278848332
6320440,15000.0,9717.640501863898
6269358,24000.0,16512.00115848232
6320441,18000.0,9772.22915700936
6320439,16000.0,9772.22915700936
6269303,52500.0,42508.896484259385
6320455,15000.0,10322.213709546786
6269279,35000.0,33989.496345546664
6269277,35000.0,33717.135570296545
6269271,26000.0,30585.51937144956
6268933,22500.0,21936.300160199913
6320460,45000.0,37053.63296114677
6268920,22500.0,25795.77146001849
6268919,22500.0,23368.91302618342
6269403,15000.0,15002.807264631136
6268843,44000.0,40126.04807040846
6268842,44000.0,40095.81857934713
6269410,15000.0,14786.374679950308
6269415,15000.0,15002.807264631136
6269417,15000.0,14902.635106703865
6320476,69000.0,67780.16106652764
6268788,120000.0,98299.62379400936
6268758,125000.0,86034.8231177879
6268738,95000.0,98388.20266372908
6269507,17500.0,18836.09308198774
6268126,55000.0,33631.729758441244
6269809,33000.0,38308.909834643535
6269824,22500.0,17761.30905411877
6269861,25000.0,22294.095388405833
6270501,57500.0,43748.62742548196
4393538,27500.0,28052.551097872325
6269315,26000.0,30585.51937144956
4381187,13500.0,17875.81976584658
6320321,50000.0,40715.092673350155
6320808,26000.0,16958.932671340677
6270529,29000.0,20531.6112682798
6270556,17000.0,20546.77621962586
6320828,30000.0,21668.090550675955
6270565,20000.0,20270.17850223934
6267939,13000.0,13731.127160794873
6267937,14000.0,13131.40110293323
6267918,45000.0,44370.03220764118
6267894,65000.0,68933.86639142533
6270567,20000.0,21828.689282158914
6270592,11000.0,14766.615670242667
6267883,80000.0,69868.16210203596
6267881,70000.0,64683.42138033646
6267841,70000.0,54709.1034190744
6320859,13500.0,11237.372145914918
6320864,14000.0,9630.417476667999
6321440,10500.0,11188.622439392771
6267808,65000.0,53283.12430558421
6321473,6000.0,8098.4490883996805
6270743,64000.0,71795.04237863827
6267988,19000.0,15974.137202270758
6270842,85000.0,62549.983909371804
6270487,77500.0,62515.94540760107
6270395,50000.0,39288.54127211307
6269905,20000.0,27626.772349385003
6320734,31000.0,22677.50804730186
6269920,27000.0,24270.771945217588
6320755,20000.0,13846.129238545313
6320763,75000.0,44460.89869878559
6320765,95000.0,64819.76319927463
6268047,27000.0,31555.28463671826
6269978,18000.0,14605.7901458394
6268045,28000.0,25509.14681256641
6268040,27000.0,31587.769624642286
6268039,28000.0,31276.445493165204
6268034,26000.0,22865.56373458581
6270059,47500.0,38399.14427811455
6267999,12500.0,14043.35395585855
6320805,75000.0,84746.33269062197
6270064,45000.0,44193.85856763985
4393180,107500.0,70818.27918392369
6270078,37500.0,37648.52741189887
6270097,48000.0,39606.26817514386
6270159,32000.0,39499.32818939353
6320327,50000.0,52887.75492038569
6270207,18000.0,15456.33845565943
6270283,37000.0,35848.3047192997
6270373,40000.0,41220.30842588607
6270386,60000.0,55696.87076279192
6270476,35000.0,44503.392071449845
6267965,33000.0,32479.96050809084
6261637,23000.0,18194.994148077054
4394331,69000.0,81853.94982907454
6327771,17000.0,15948.063237513605
6327758,16000.0,14627.064718923024
6263427,42000.0,36960.1570293968
6259152,29000.0,30360.75515333889
6259149,31000.0,28483.729169539714
6259147,29000.0,28454.685397697776
6263437,56000.0,63420.95005009365
6259167,28000.0,28483.729169539714
6259144,30000.0,28483.729169539714
6327695,13000.0,13448.001772744252
6259140,30000.0,27597.851883346608
6327681,13500.0,13493.98989793619
6259139,30000.0,29034.76515089629
6259137,27000.0,27754.30610418433
6259135,29000.0,28774.483615549903
6259134,29000.0,27453.720995440402
6259143,30000.0,28483.729169539714
6263542,57000.0,41906.05267657011
6327775,17000.0,16942.574176376766
6259182,30000.0,29227.220563045477
6262952,42500.0,36925.31122914699
6262960,115000.0,65119.019240656875
6262963,115000.0,91585.01781513066
6262973,31000.0,27705.1946228409
6259310,30000.0,28166.11726377772
6327850,20000.0,20385.203840912774
6263048,60000.0,66971.70086352153
6263338,90000.0,89768.49201233084
6259306,32000.0,28166.11726377772
6263052,60000.0,56695.90974053642
6259279,32000.0,28454.685397697776
6327847,20000.0,20032.106786870743
6327777,16500.0,15948.063237513605
6263128,18500.0,18714.989778116564
6263129,18500.0,19583.822820743826
6263321,100000.0,80814.5141918218
6259305,33000.0,29359.288623521283
6259317,32500.0,31186.208082809408
6259129,27000.0,27754.30610418433
6327679,13000.0,12642.287781902492
6258800,26000.0,26539.458201118265
6330831,6500.0,6097.692916929129
6264014,10000.0,12569.52341317797
6258762,28000.0,25323.804022865974
6327673,13000.0,12522.718831260561
6264117,13000.0,11400.862706012023
6264127,19000.0,13514.828237741733
6327675,12000.0,12560.56903071648
6264136,50000.0,44684.13555403384
6264186,57500.0,46405.54112340662
6331812,9000.0,8857.660968364678
6264208,60000.0,47763.91133991227
6258657,11000.0,13705.990537289534
6264218,65000.0,43288.502411706286
6258648,35000.0,30926.226163506886
6258644,26000.0,25120.64268886487
6331404,11000.0,10602.411512449502
6259127,29000.0,27453.720995440402
6258949,26000.0,25500.70959470443
6263652,18000.0,18165.12090413874
6263552,44000.0,43951.30694441462
6263554,49000.0,50205.221206366354
6263560,49000.0,54547.86574899582
6259121,29000.0,27754.30610418433
6259120,27000.0,27505.502821430713
6327678,13000.0,12519.004038727584
6259119,27000.0,27453.720995440402
6258971,28000.0,25684.32715860724
6263632,18000.0,20503.63094083357
6259117,27000.0,27207.612208705734
6259053,27000.0,27453.720995440402
6263648,15000.0,17388.77785922267
6330829,6000.0,6101.517253623099
6263649,17500.0,17322.80330053316
6258996,27000.0,27453.720995440402
6258988,27000.0,27453.720995440402
6263638,14000.0,16849.446191158513
6259320,32000.0,33660.41284199719
6262943,35000.0,27649.491901500875
6262942,39000.0,27431.848605496427
6260800,27500.0,34991.546015266016
6262023,57000.0,48108.08894261808
6260795,31000.0,33311.556840822755
6262030,77500.0,69713.74648302792
6262113,92500.0,70795.54957651517
6262131,60000.0,39842.38975017682
6327997,12000.0,11446.497992702618
6261994,70000.0,54809.61272332286
6260783,27500.0,32784.31565669512
6260693,17500.0,22682.60947261717
6260643,10000.0,14093.488284423836
6260640,23000.0,19950.115573375646
6260565,21000.0,26112.382891772704
6262175,57500.0,40261.22848247736
6262177,50000.0,41579.991039810484
6262248,26000.0,28987.87695593058
6260697,17500.0,25012.358242082188
6327990,11000.0,11446.497992702618
6260805,48000.0,46787.74111664767
6260806,85000.0,57456.967016194285
6261791,42000.0,37299.066935024784
6261556,8000.0,10895.7121960188
6261315,47500.0,44787.13022363236
6261126,32000.0,30668.79669474298
6261103,35000.0,36014.635306327924
6261093,49000.0,46433.94447728008
6261092,47500.0,45820.90305646345
6328007,12000.0,12082.56074753816
6261008,39000.0,25724.218600369375
6260974,25000.0,21725.289656264602
6260972,17500.0,19367.29126964409
6260924,80000.0,67978.48265024055
6260870,22000.0,13506.013706993775
6328012,12500.0,12091.743140761651
6261985,65000.0,51633.27010587159
6260861,16000.0,20772.479667755426
6261835,50000.0,47025.391883022035
6262317,15000.0,14469.899185317252
6260513,27000.0,22955.197698069776
6260482,90000.0,90777.81836984059
6327979,11500.0,10991.249618289281
6259832,28000.0,31573.937640221913
6262719,26000.0,30382.183829446993
6259655,50000.0,47076.59560272815
6327873,21000.0,22810.72223343564
6262835,32000.0,30406.44499617429
6328132,16000.0,14121.624950674324
6262657,37500.0,36802.81798002942
6327867,27500.0,23642.319067671473
6328178,18500.0,15625.47029972506
6327852,20000.0,21801.236280739497
6328197,10500.0,11643.139758808007
6328443,12000.0,12065.989798060275
6262931,34000.0,26147.456927285715
6262936,37000.0,31420.910440667827
6259406,100000.0,105087.13168077412
6262900,19000.0,26125.018703823145
6259840,31000.0,30744.69161698511
6262652,44000.0,33586.4762487256
6259845,30000.0,31573.937640221913
6262333,18000.0,16439.134301087783
6260091,14000.0,13813.361968270949
6260088,24000.0,16765.642084836232
6259988,15000.0,11886.335415206286
6259973,19000.0,19867.761190244073
6262380,105000.0,90966.44601998205
6327986,10000.0,11446.497992702618
6259968,26000.0,18910.489617370615
6327982,10000.0,11532.873288082572
6259967,20000.0,18801.682607997955
6262574,22500.0,23553.50279782464
6328103,14000.0,16104.886671301789
6262581,41000.0,36766.723542254214
6262582,41000.0,36766.723542254214
6327980,12500.0,11070.854279840401
6328128,12500.0,13948.760859314834
6259865,32000.0,30287.309804852677
6258637,35000.0,26103.555489115945
6258632,29000.0,26103.555489115945
6258630,25000.0,25772.689644481023
6258611,22500.0,19573.94236824138
6265758,46000.0,45163.272201131556
6254625,14000.0,11698.56026819441
6333299,10000.0,10744.117100399195
6333303,10500.0,11075.520355089679
6333305,11500.0,11075.520355089679
6254599,12500.0,14179.379142781905
6333343,10000.0,9272.982384926667
6254626,14000.0,11685.386280469822
6254561,12500.0,12218.863541567423
6265814,16000.0,12995.878640941091
6254549,12000.0,10975.323855239587
6254548,12000.0,11145.477473191091
6265822,16000.0,13899.418248372223
6254530,10000.0,9115.801050431017
6254525,9500.0,8452.950417659786
6254509,17000.0,20242.970395171833
6265772,50000.0,46641.63114706466
6266001,10000.0,14080.993219168311
6254637,19000.0,12522.6012265719
6256266,18000.0,15818.405270860694
6257068,50000.0,42186.58361582291
6265511,65000.0,60351.43014331424
6256982,27000.0,22271.20878458622
6265653,22000.0,24370.40108884587
6333294,10000.0,10644.317625669953
6265654,22000.0,23271.20267687152
6265663,18000.0,24276.501840333214
6254648,13000.0,13239.20629511179
6265665,26000.0,29796.58229388144
6256959,30000.0,40156.4352459319
6256795,28000.0,25417.807417611508
6265730,22500.0,20800.117052228306
6265732,27500.0,20863.787315484456
6265745,44000.0,43941.30380051932
6333295,10000.0,10644.317625669953
6333298,10000.0,10644.317625669953
6265706,9000.0,10236.172202795262
6261594,10000.0,12184.82716041725
6266050,25000.0,20805.861096627537
6254503,13000.0,10778.336120333955
6266515,41000.0,40602.8786963579
6266525,42000.0,58338.472512452456
6266558,29000.0,21212.14057908357
6266559,20000.0,22029.8176463333
6324358,24000.0,19921.28421289387
6266719,34000.0,25994.576230772658
6324357,26000.0,19929.796300850212
6266453,57500.0,39440.5686121054
6266892,22500.0,21593.558536873606
6266946,52500.0,57618.307948531045
6321703,14000.0,12552.88588844888
6266958,49000.0,57846.02675064733
4395044,67500.0,62276.90037320872
4394914,60000.0,41413.82547033933
6267011,77500.0,69340.13292028812
6267062,37500.0,38531.41520433814
4395619,75000.0,48634.43913217798
6266435,45000.0,45026.51210684576
6266425,36000.0,37752.82859596475
6266421,36000.0,38671.01946046137
6266074,30000.0,22046.006727452357
6254494,9000.0,9321.82928443403
6266183,45000.0,38792.67788417728
6266189,35000.0,38980.391927287215
6266233,57500.0,55070.320707595274
6266237,57500.0,56648.51432007346
6324485,57500.0,36861.46088171689
4404165,5000.0,8706.073369496706
6266268,80000.0,65329.051934552255
6266270,82500.0,65495.46188982166
6324467,60000.0,33143.139310552615
4403532,18500.0,19506.46577272413
6266325,18500.0,16200.284268030091
6266333,13500.0,13742.568458764012
4398974,7000.0,10119.021695035824
6266336,13500.0,13765.168767239935
6324457,18000.0,19814.490396444493
6265495,65000.0,59389.127226554694
6267179,18500.0,16771.758868941837
6327534,9000.0,10283.953668017311
6257412,16000.0,13101.0244838038
6327564,10500.0,11640.845562117756
6258391,19000.0,19297.92673926896
6264617,102500.0,88830.87525447841
6258316,15000.0,18755.238090784278
6327563,10000.0,11643.139758808007
6264625,95000.0,88834.80422396027
6264634,100000.0,90100.89779291813
6327577,10000.0,11643.139758808007
6258286,20000.0,18418.214968639306
6327562,10500.0,11572.997745076877
6327554,9500.0,11100.733171538799
6264643,100000.0,92071.38869943154
6264645,87500.0,77707.15184530175
6258101,11500.0,12160.941234421349
6264655,115000.0,97211.1497574369
6264686,55000.0,49922.78552678548
6264636,90000.0,78661.30903726039
6264688,50000.0,48872.74793270038
6264590,45000.0,30037.660020996816
6327579,10000.0,11643.139758808007
6264272,38000.0,43821.98985690362
6258609,31000.0,20765.665456331357
6264293,87500.0,94281.84165290355
6264302,44000.0,44893.492704955206
6331813,9000.0,8897.926913326666
6327660,10000.0,11988.921024084619
6327659,11000.0,12130.36797492859
6264582,22500.0,30037.660020996816
6264381,72500.0,69405.62065970559
6258442,21000.0,20077.26496255503
6264401,36000.0,42113.00477318124
6258408,21000.0,19140.31236228231
6264486,46000.0,53124.563298840265
6264556,17000.0,20021.25026357727
6264559,26000.0,17994.098663005996
6258399,21000.0,19297.92673926896
6264400,41000.0,42506.10679117464
6264691,53000.0,50032.74069050326
6333199,10000.0,10884.485104682837
6258017,49000.0,51519.48598722735
6257635,10000.0,9734.509677914239
6264842,19000.0,20371.021720837478
6264923,20000.0,29025.343785030964
6257605,9000.0,7541.802698961825
6327548,9500.0,11115.438309448855
6257603,9000.0,7396.658501995079
6327547,9500.0,11115.438309448855
6264839,25000.0,24289.057698051874
6264998,45000.0,46057.19293923755
6265113,107500.0,111439.33484224787
6265130,16500.0,68551.03409590051
6265161,53000.0,58945.21515750015
6265192,29000.0,24478.35312513904
6265193,29000.0,20581.26512816604
6257453,10500.0,8278.959832889854
6265350,14500.0,11729.500770185545
6265011,70000.0,48804.1283465328
6264838,25000.0,23136.201438608525
6257693,16000.0,10642.301256861152
6257707,14000.0,10560.432693210627
6258003,51000.0,44962.57868367952
6264694,41000.0,45889.30830342786
6258000,62500.0,50325.032689512176
6264713,56000.0,53431.835447493904
6264742,16000.0,11658.401184459195
6257974,39000.0,36176.11507858431
6264784,22500.0,21589.787519009667
6264787,25000.0,19231.270607306302
6257969,39000.0,35105.872588549566
6264789,18500.0,19415.637923092407
6264790,19000.0,19415.637923092407
6257864,23000.0,25539.037960972717
6257812,8500.0,9988.403749843135
6264798,25000.0,23129.839073103158
6264800,18500.0,19526.24245977831
6264810,22500.0,22494.851079094227
6264816,25000.0,23569.59285972617
6265368,23000.0,18021.41824688486
6324751,10000.0,12748.359871072424
6312469,8500.0,9519.804872430497
6272137,47000.0,46349.96564866688
6294871,18000.0,16147.961526728715
6294981,22000.0,25796.736468651266
6297499,13000.0,15076.393813172335
6298137,10000.0,11137.990655748597
6298139,10000.0,11138.525613571623
6298140,10000.0,11194.075092137726
6298141,11500.0,11194.075092137726
6298155,11000.0,11573.546162530722
6298304,24000.0,19976.59647142822
6298308,21000.0,19499.747710647964
6298316,23000.0,21560.55005814192
6298322,32500.0,22355.562959106697
6294827,43000.0,34086.01465258413
6298323,21000.0,21246.604323274623
6298340,26000.0,22447.850001646224
6298347,29000.0,22361.15413469255
6298348,26000.0,22447.850001646224
6298365,29000.0,22447.850001646224
6298370,27000.0,26413.60887151691
6298390,18000.0,16533.643172602136
6298414,14000.0,13392.225855334635
6298416,13000.0,18676.86253944541
6298419,36000.0,24157.45083114684
6317815,21000.0,17990.923242473313
6299040,47000.0,40120.25380169614
6299057,52500.0,44146.622539755845
6298326,21000.0,21560.55005814192
6294824,47000.0,34189.12392001868
6294710,47500.0,52271.209800498946
6294698,39000.0,62236.057522397925
6290038,7500.0,9531.848196563667
6290039,7500.0,9306.918095949828
6290235,11000.0,9556.032639054796
6317885,23000.0,21578.13426411923
6291767,22000.0,25564.73282749259
6291813,36000.0,37388.23345767492
6291863,16000.0,18579.00177867771
6291875,16000.0,26761.078068294202
6291902,21000.0,20439.640785659918
6291906,27000.0,20557.704827029334
6291913,24000.0,29742.79906136862
6291985,42500.0,46874.05890270976
6291999,90000.0,35785.380350572355
6292093,8500.0,9183.689850403609
6317882,21000.0,20541.69637965829
6292272,31000.0,34288.07407967747
6292277,48000.0,35292.379601230394
6292645,45000.0,38996.08481157813
6292799,57500.0,43957.30748852558
6292803,72500.0,82821.98755865668
6292981,57500.0,74576.33322177804
6292989,90000.0,49017.922085172824
6293032,45000.0,39889.09789897442
6293059,55000.0,52070.86709397997
6293400,11000.0,13091.616259072269
6294637,25000.0,22800.78077572949
6317867,25000.0,20567.89922472551
6299060,47500.0,31871.077502739456
6299081,30000.0,28690.818127984276
6317364,24000.0,21643.284548291052
6299242,55000.0,62770.65004299402
6300625,66000.0,52920.6559915285
6300637,65000.0,53230.831422914955
6300640,57500.0,58335.45907809127
6300642,59000.0,58335.45907809127
6300643,52500.0,52980.302926452016
6300658,67500.0,67157.55455725241
6300662,75000.0,67157.55455725241
6300751,55000.0,42228.34028331991
6300791,33000.0,32388.742239736166
6301125,23000.0,27748.29618923196
6317200,14000.0,11199.421735448355
6301522,19000.0,20297.274271176986
6301568,19000.0,18225.328104446347
6301572,19500.0,17388.114835143653
6301722,15000.0,11185.528259049222
6301723,15000.0,14703.924906316033
6301871,42000.0,34193.632804003224
6301946,39000.0,26801.367543111854
6302003,67500.0,58410.909890650626
6302034,43500.0,36732.650160338046
6302055,31000.0,24508.824825352025
6302235,20000.0,16857.410659284276
6302310,12000.0,19579.403023285315
6302717,11000.0,10320.030510781204
6302734,10500.0,14462.356814303796
6302760,10500.0,8922.716856748317
6302761,10500.0,9105.591404333481
6300620,65000.0,53199.92540619332
6289980,10000.0,10532.788932845666
6317201,14000.0,11408.054753246424
6300549,24000.0,22090.6363362578
6299256,37000.0,29039.15220566562
6299260,33000.0,30089.826026780902
6299264,42500.0,38364.335033970696
6299277,31000.0,25093.26455137112
6299282,43000.0,32758.854920322607
6299285,57500.0,56483.68779927208
6317360,19000.0,17505.19642790782
6299330,41000.0,35420.04671149225
6299342,55000.0,63917.104833951635
6299457,24000.0,31445.833917455348
6299473,62500.0,57573.780765650685
6299481,20000.0,22327.68585471592
6299621,34000.0,39375.29399366497
6299627,35000.0,35849.553252711456
6299633,54000.0,45641.13163124865
6299652,80000.0,59984.91013484562
6299683,30000.0,25541.204447489694
6300174,27500.0,34676.00753071325
6300188,57500.0,43842.9520606316
6300201,45000.0,55630.56288043622
6300202,60000.0,55341.190548356
6300207,80000.0,55341.190548356
6300213,62500.0,47062.4037305991
6300216,75000.0,75296.55738178262
6317355,16000.0,15540.219922674192
6300467,24000.0,16842.033713855122
6300471,24000.0,18184.448300088778
6300576,36000.0,38830.549812636855
6289904,8000.0,9363.331850899516
6289800,26000.0,22140.34929499513
6289796,17000.0,21350.338507613837
6286555,32000.0,27390.545087146216
6286564,32000.0,28263.05499195123
6286567,32000.0,27115.519104649004
6286568,32000.0,27390.545087146216
6286569,32000.0,27390.545087146216
6286573,33000.0,27390.545087146216
6286574,32000.0,27390.545087146216
6286575,32000.0,27390.545087146216
6286578,32000.0,27390.545087146216
6286593,32000.0,28263.05499195123
6286594,32000.0,27390.545087146216
6286600,30000.0,27390.545087146216
6286611,36000.0,28263.05499195123
6286612,33000.0,28263.05499195123
6286615,35000.0,28263.05499195123
6286616,34000.0,28263.05499195123
6286617,32000.0,28263.05499195123
6286629,35000.0,29852.717951076997
6286677,18500.0,16573.93765802081
6286711,26000.0,25492.907414557987
6287032,8500.0,10715.03280207881
6318620,67500.0,50246.41467487035
6287073,15000.0,13438.502372866156
6287135,27000.0,28303.501446201393
6287136,34000.0,28117.155712271844
6287137,29000.0,28847.91533150585
6287236,15000.0,11401.308088152224
6286554,32000.0,27390.545087146216
6287254,19500.0,13996.85508454319
6286553,32000.0,27390.545087146216
6286543,27000.0,28263.05499195123
6286448,24000.0,26482.520922340245
6286449,25000.0,26482.520922340245
6286450,25000.0,27348.68690236867
6286453,24000.0,27348.68690236867
6286455,25000.0,27348.68690236867
6286456,23000.0,27348.68690236867
6286457,25000.0,27348.68690236867
6286458,24000.0,27348.68690236867
6286460,24000.0,27348.68690236867
6286461,23000.0,27348.68690236867
6286474,24000.0,27348.68690236867
6286485,25000.0,27348.68690236867
6286491,24500.0,26482.520922340245
6286500,24000.0,27348.68690236867
6286501,23000.0,27348.68690236867
6286502,25000.0,26482.520922340245
6286503,31000.0,27348.68690236867
6286506,25000.0,26482.520922340245
6286507,26000.0,26482.520922340245
6286508,24000.0,26216.611995389278
6286512,24000.0,27348.68690236867
6286519,38000.0,28263.05499195123
6286521,29000.0,28263.05499195123
6286538,25000.0,28263.05499195123
6286539,27000.0,27390.545087146216
6286541,26000.0,28263.05499195123
6286542,27000.0,28263.05499195123
6286552,27000.0,27390.545087146216
6317186,16000.0,11366.178106596974
6287268,15000.0,11285.071202191515
6287280,18000.0,19508.83786574204
6287816,62500.0,43809.617449533886
6287864,15000.0,17244.807602911125
6287871,16500.0,20241.638649616336
6287873,16500.0,20962.60821042194
6287942,31000.0,42772.46822006926
6287990,67000.0,62003.98259643457
6287992,67500.0,49358.31753734423
6287994,67500.0,54894.51898809444
6288004,82500.0,69741.72200398105
6288046,19000.0,13152.746697154584
6288058,27000.0,18677.081965622212
6288157,11500.0,16056.00406128577
6288160,21000.0,22408.687300056412
6288224,8000.0,9214.237973597928
6317910,24000.0,20287.145270535017
6288392,11000.0,14689.689696295167
6288396,21000.0,23787.148531653416
6288462,21000.0,21511.14727549499
6317908,22000.0,20287.145270535017
6288471,14500.0,18085.18571268416
6288472,11000.0,13211.617604667812
6288525,12000.0,13674.49733154843
6288532,13500.0,12770.037804071468
6317907,21000.0,20287.145270535017
6317894,22000.0,20287.145270535017
6289783,35000.0,28105.760457171873
6289794,26000.0,21360.848153606792
6287806,53000.0,44030.94910386591
6318345,110000.0,59821.51779290279
6287791,50000.0,42535.390483816016
6287773,30000.0,30452.103509183697
6287292,19000.0,19707.390268230865
6287307,25000.0,22038.388667198476
6287311,17000.0,22038.388667198476
6287371,35000.0,28857.564985529774
6287405,15000.0,14285.513478906143
6287454,18000.0,15177.44725208171
6287456,16000.0,17997.655835418474
6287540,13000.0,18237.58659776957
6287547,12000.0,17823.100067846288
6287550,19000.0,15976.235362769732
6287562,12000.0,18237.58659776957
6318330,67500.0,56999.08008923423
6287572,22500.0,27442.851328301578
6287582,19000.0,21366.593634639652
6287593,22500.0,21366.593634639652
6287595,21000.0,21366.593634639652
6287603,21000.0,22408.687300056412
6287612,21000.0,23588.962513535855
6287656,37000.0,34186.556071769184
6287667,33000.0,34186.556071769184
6287675,43000.0,34186.556071769184
6287683,30000.0,37340.40990965009
6287684,51000.0,42992.28405175819
6287711,46000.0,50168.99788577606
6287737,97500.0,71308.12979428569
6287744,81000.0,68828.856752386
6287771,37500.0,35918.97543717617
6318310,80000.0,52522.64160709892
6286424,24000.0,26482.520922340245
6317180,13000.0,11400.038447847182
6317178,10500.0,11104.893646062768
6310524,8500.0,7793.347479531151
6310558,9500.0,9138.67118879766
6310565,8500.0,9588.381991340646
6310566,9500.0,9588.381991340646
6310584,13000.0,8895.966188637281
6310618,13000.0,12204.424931222318
6310627,14000.0,12089.680231776058
6310645,12000.0,9207.60350186538
6310650,10500.0,9121.506061438185
6310678,11500.0,9811.660594778952
6310707,15000.0,10367.606884596187
6310728,17500.0,10862.858758763517
6310469,12000.0,9316.972292305807
6310731,17500.0,10862.858758763517
6310812,9500.0,8960.71362616607
6310818,13000.0,8861.686248508679
6310822,10500.0,9029.832432610372
6310881,9000.0,11922.425825481623
6310905,14500.0,12158.685718240127
6310939,10000.0,9700.469173473863
6315160,29000.0,27371.029172074926
6315100,16000.0,14289.946191122965
6315093,5000.0,6854.3061052958465
6310978,13000.0,9800.462279112455
6310987,15000.0,12349.46987539787
6311010,12500.0,11598.64517791689
6310741,6000.0,6916.921084643611
6310467,11500.0,9162.780101368777
6310457,8000.0,9565.27922522603
6310450,10000.0,8641.057834200281
6306626,25000.0,19978.43917810562
6308152,18500.0,15483.980166617226
6308286,8000.0,10193.430634712857
6309820,8000.0,9874.872552399387
6309874,13500.0,11856.860724769318
6309945,10500.0,11933.878668469992
6309953,10000.0,10161.851086891573
6309965,10000.0,11630.791368208262
6309966,11500.0,12090.23986808819
6309967,11500.0,12090.23986808819
6310025,13500.0,12232.757228173465
6310036,13500.0,13147.352728685852
6310037,14000.0,13192.642795429432
6310038,13500.0,13504.581867712492
6310042,14500.0,14134.638856219935
6310045,13500.0,14291.672961893992
6310206,5500.0,6738.1239625463495
6310223,5500.0,6625.50494304074
6315388,87500.0,66130.9796957944
6310313,5500.0,7101.875668494699
6310333,7500.0,8438.57436366997
6310339,12000.0,9083.850429127722
6310348,12000.0,7564.714527785661
6310352,12000.0,7438.248068828186
6310394,8000.0,7583.645756382235
6310395,7000.0,7733.036046005078
6310402,8000.0,7692.903732245002
6311020,11500.0,11163.302399687569
6314970,10000.0,9338.580154365129
6311038,17000.0,15550.56481871585
6314953,15000.0,15944.216718501088
6311768,11500.0,14853.869389287345
6313086,20000.0,15153.528257569062
6311815,15000.0,13066.633961788564
6311826,15000.0,13035.466131120842
6313082,37500.0,15817.556138689311
6311896,19000.0,13137.373788823885
6311906,17500.0,13609.501062731377
6311909,17500.0,14069.378996284138
6311937,16000.0,13971.201588199146
6312788,19500.0,14797.959953643434
6312728,10500.0,11430.452757927293
6312074,16000.0,13994.529980263565
6312089,15000.0,11846.541190296974
6312100,15000.0,12236.150833563555
6312103,15500.0,12741.381808084097
6312162,12000.0,12715.005496744225
6312221,15000.0,13587.904577188461
6312228,15500.0,13481.190215122915
6312242,16000.0,14463.529785914665
6312249,17000.0,14463.529785914665
6312260,15500.0,14463.529785914665
6312292,17000.0,15351.260850018421
6312334,17000.0,15303.462188923491
6312338,17000.0,15226.123300784611
6312456,8500.0,9240.946942308801
6312465,10500.0,9278.075229989037
6312466,10500.0,9278.075229989037
6311767,13000.0,12363.210630501282
6315548,17000.0,17495.588519512272
6311707,10500.0,12363.210630501282
6311690,15000.0,10850.630947256614
6311144,19500.0,21797.57149679256
6311199,15000.0,13258.827101932786
6311204,15000.0,12261.898846853377
6311223,15000.0,12945.155890849765
6311228,15000.0,12945.155890849765
6314871,16000.0,13759.456175390758
6311254,18000.0,13217.734355742385
6314844,12500.0,13367.56787688301
6311291,14500.0,13198.105179193817
6314836,22000.0,14080.422931127932
6311344,17000.0,13902.682397524943
6311348,17000.0,13994.529980263565
6311448,15000.0,14282.525410270056
6311457,16000.0,14215.182373834965
6311462,16000.0,14282.525410270056
6311547,19000.0,15644.217094020385
6311563,18500.0,17326.107178971044
6311565,18000.0,16818.281203907623
6311567,18000.0,16818.281203907623
6314795,18500.0,14329.01807959825
6311583,15000.0,11876.916005651612
6311585,17500.0,11876.916005651612
6313308,12000.0,13298.917273291176
6311587,13500.0,12453.759744887851
6311618,14500.0,12453.759744887851
6313307,12000.0,13324.934542430496
6311686,15000.0,10854.994852953954
6311704,12500.0,12363.210630501282
6306565,85000.0,82173.58231117457
6306542,57000.0,52383.55747094161
6306536,36000.0,54218.223366051345
6304122,45000.0,43964.4085788054
6304128,53000.0,60635.603211215326
6316118,15000.0,25797.29061562793
6316098,15000.0,19494.609656564266
6304142,53000.0,63228.13612407691
6304143,60000.0,65733.77275956505
6304144,58000.0,73672.96653150229
6304150,35000.0,24112.817571887867
6304158,27500.0,30064.70567195083
6304164,19000.0,20849.996604290398
6304175,19000.0,24238.562139355112
6304186,13000.0,13537.417534696058
6304192,37500.0,38812.45440788902
6304200,37000.0,46036.044749193024
6304201,56000.0,47695.42072892292
6304206,65000.0,73309.32456499993
6304221,14500.0,17416.849052079808
6304229,20500.0,17749.830121043688
6304232,20000.0,20403.22931461477
6304253,19000.0,18556.686512401266
6304258,21000.0,24335.730099828797
6304259,40000.0,52547.21764092388
6304270,31000.0,33874.44980104416
6304292,32500.0,28674.57431853911
6304295,29000.0,28473.751930890252
6304299,45000.0,34469.96222409285
6304303,92500.0,70215.40539096923
6304121,36000.0,40739.95092513383
6304308,47000.0,52383.55747094161
6304118,45000.0,40472.2400627344
6316146,27000.0,24216.559008199845
6303003,29000.0,16603.71965763846
6303170,20500.0,18460.100958406932
6317162,35000.0,22107.91705597504
6303201,32500.0,44145.86164527431
6303205,19000.0,23957.0748519856
6303224,21000.0,26809.50870411974
6317159,26000.0,22107.91705597504
6303381,30000.0,29493.486071579882
6303388,65000.0,55403.11211063487
6303390,88000.0,56866.15928236598
6303394,56000.0,46942.08207790253
6303403,12500.0,10955.383801912281
6303440,35000.0,33998.29213863659
6303449,27500.0,35335.98259254952
6303494,34000.0,29754.63697689532
6303550,37000.0,48645.81581136725
6303588,80000.0,45351.61918982156
6317147,37500.0,45780.57786806696
6303825,21000.0,22115.05746714949
6303995,30000.0,19978.43917810562
6304011,8000.0,12606.305118315726
6304025,32000.0,28790.042473362297
6317084,12500.0,13105.239065218824
6304043,24000.0,17918.767823024835
6304082,32500.0,41720.59829432604
6304109,55000.0,46202.25567651159
6304110,60000.0,48281.544145334454
6304114,45000.0,40472.2400627344
6302884,18000.0,15573.542852339204
6304312,49000.0,58087.48475501325
6304366,30000.0,38649.3696793233
6305163,13500.0,10480.791547999877
6305275,22000.0,38536.91747512853
6305276,22000.0,27716.151261666142
6305299,25000.0,20726.690912075657
6305322,19000.0,20489.208902790146
6305469,85000.0,58250.89391505192
6305511,26000.0,24432.221900587967
6305668,64000.0,60843.879622202425
6305697,107500.0,90401.94146773145
6305718,30000.0,33023.76159699073
6305726,23000.0,29127.670756383108
6305825,100000.0,61289.63284909617
6305951,81000.0,63303.882383523734
6305959,82500.0,63427.837990134205
6305968,85000.0,63427.837990134205
6306026,77500.0,88412.47427873351
6306133,18000.0,14740.051610603681
6306137,14000.0,14710.948275728997
6306179,17000.0,14053.86936447277
6306201,75000.0,93293.84560564377
6306311,85000.0,94719.93600048314
6306473,55000.0,60635.603211215326
6306527,38000.0,48109.338041925424
6306530,44000.0,48022.17347569222
6306531,41000.0,39315.720681226165
6306533,38000.0,30019.896267765453
6306535,36000.0,44829.31806916926
6304863,100000.0,90028.74273050159
6304337,22500.0,18856.66870036622
6304801,50000.0,43628.71187761663
6304785,23000.0,29182.795487222094
6304369,27500.0,41809.51453600254
6304370,34000.0,24531.698710415407
6304381,27000.0,43245.50520477612
6304391,35000.0,40471.876709722135
6304411,27000.0,39362.282017312726
6304417,29000.0,40610.142823060116
6304418,32500.0,39326.89927799742
6304432,40000.0,42967.17848329254
6304435,28000.0,28181.859728536354
6304444,37000.0,35493.833119825445
6304452,32500.0,34751.52048528152
6304453,34000.0,30764.45403971318
6304473,34000.0,32472.243885584434
6304535,55000.0,47435.518656117885
6304553,55000.0,47802.54773420418
6304563,50000.0,29097.85608014229
6304582,67500.0,67295.36672118459
6315558,22000.0,61460.17995589662
6304610,67500.0,67295.36672118459
6304636,53000.0,59070.890056382166
6304663,65000.0,89608.41459470276
6304664,65000.0,96514.44276131658
6304703,67500.0,52845.38279724057
6304722,47500.0,34085.766312108986
6315549,19000.0,17495.588519512272
6304771,47500.0,37868.633594051214
6304782,23000.0,29794.050028132584
6304793,57500.0,51779.72200803739
6286374,24000.0,27348.68690236867
6286365,31000.0,26482.520922340245
6286364,32000.0,26216.611995389278
6319887,38000.0,19911.06190531374
6276310,127500.0,94786.82716657998
6276320,120000.0,108910.52218031816
6276344,32000.0,29568.87532231881
6276358,35000.0,32107.07648158692
6276370,23000.0,27478.09256438389
6276373,37000.0,32601.152928440206
6276406,33000.0,27527.023847009317
6276412,34000.0,29969.012083420846
6276419,33000.0,30348.29824743996
6276423,36000.0,30368.184836502107
6276458,35000.0,30997.192344325267
6276035,20000.0,18359.251895862777
6276468,37500.0,32260.82259650963
6276553,37500.0,33628.9185700382
6276554,37500.0,33637.98432467186
6276555,37500.0,32890.25120674268
6276652,120000.0,87679.40359163772
6276654,29000.0,32774.127093100295
6276665,42000.0,38903.59499890695
6276669,35000.0,32868.57636609693
6276671,38000.0,38948.40246063968
6276680,47500.0,44754.51704016122
6276840,20500.0,18410.33308209365
6276841,21000.0,18410.33308209365
6276938,80000.0,55933.24614937069
6276536,37500.0,32336.910349405443
6276032,13000.0,18359.251895862777
6275989,26000.0,19651.041783190274
6275988,27000.0,19447.688641821984
6275569,23000.0,19968.026818366212
6275570,20000.0,19968.026818366212
6275597,110000.0,90908.29024846663
6275604,122500.0,102727.70948287199
6275616,110000.0,102945.53956368826
6275628,105000.0,88609.71033064576
6319917,72000.0,86599.86850483638
6275681,64000.0,54725.522375149805
6275686,59000.0,55264.82143137067
6275690,61000.0,62312.389008152444
6275693,75000.0,74279.10574105453
6275695,59000.0,54846.38935201929
6275703,115000.0,89105.42511556808
6275705,115000.0,97292.43293299394
6275714,117500.0,97292.43293299394
6275717,117500.0,97499.42338262702
6275718,112500.0,97292.43293299394
6275721,127500.0,102371.73770878703
6275724,122500.0,109272.56878959168
6275770,117500.0,98570.05379225565
6275821,102500.0,84556.61520174627
6275849,90000.0,86964.51150231119
6275882,95000.0,86964.51150231119
6275885,90000.0,86964.51150231119
6275886,90000.0,81064.64142034751
6275893,105000.0,90604.24393203008
6275895,102500.0,90581.873458132
6276994,65000.0,73406.70953223339
6277011,100000.0,80448.88127002872
6277014,97500.0,77232.17692325494
6277044,17500.0,16014.7545177243
6278947,16500.0,18097.7484531982
6278952,20000.0,18074.277699593702
6278971,21000.0,19757.795395310022
6278972,23000.0,19757.795395310022
6278973,20000.0,19757.795395310022
6278975,19000.0,22917.231233038427
6278976,23000.0,19747.564936273004
6278978,19000.0,19641.087285978032
6278979,20000.0,19866.819031676416
6278980,23000.0,19866.819031676416
6278984,23000.0,19866.819031676416
6319867,80000.0,66730.40267018486
6319864,85000.0,66730.40267018486
6319847,82500.0,50334.424299848506
6279113,105000.0,81739.63173580993
6319845,55000.0,48620.5661555038
6319834,80000.0,67068.40267909756
6319833,82500.0,57489.34239242312
6319831,85000.0,83023.92528120865
6279217,20000.0,14849.146433750215
6319804,75000.0,73237.78824510209
6279250,70000.0,46413.0891460525
6279267,65000.0,52593.4921671322
6279273,70000.0,55158.756721468264
6279286,66000.0,44297.54266639402
6319793,85000.0,66314.71667864645
6279312,16000.0,18095.631956645964
6278946,20000.0,18097.7484531982
6319918,72500.0,91326.1511038507
6278660,20000.0,21396.335549238007
6278590,18000.0,14305.220889473207
6319872,105000.0,66056.33590690487
6277258,22500.0,29298.395616469075
6277262,27500.0,28195.271334784422
6277268,30000.0,30888.37666783381
6277269,41000.0,35750.448039461495
6277270,40000.0,31438.338233045284
6277275,85000.0,72389.09890702386
6277311,53000.0,41648.06433413219
6277387,77500.0,65871.13642438586
6277512,95000.0,67925.55970833747
6277573,27000.0,26546.18020009076
6277576,35000.0,26812.65850725829
6277600,36000.0,28982.097636296647
6277607,32000.0,30533.311700883965
6277612,43000.0,35211.365690063394
6277866,102500.0,86831.85127030546
6277901,57500.0,35836.52845036094
6277904,40000.0,38290.33800697231
6277905,40000.0,38057.018305261154
6312479,11000.0,9506.391876758467
6277934,40000.0,60247.08065203819
6278293,50000.0,45376.33302108279
6278298,57500.0,46573.546294347274
6278301,64000.0,52478.06835875354
6278302,67000.0,61772.015161675576
6278568,19000.0,16221.840787295732
6278569,16000.0,15972.137287894875
6278650,125000.0,86530.55257536237
6275511,56000.0,61146.049137500544
6275501,56000.0,54775.918851134295
6275465,12000.0,11750.436497037814
6272596,80000.0,67451.14446961906
6272626,80000.0,69389.3114338626
6272648,15000.0,13149.70787079237
6272658,15000.0,12958.536898384189
6272687,105000.0,101843.20266246647
6272978,92000.0,77907.96409668511
6320208,30000.0,18294.309386929548
6273141,105000.0,95811.91951475936
6273151,97500.0,66944.61457905249
6273152,97500.0,81676.82049845954
6273186,105000.0,93841.00396830417
6273487,15000.0,17557.102857350263
6273488,15000.0,17573.500670677786
6273739,47500.0,38417.92123297477
6273811,75000.0,67064.50759888194
6320199,90000.0,101476.09414739862
6273843,85000.0,72622.27774743321
6273850,85000.0,80077.22003304701
6273855,100000.0,80937.39938230453
6273865,28000.0,25975.039672939347
6273885,29000.0,27015.494744272095
6273894,28000.0,26980.11589854832
6273903,24000.0,24712.676698914314
6273908,38000.0,28097.90994086271
6320167,31000.0,18962.539410395104
6273940,37500.0,31369.937338739634
6273950,39000.0,31892.809892272166
6320213,30000.0,20375.931805356726
6273964,65000.0,61293.58024560294
6272569,130000.0,116568.84290175156
6272548,132500.0,107506.62520094895
6272150,52500.0,51142.476400236315
6272157,85000.0,51046.11850183304
6272165,47000.0,46858.549303740045
6272219,64000.0,72405.464585473
6272221,64000.0,74529.59468546516
6272232,67500.0,77701.18616053046
6272239,100000.0,75550.85029244666
6272248,72500.0,77701.18616053046
6272288,45000.0,49771.41036757238
6272308,47500.0,52095.51698503233
6272327,67500.0,63570.11738414613
6272358,107500.0,83671.53066047515
6272368,107500.0,91786.52526520792
6272373,107500.0,91102.70504882629
6272404,85000.0,73543.29618571188
6272414,75000.0,66632.46367290952
6272434,85000.0,73536.36585951073
6272459,80000.0,63225.770284273305
6272461,90000.0,61745.43038391793
6272465,87500.0,74656.42029590231
6272466,97500.0,70671.48097446474
6272474,90000.0,62874.92072261278
6272479,87500.0,62866.44563270175
6272483,115000.0,69948.3614508788
6272485,115000.0,80803.39189477879
6272487,115000.0,82577.86247399813
6272547,112500.0,107543.26469124747
6272549,110000.0,107490.88996558219
6279323,77500.0,65972.704793207
6273967,62500.0,66569.51502177701
6320132,37500.0,38267.28678580041
6274831,27000.0,24195.000951244365
6274842,26000.0,25249.378318429095
6274859,27500.0,29302.26624724851
6274885,47500.0,44037.12961830448
6274916,65000.0,47889.13163012131
6274949,77500.0,59699.332388299576
6274985,62500.0,47051.59898724683
6274988,80000.0,67661.93018479766
6274997,80000.0,61946.34469269949
6275001,19000.0,13630.038402123406
6275187,107500.0,79077.73738191514
6275188,87500.0,78237.32174013814
6275216,72000.0,66322.71207056772
6275219,65000.0,63803.66188571764
6275225,75000.0,68182.1771121015
6275226,75000.0,76196.7879232298
6275227,70000.0,68182.1771121015
6275243,102500.0,86158.54578292323
6275244,90000.0,87095.52102049657
6275265,77500.0,64960.94992409546
6275268,77500.0,68944.75208769269
6275276,85000.0,71827.44603959861
6275301,102500.0,90604.24393203008
6275442,47500.0,53639.86171431881
6275447,75000.0,53076.257386417994
6275455,46000.0,47045.34063563875
6275459,12000.0,11703.37005217502
6319959,90000.0,76415.0464874613
6274010,27500.0,29346.876769111663
6319973,54000.0,45421.826665101915
6274681,115000.0,112897.45566755426
6320129,37500.0,36334.993956338665
6274136,35000.0,29838.899227943788
6320115,22500.0,28473.22957719552
6274204,41000.0,36221.58239512211
6274211,39000.0,36208.814958035095
6274216,42000.0,43614.086181157756
6320105,105000.0,80702.93239228666
6274248,33000.0,30037.628821015747
6274261,36000.0,29846.572321951302
6274262,37500.0,30829.369413984754
6274267,37500.0,31867.372447697366
6274280,39000.0,32816.27561592736
6274318,92500.0,85512.24428284123
6320065,87500.0,60538.01550848372
6274440,26000.0,28182.990902165613
6274449,29000.0,31929.479685210656
6274455,26000.0,29928.221035301653
6320014,61000.0,63397.818664563034
6274588,115000.0,109377.57549340432
6274607,105000.0,85441.94101342179
6320013,60000.0,61086.83288918492
6274647,67500.0,40935.30989214122
6274663,75000.0,49694.94572810606
6274668,75000.0,49979.63789243481
6274670,85000.0,56914.69529342629
6274674,82500.0,56914.69529342629
6274679,132500.0,113095.72261342527
6274701,137500.0,118280.96013088511
6279453,100000.0,91941.06265932762
6279461,102500.0,84862.38921848308
6319789,60000.0,59614.78526140416
6284274,62500.0,59333.06808762662
6284354,37500.0,39304.691891692215
6318852,19000.0,11889.64213081237
6284396,9000.0,10361.47028627608
6284411,29000.0,31136.487919974825
6284418,35000.0,33937.4827820707
6284423,30000.0,33937.4827820707
6284459,26000.0,30578.404041470585
6284480,9500.0,10228.473638038422
6284482,13500.0,10600.638172888517
6284490,10500.0,10600.638172888517
6284493,12500.0,10509.114964602655
6284504,12000.0,11203.118663675174
6284522,8500.0,10703.340793397801
6284527,8500.0,10679.076989148003
6284538,39000.0,34044.83106846941
6284543,34000.0,34942.832870275335
6284555,13500.0,11810.252933629405
6284603,30000.0,36973.712344797525
6284635,22000.0,20336.984540464597
6284645,30000.0,31143.873007884584
6284647,11000.0,13680.594540627953
6284648,11000.0,13680.594540627953
6284661,25000.0,30226.247340785518
6284721,48000.0,41934.04809860835
6284728,40000.0,38093.77053122252
6284778,70000.0,47588.612712853355
6284251,32000.0,32438.4420086919
6284848,62500.0,56039.10241952544
6284247,32000.0,29411.414622688066
6284140,49000.0,51961.824618283295
6283859,92500.0,69152.57566223222
6283860,100000.0,82439.75704278734
6283861,87500.0,69152.57566223222
6283871,97500.0,91605.67015999126
6283881,9000.0,14588.893605139512
6283886,16000.0,22060.8659254887
6283887,14000.0,22070.928353813004
6283890,15000.0,22090.882892842834
6283899,22500.0,22961.28468780175
6283911,28000.0,29012.824539984893
6319651,72500.0,45946.86003096882
6283925,25000.0,24614.644354040604
6283933,17500.0,30689.462044926313
6283935,17500.0,23724.164273577542
6283950,37000.0,35804.227673089976
6283969,49000.0,39774.85535143317
6283975,55000.0,42502.938971464755
6283980,65000.0,56756.09157954304
6283991,77500.0,70262.36649621745
6284051,25000.0,24335.54807589939
6319639,42500.0,28679.303924376014
6319021,32500.0,19888.64044219047
6284065,23000.0,25590.35296346946
6284067,26000.0,27126.127196538004
6284069,28000.0,31024.21546370254
6284073,57500.0,49774.912739470434
6284080,17500.0,20294.945449912
6284142,47000.0,51565.518603699966
6319655,77500.0,49285.467806781584
6284996,95000.0,71830.38114893486
6285031,60000.0,46123.062475980456
6285762,13000.0,13177.086285997635
6285836,12000.0,14544.833316435896
6285879,8500.0,13780.016511585656
6285939,13000.0,13817.083597985833
6285943,12500.0,12806.87295145063
6285948,10000.0,12021.894457104194
6285949,14500.0,12525.569845493113
6285969,11500.0,12806.87295145063
6285984,14500.0,12965.026939851934
6286002,17000.0,15758.210355090163
6286083,32000.0,27390.545087146216
6286084,26000.0,23090.491327543445
6286098,27000.0,23090.491327543445
6286136,26000.0,23658.6182929828
6286147,30000.0,24871.490748723023
6286158,30000.0,24242.851009145135
6286164,24000.0,25890.395229227484
6286169,24000.0,25890.395229227484
6286198,30000.0,25048.28375093465
6286240,31000.0,25048.28375093465
6286256,24000.0,27263.780340934725
6286268,31000.0,26482.520922340245
6286293,24000.0,27348.68690236867
6286294,25000.0,26482.520922340245
6286304,25000.0,27348.68690236867
6286319,32000.0,26482.520922340245
6286332,36000.0,29687.529584561955
6285756,12000.0,13122.684901693166
6285005,105000.0,87213.45510687631
6285751,12000.0,12778.534499336114
6285708,13000.0,12778.534499336114
6285049,70000.0,50702.8730914465
6285098,92500.0,83624.12473503621
6285107,107500.0,84865.90536725758
6285140,62500.0,39432.4140788848
6285156,50000.0,57603.34696302739
6285158,57500.0,57313.04663218842
6285169,57500.0,62931.03915424949
6285176,57500.0,62678.302015315356
6285181,65000.0,71471.30631030373
6285234,16000.0,15840.578314350898
6285262,10000.0,17195.599220034695
6285268,17000.0,19532.850853645763
6285278,17000.0,19681.198626885467
6285325,22000.0,18532.99454125631
6285434,10000.0,9148.052370568592
6318770,27500.0,16414.60837606586
6285484,46000.0,35767.389464060376
6285531,19000.0,20257.717770795436
6318764,14000.0,13976.907557055483
6318757,14000.0,13129.3677949368
6285593,23000.0,22755.435882476588
6285644,14500.0,12845.093759996747
6285654,9500.0,9946.853441519845
6285684,12500.0,10843.018291763425
6285704,12000.0,12725.77840467696
6285705,13000.0,12778.534499336114
6285706,12000.0,12725.77840467696
6285712,12000.0,12778.534499336114
6272136,65000.0,53136.540399841535
6283853,80000.0,64295.1525088729
6283834,62000.0,48751.37153217971
6280852,45000.0,44805.676560541964
6280925,67000.0,52800.09618194397
6280993,75000.0,63348.040412748654
6281002,70000.0,63348.040412748654
6281004,69000.0,63154.450063325836
6281005,70000.0,62425.72608511954
6281009,85000.0,79352.40077056084
6281010,87000.0,79352.40077056084
6319741,77500.0,58708.43657593654
6281236,18000.0,20556.793784944988
6319716,40000.0,49716.501783113104
6281260,25000.0,19911.51390632255
6319714,52500.0,44942.82017102626
6281278,25000.0,20250.635807722698
6281280,80000.0,33541.45738285025
6281282,92500.0,42310.4883894619
6281283,72500.0,43310.39182439778
6281284,120000.0,50070.47049936969
6281396,25000.0,20500.301209778827
6281416,70000.0,41224.70001215317
6281419,42500.0,23925.101691787964
6281851,49000.0,26001.194020998908
6281864,65000.0,30521.49221511642
6282035,6500.0,6650.999971013333
6282098,55000.0,62026.97899307304
6319698,45000.0,36430.946332759784
6282215,19000.0,18729.762144815642
6319742,77500.0,58708.43657593654
6282234,17000.0,20245.40258521083
6280811,43000.0,42533.26811320851
6280676,92500.0,80636.14958382279
6319788,66000.0,53252.916769700896
6279641,37000.0,34606.725666969964
6279644,46000.0,40650.17295752817
6279649,34000.0,37382.9857751698
6279664,45000.0,43591.55866732273
6279670,43000.0,37382.9857751698
6279671,40000.0,37382.9857751698
6279673,34000.0,41009.804148239964
6279677,44000.0,47318.44927916422
6319783,67500.0,84264.39047932238
6279749,16500.0,13646.201776558066
6279753,14000.0,13692.314565008768
6279813,61000.0,63164.45359864243
6279814,65000.0,62063.60600553604
6279815,61000.0,62063.60600553604
6279826,81000.0,66322.71207056772
6279827,92000.0,72557.39693065123
6279828,87500.0,65369.56014885355
6279832,85000.0,73970.1661018781
6319781,55000.0,73290.02228788077
6319772,52500.0,74859.28396055009
6280549,77500.0,58347.65922253697
6280631,79000.0,75284.6946154936
6280638,82000.0,75284.6946154936
6280646,57500.0,75606.76562452159
6319755,29000.0,38043.41568928534
6280665,95000.0,81173.40551512358
6280677,63000.0,73769.31139143243
6283837,62500.0,63586.13914765184
6282271,10000.0,12728.347674151071
6319693,63000.0,55292.5108500567
6283605,21000.0,29091.825523989406
6283609,21000.0,22048.774726643944
6283614,17000.0,21852.91107185427
6283623,21000.0,22187.86826098127
6283643,32500.0,26868.481231662972
6283648,32500.0,26563.221079923536
6319656,77500.0,49348.94892846754
6283659,32500.0,29968.068502564944
6283686,45000.0,45209.11002888423
6283694,45000.0,81910.66080904246
6283696,67000.0,57270.66519223019
6283702,75000.0,48739.10928511982
6283710,66000.0,62235.00342252468
6283715,57500.0,53590.85575940876
6283716,72000.0,53590.85575940876
6283719,72000.0,68932.31888522758
6283722,45000.0,54637.42224825557
6283753,10000.0,13447.39178148033
6283754,33000.0,23202.9455241292
6283757,22500.0,25299.613591065823
6283785,22500.0,19871.007659851555
6283804,40000.0,29726.112233522577
6283807,39000.0,29726.112233522577
6283812,59000.0,42704.311805306825
6283815,55000.0,48216.842383986084
6283824,81000.0,64295.1525088729
6283829,60000.0,57382.184853979736
6283604,24000.0,30939.527004301024
6319697,90000.0,62888.14554311692
6283600,19500.0,21852.91107185427
6283587,17500.0,22583.055813332317
6282367,70000.0,84864.2091054023
6319687,57500.0,50246.41467487035
6282386,110000.0,59176.2524189252
6282564,11000.0,9354.433128308889
6319683,67500.0,56640.46368288712
6282782,17500.0,14131.431704286248
6282787,55000.0,48941.37681663341
6282833,19500.0,21852.91107185427
6282844,29000.0,23954.275745685914
6282861,29000.0,26372.38146576167
6319677,75000.0,43466.58392035175
6282892,35000.0,32259.373214275493
6319672,72500.0,43434.1573032505
6282945,65000.0,82439.75704278734
6282954,100000.0,69561.96011124033
6283159,15000.0,17013.427024591354
6283164,19500.0,19199.973043423346
6283202,22000.0,18313.064472614256
6283216,26000.0,25492.907414557987
6319667,45000.0,36430.946332759784
6283318,25000.0,28263.05499195123
6319658,80000.0,49285.467806781584
6283399,65000.0,46964.51986962033
6283400,75000.0,48950.63653433042
6283401,75000.0,49686.293180404464
6283429,12000.0,16615.205075890703
6283553,43000.0,52544.96723943378
6283599,20000.0,21981.05132711404
6277911,97500.0,72542.73734519331
6264848,25000.0,23136.201438608525
4299237,23000.0,18805.701219336486
4249440,10500.0,13173.850185242794
4256512,13500.0,14431.611141127632
4325334,45000.0,42018.18055013479
4267494,20000.0,31335.09409928407
4367623,12500.0,31265.14464024532
4367539,10000.0,28949.394070879036
4286727,47000.0,47557.469103162504
4275348,8000.0,8594.28356099245
4367463,72500.0,63963.277482419675
1559573,37500.0,30643.595206272224
4273520,36000.0,40760.02270243086
4361958,81000.0,73317.957993871
4372721,14000.0,12523.378691739974
4339027,28000.0,27572.913351591702
4256605,80000.0,67427.17392286545
4303761,77500.0,61707.52991649244
4273723,40000.0,39841.79516369581
4323746,11500.0,14879.839519108182
4367398,41000.0,46198.13505036603
4367383,40000.0,51937.759413939835
4325426,55000.0,68420.82117786448
4367351,42500.0,42642.31304691061
4281220,27000.0,33625.94928155093
4367338,42500.0,32441.00730972795
4333365,17000.0,15634.979975210299
4336097,45000.0,43727.14252378162
4304016,72500.0,68419.33860888291
4248144,16000.0,10826.425609267184
4338721,18000.0,15223.857432638513
4300539,25000.0,24323.688473104456
4278882,21000.0,22933.810087768543
4361353,57500.0,54297.32027285692
4356025,43000.0,52865.81585406088
4319306,19500.0,16404.082851101648
4295182,80000.0,77561.25285055829
4360058,19000.0,26199.371028633956
4318510,14500.0,12141.12635610569
4370837,9500.0,8825.737851928347
4296823,100000.0,87587.90809098975
4271343,85000.0,62183.288183535224
4334718,13000.0,27063.308076473866
4298250,34000.0,37767.75771186655
4320037,22000.0,20177.964272752553
4271456,13500.0,14793.96233365633
4317510,46000.0,46070.58700337833
4354806,55000.0,54598.69401725021
4360382,8000.0,8436.743614474317
4370562,10000.0,8515.947898361192
4317282,13000.0,15551.427046983752
4371932,7500.0,7008.449793900202
4316557,19000.0,22161.133531250987
4272080,29000.0,22468.886624441122
4359831,85000.0,89039.72742173784
4254192,32000.0,31136.32282811328
4254308,11000.0,30642.60326575032
4315891,60000.0,54152.509438849585
4334298,32500.0,25456.356264498994
4268086,65000.0,64090.62289932579
4325100,110000.0,78921.29534190179
4334218,50000.0,46430.611491200536
4314490,30000.0,33650.13364559561
4282625,50000.0,44303.66641444117
4286323,68000.0,71117.97808737966
4325484,70000.0,55092.166029815424
4332820,9000.0,18368.57339421247
4274547,18000.0,28502.26161952684
4310289,67000.0,77310.05944857068
4246630,29000.0,59498.17925150613
4322371,34000.0,27097.192109614305
4366946,10000.0,11892.112540815464
4338631,65000.0,63852.29221784735
4285501,28000.0,38506.94438432702
4246478,50000.0,52941.5553434863
4338263,47500.0,48456.351062396076
4261044,22500.0,29721.541258790432
4330223,8000.0,8785.854080279041
4363312,100000.0,91247.55338176043
4265604,37000.0,43741.71368864888
4246423,47500.0,46288.55558262501
4309805,26000.0,21581.442386753573
4358172,53000.0,57652.10146806279
4326669,9000.0,13579.6804445399
4309555,81000.0,66793.06953589639
4352097,30000.0,27633.17979309307
4309333,11000.0,12017.252175294629
4276574,77500.0,35928.75581002876
4326000,21000.0,20687.755179179134
4276853,18000.0,17588.899227952414
4308266,70000.0,46728.828348328476
4364022,32000.0,37299.13115476832
4307730,18000.0,18796.737878772332
4244856,10500.0,12314.426716548067
4307363,85000.0,81035.1724192185
4263807,18000.0,18769.75870640439
4260153,18000.0,13071.171104128794
4266494,22500.0,30582.879219949435
4295302,67500.0,57354.54397436439
4276125,33000.0,35742.018700363275
4304840,47000.0,52824.40420360821
4367267,37500.0,31148.106737926966
4362375,65000.0,75942.0958783146
4349820,28000.0,21833.686742933238
4283324,11000.0,13297.820166516623
4312331,22500.0,23852.785412391127
4283118,29000.0,19256.11369295921
4294462,115000.0,85509.88124221296
4305023,37500.0,42865.29248299644
4362406,67500.0,83660.23123848315
4373341,15500.0,12567.658537023668
4276054,14000.0,14671.716122421325
4338608,47500.0,42204.68372350103
4312381,29000.0,37456.63772158357
4276186,19000.0,17607.50674720348
4338584,70000.0,50019.06607045114
4352393,62500.0,60902.783195676035
4312253,97500.0,90564.85268439443
4266524,45000.0,29831.11258162823
4322077,9000.0,9686.545168381099
6259422,36700.0,37740.10865908721
6257749,11100.0,11624.32747407015
1418180,85000.0,61110.60997842774
6258314,20300.0,23563.902125775585
4265029,45000.0,35167.19784410736
4264888,11000.0,11093.187433367111
4276435,18000.0,23240.15177757997
4333218,16500.0,14918.978177169105
4324721,17000.0,20171.982201686875
4324565,10000.0,10578.00013528619
4251597,20500.0,15729.579060382748
4293130,37500.0,30078.778390579406
4275674,55000.0,51971.479657568845
4408449,15000.0,15274.17941882194
4319337,11000.0,10521.92756664047
4304064,38000.0,26607.08377034766
4309324,8000.0,9128.534508824507
4393927,47500.0,73174.36554811156
4370743,7000.0,6916.749539187519
4276044,12000.0,13572.23623586116
4311352,10000.0,14523.367480583227
4395129,65000.0,74567.69266956284
4310246,42500.0,28587.365174037885
4395001,39000.0,37790.283720631174
4310164,22500.0,20750.90439198233
4311555,36000.0,33245.41413226494
4318052,13000.0,9748.883515952019
4279793,35000.0,30264.35944655181
4370091,6000.0,5940.9313585412765
4256772,29000.0,20294.01264629996
4338209,19000.0,16977.35748699254
4312076,42500.0,43246.63841830536
4393847,50000.0,45262.86934822311
4393820,27000.0,39551.91333012338
4309414,6500.0,7661.956417686682
4268691,10000.0,9856.486935477524
4394789,27500.0,26931.28033509505
4306779,47000.0,56557.47810825634
4321030,32000.0,29131.643052585227
4320616,32000.0,27068.8963171949
4247600,8500.0,8697.088808492357
4249087,51000.0,54675.24758422478
4271489,21000.0,16773.39151523912
4283645,10500.0,11749.902601073194
4248198,9000.0,9357.205885439937
4250757,8500.0,11040.148057841825
4349305,15500.0,16246.87393138224
4320039,24000.0,19288.481484535067
4352792,23000.0,23063.568484319923
4248779,27500.0,22927.18932870841
4321257,21000.0,17928.121028897844
4349963,15000.0,15186.851869835225
4319778,16000.0,17080.609464780176
4283586,11000.0,9058.270626086492
4244700,16000.0,10264.933830110804
4320867,35000.0,28623.47113924515
4272013,37000.0,40558.279320326015
4250045,20000.0,18237.946616080662
4352486,38000.0,26966.882236061134
6264002,11000.0,11351.156668430094
6262893,26000.0,27487.89726602692
6279282,38000.0,29712.631009752804
1224185,44000.0,41223.844054144494
6270667,11000.0,9459.169342678008
1225160,6000.0,6390.785056364385
4276436,18000.0,22700.410837425185
6269438,35000.0,35714.89136143904
6270678,10500.0,11482.920598894458
4370090,6000.0,5916.959087693922
6320399,65000.0,56716.2530445649
6298402,19500.0,15531.90114409269
6320372,39000.0,33318.98011458552
6257495,8500.0,7659.681608538425
6286009,16000.0,15316.534915718325
6266326,21000.0,17778.901355700084
4311553,36000.0,33734.97100760375
6286482,35000.0,25811.56928587093
6260989,29000.0,20941.077193308294
4248778,27500.0,23165.350288494497
6308218,10000.0,8618.949206867705
6283624,36000.0,35177.042555017026
6286565,32000.0,26743.032540225493
6278183,24000.0,32643.44113774332
6283800,42500.0,43061.897327234714
6287845,10000.0,9683.759130769231
4249081,51000.0,54921.2011715884
6257691,9000.0,9424.006262448565
6265326,10000.0,10643.38181193825
6283565,10000.0,14117.774968782373
4349304,15500.0,16544.14727560307
4352487,38000.0,26938.57232813404
4276055,12000.0,13312.476917333404
6327722,15000.0,15651.957393515004
6264069,45000.0,40199.110480904725
6299266,38000.0,33533.10200705919
6258331,20000.0,20481.333501330926
6294679,19000.0,18021.01871454973
6258062,51000.0,31310.11809273194
6258082,27500.0,25405.945067706816
6299363,23000.0,25483.470538404377
6280600,47000.0,65162.64353859633
6286179,32000.0,24637.281502094564
4319304,11000.0,10581.644354747403
4250733,8500.0,11023.407919629673
6319983,27000.0,38820.48894318907
6282815,22500.0,23254.10242259366
6285665,13000.0,8945.321138520225
6256309,16000.0,10313.678545969151
6282860,42500.0,33899.060392500454
6311014,7500.0,10985.673192150469
6320016,47500.0,66299.08782851035
6286683,21000.0,19195.456453150597
6320295,27500.0,32034.4020269715
4251604,20500.0,15749.000928971844
6298389,15000.0,13518.243188725608
6282046,7500.0,10608.109158638004
6310159,6000.0,6480.535859172872
6310390,7000.0,7126.193401264134
6267752,55000.0,52192.16511146964
6289993,9500.0,12990.61732225859
4324724,17000.0,20015.82931673792
6286069,24000.0,18845.979605417026
6266516,37000.0,37480.37230361254
6274270,39000.0,33226.765688416715
6291442,16500.0,14484.918776256303
6298185,15000.0,16075.393513140643
6282316,8000.0,9559.49123961159
6282422,6500.0,8016.590504682846
6274140,37500.0,31573.322295603808
6320000,50000.0,46472.39447764214
6258102,12000.0,13755.856631139171
6269849,14750.0,18330.182418119195
6283259,25000.0,24981.97761581723
6314890,18000.0,13988.530292712669
6302317,8000.0,12957.32761832007
6313030,5700.0,7840.451469979798
6304395,30000.0,22332.16399063738
6302131,13200.0,16875.205515763555
6311440,9800.0,14340.936445240575
6264609,75000.0,75206.61850332162
6283134,19000.0,15410.260169486688
6276728,25750.0,16009.890376406085
6274998,40000.0,18368.882048324558
6263797,16500.0,12096.343862427608
1224302,71000.0,60358.44507447767
1224536,15000.0,17212.483732191802
1224934,15000.0,12319.709387957342
1224317,75000.0,70700.59838578095
1224954,17500.0,19292.76939915783
1224267,72500.0,71129.82907763102
1224983,90000.0,83902.58696932024
1224469,82500.0,61577.608393487295
1224270,32500.0,30952.485303735084
1224269,50000.0,79011.9140917109
1224432,140000.0,119812.72277191699
1224455,22500.0,29850.453679651164
1224541,19500.0,18902.956816605605
1224264,92500.0,85491.87064902982
1224467,62500.0,31903.88663613994
1224262,82500.0,86101.66549834117
1225086,130000.0,124475.98649985711
1225085,95000.0,98479.66363101955
1224456,52500.0,46830.11630472719
1224457,52500.0,54360.71485081421
1224288,25000.0,23119.383819257433
1224318,55000.0,64187.17987412507
1224473,16500.0,12301.118116866663
1224981,22500.0,21579.404147337147
1224361,77500.0,69019.31553029224
1224511,37500.0,34407.44158336873
1224479,50000.0,48730.55432046551
1224995,100000.0,68373.33093135578
1224507,22500.0,25276.995288111346
1224367,120000.0,104917.32966427151
1224959,100000.0,85592.72651961126
1224371,41000.0,43596.84297968153
1225096,14000.0,23149.86078231895
1224391,65000.0,68612.2998065928
1224503,33000.0,29938.976691998963
1224502,42000.0,48198.91557705289
1224390,125000.0,97886.66676864424
1224490,63000.0,49626.93158308381
1224389,85000.0,95871.19923451386
1224992,85000.0,81843.17233515864
1224982,67500.0,66907.66288909664
1224512,37500.0,35602.98158676994
1224515,30000.0,29976.388978768606
1224944,16750.0,16187.810746500014
1224530,82500.0,82648.73343805225
1224529,38000.0,45601.685654643996
1224422,21500.0,21227.223774992992
1224421,40000.0,34611.87919573833
1224527,35000.0,37005.464348664325
1224474,16000.0,12105.582389034043
1224979,67500.0,48384.29654622053
1224413,120000.0,108037.8410500693
1224410,100000.0,96470.19350740995
1224526,31000.0,15382.294977474137
1224357,51000.0,46677.945032274736
1224523,17500.0,16641.935719047076
1224409,25000.0,28368.848064190788
1224359,65000.0,69112.31827714086
1224360,47500.0,49271.42636981699
1224388,43000.0,31664.42953194176
1224408,48000.0,51658.2058192141
1225131,12750.0,14729.313811932876
1224918,17000.0,15792.971520167966
1224714,12500.0,14037.454910373463
1224718,32500.0,17229.820314220186
1224752,21000.0,16103.029670095182
1225132,120000.0,79675.04503913182
1224727,125000.0,99257.38454012912
1224896,42000.0,40385.44879955458
1224728,125000.0,96178.1649527111
1225043,41000.0,39038.026877416894
1225044,16500.0,13715.159111958781
1224876,55000.0,41194.185075199064
1225034,52000.0,46761.320218241104
1224730,90000.0,76270.34251105195
1225031,10000.0,13816.910120358063
1224225,107500.0,97360.83965296141
1224209,42500.0,49368.620601506416
1225003,20000.0,34355.41505406443
1224731,22000.0,19178.165332988687
1225004,11000.0,10868.54776596847
1225048,75000.0,60763.26355705416
1224884,67500.0,69304.32506704607
1225062,45000.0,47250.28895363269
1224738,19000.0,14542.099327207367
1224878,60000.0,49365.9420807337
1225005,42500.0,29084.570234218965
1225162,28000.0,27541.933256227603
1224719,15500.0,12587.928267100644
1224713,10500.0,11463.851230672211
1225109,74000.0,74535.72996238848
1224928,24500.0,23313.313217483672
1224902,125000.0,113818.74650195529
1224839,27000.0,24263.88054468808
1224568,9000.0,20529.482998835756
1225080,41500.0,31798.554013461402
1224999,90000.0,76177.35983006371
1224595,67500.0,70401.51715115618
1224903,22000.0,23779.223199984222
1224709,17000.0,16993.006309988366
1224901,105000.0,102340.43888585774
1225035,90000.0,94818.50483139198
1224912,16000.0,13716.26790900412
1224843,29000.0,23287.197597434042
1225036,70000.0,60828.96537532563
1225150,70000.0,65644.27130458665
1225008,45000.0,38151.62099931264
1224961,46000.0,34577.323170025025
1224487,42500.0,35363.49717649441
1224977,28000.0,25039.642827375043
6300318,39600.0,36027.9189118816
6285573,5000.0,6631.850115048646
1224958,75000.0,76968.68110488557
6310357,6700.0,6971.2682818665835
1224905,41000.0,45965.18568861212
1225028,77500.0,78028.68901695136
6285556,7200.0,7244.470735684074
1224483,33000.0,27560.344939704126
6263795,9000.0,10413.508068048044
1224875,42500.0,64737.03314797201
1224477,22000.0,22831.186945355385
1224973,11500.0,11287.673429956896
1225052,34000.0,27126.069891603445
1225055,20500.0,25297.941313252388
1224478,24000.0,25597.14945073968
6258362,20050.0,16275.61823622597
1225053,57500.0,48365.83549586894
1225083,62500.0,35782.30427565553
1225051,37000.0,29785.113554920237
1224991,65000.0,48566.64148346566
1224461,46000.0,36744.36194643132
6310563,8800.0,9626.760453598694
1224462,46000.0,36147.39504267542
1224463,44000.0,39496.07959088742
1224464,30000.0,28337.221784217523
1224986,32000.0,35219.24670643708
1224900,80000.0,64637.994976442475
6282630,9500.0,11184.462053481428
6304281,13600.0,29299.230682384827
1224899,70000.0,59128.2463464871
6282691,16100.0,10582.418955289453
1225030,87500.0,82964.78430797147
6310514,11250.0,6786.6625712076075
1224468,34000.0,38717.36028287286
1224904,49000.0,40553.31127873366
6300173,31000.0,34071.14712528532
6263535,45100.0,36294.523355011544
6310398,7200.0,6460.9644985763725
1225045,32000.0,39659.8704195286
1224830,41000.0,47434.681654282154
1225046,75000.0,56910.252592339115
6282719,12400.0,12109.559269986054
1224980,87500.0,80905.61119496975
1224885,75000.0,70657.11454215298
6285336,29750.0,21680.45615855897
1225038,90000.0,86138.39476606983
1224956,87500.0,71868.12046759583
1224826,20000.0,26394.118232035544
6258337,18250.0,16971.36257226218
1224917,71000.0,69980.79183805005
1224951,15000.0,13027.000020955797
6283305,25600.0,25801.182567544736
1224950,8000.0,10940.077504427267
6283308,26400.0,25801.182567544736
1224948,15000.0,18758.806939184575
1225084,82500.0,48874.75091714049
1224729,61000.0,43609.35674273776
6283898,25250.0,28983.341347726182
6283340,9200.0,9474.44466846912
1224721,16000.0,27294.831518468287
1224943,15000.0,15319.862760860971
1224919,75000.0,63495.73361861256
6258899,26000.0,25740.66352842425
1224941,13500.0,10616.964214954485
1224940,32000.0,25980.332829757863
6285780,8100.0,11305.70260376365
1224561,57500.0,44827.122749340924
1224924,40000.0,41782.97788128867
1224923,20000.0,34283.46222768965
6257837,15300.0,17299.425731114992
1225082,28000.0,34948.12316274825
1224932,10500.0,11662.328563684308
1225002,17000.0,24824.7034577666
1224538,42500.0,33686.753430923214
1224710,101000.0,70183.76189050313
1224920,38000.0,42760.13563463711
6257668,9900.0,11393.738917860268
1224712,15000.0,14958.124691710003
1224935,8000.0,20159.394687426797
1225000,90000.0,63112.22116944258
1224933,13500.0,25874.76654796321
1224997,65000.0,63333.86877886456
6258085,13700.0,12749.646871681558
1224914,23000.0,28029.449034684247
6301571,15100.0,18044.012432202446
6257325,73500.0,78744.77276860717
1224910,28500.0,22299.679965040563
1224955,47500.0,47113.68241803667
1224489,50000.0,40640.32404554965
1224829,47000.0,56427.207615735
6304743,13400.0,25080.272372713516
1225009,47500.0,38911.96400998328
6285842,11600.0,12312.390309983102
1224827,35000.0,25616.497753259413
1224559,70000.0,59954.523167137835
6285542,14400.0,23110.36486198461
1224793,8500.0,9068.53158817048
6304855,70500.0,66578.6825504441
1224769,56000.0,36344.64590676032
1224953,15500.0,12207.985848349861
1224768,56000.0,36286.236028957544
6258132,11250.0,12812.87430742775
6258156,9000.0,10963.99541283911
1225063,100000.0,80517.00847411521
1224516,92500.0,77308.81967513335
1224513,45000.0,40466.20883747755
6283174,23200.0,22158.209106759532
1224915,50000.0,52643.70718008007
1224911,38000.0,28077.613384951783
1224505,87500.0,71648.99102917459
1224952,13000.0,12627.717416824084
1225056,33000.0,22251.381515473506
6282613,10000.0,11846.83660755791
1224766,24500.0,21664.61021174563
1224767,61000.0,40962.218493752574
6258199,13100.0,14090.453633666575
6257740,9500.0,10423.704973939797
6257657,8300.0,7948.210318079893
6256980,28600.0,19132.093371557214
1224237,62500.0,50471.97671574769
1224236,57500.0,45128.62100139611
1224235,55000.0,48870.959195393676
1224234,52500.0,50004.6676192191
1224233,47500.0,46227.938795367794
6265669,27600.0,27789.33482853196
6276428,26000.0,32298.663132539266
6315113,20200.0,22419.995564431803
1225116,13500.0,12034.549173987529
1225117,11000.0,12747.500472023114
6275980,18700.0,17453.775405619297
6315253,9100.0,9476.442473709101
1225118,18000.0,19999.598375689166
6315315,9000.0,8991.813763226126
6315323,34500.0,44113.24866100316
6275677,59000.0,62773.29371684518
1225119,64000.0,65792.58582292203
1224238,40000.0,47090.32608052343
6315001,8600.0,7722.377070919456
1225114,28000.0,23009.46778954582
6314996,6100.0,7543.7193985278445
1225105,85000.0,81571.42000171765
1224327,9500.0,12775.904791373565
6312514,23500.0,20595.320453246804
6259966,16600.0,17837.71079852172
1224300,67500.0,55616.85401914382
1224287,97500.0,56432.96405207038
1225107,82500.0,72872.24660220547
6294506,21100.0,18007.28728481098
1225120,65000.0,78761.63677541645
1224283,95000.0,95356.92293867715
1224258,110000.0,71366.3203571153
1224250,25000.0,32109.774342046898
6265520,45100.0,52625.17167154879
6277581,21400.0,26610.029964508056
1224245,23500.0,33972.55334546101
1225111,62500.0,53285.600165902484
6277092,39800.0,38516.108105737796
6314993,12400.0,9008.696638549052
1224268,100000.0,87683.82255364415
6275502,83600.0,71841.309409538
1225121,95000.0,83677.32748481077
1225122,72500.0,73181.69356228712
1225151,80000.0,61873.11115566408
1225157,87500.0,75280.17913719971
6270024,10600.0,8235.265949343593
1225163,44000.0,52167.17582901211
1225164,47500.0,54737.62562755433
6324743,10600.0,8456.86284873589
1225165,45000.0,49763.4904501031
6327538,10900.0,10030.13801771197
6288236,13500.0,12545.91974205105
6268876,8100.0,9962.823390448411
6268143,21800.0,28148.907745881006
6268142,29100.0,23717.111727383453
6268123,42100.0,26844.6241206951
6262116,75600.0,71987.71982451473
6330768,10100.0,10731.821407450141
6286816,27600.0,30160.46771738663
6287227,10000.0,10235.280623048779
6267557,31750.0,18656.78044795418
6267230,10400.0,10286.823404978766
1225103,87500.0,85909.79676700721
6288239,18200.0,16889.22044143569
1225144,50000.0,41159.56036676287
6317693,21000.0,19213.837557394858
6275004,18500.0,11702.547766885069
1225123,9500.0,10780.690718997088
6265998,19500.0,14492.926406851755
6274445,30300.0,30206.25177061861
1225126,75000.0,59974.3078920414
6318581,31000.0,23137.78347518664
6318766,18500.0,14657.532286448479
6320232,40250.0,52663.706062923244
1225127,80000.0,72106.39446822248
6288586,20750.0,15530.84177222996
6272413,55250.0,55062.64345280276
6272409,76400.0,60932.59563920798
6288494,9000.0,10665.251482233158
1225135,72500.0,62564.527720822676
1225136,16000.0,15723.4398031224
1225137,77500.0,72753.41743999606
1225138,48000.0,40830.4729669512
1225130,77500.0,63327.797487546544
1224330,25000.0,29667.86742643332
6315478,18600.0,21515.431572867474
1224401,90000.0,91506.56704062654
6312101,19500.0,19503.870200955454
1225097,33000.0,42111.12427825902
1224362,54000.0,48924.72292900027
1224363,65000.0,76077.3262784225
1224385,67500.0,55696.32934359068
6265055,12900.0,12924.991685750594
1225095,75000.0,46065.00087398855
6256383,10300.0,7752.079667386335
6282322,9100.0,12005.810122116038
6297953,39800.0,34012.00485998482
1224397,82500.0,80889.01982503962
1225088,60000.0,58268.80448225694
1224398,75000.0,88547.98234259961
6264835,24300.0,20857.666077391706
1224400,105000.0,91161.75066962266
6300781,33600.0,23539.981391938094
1224420,102500.0,78554.56249272481
6256364,27200.0,27121.654744329015
1224392,46000.0,41641.4934822588
1225101,75000.0,77321.94514230963
6311031,11100.0,10947.499700413216
1224348,56000.0,57527.46904157704
1224355,47500.0,44591.24216116527
1224459,49000.0,46064.83906265341
1224460,47000.0,46359.44349668512
1224332,56000.0,65320.82899890808
6262824,36000.0,29379.545089417854
1224331,25000.0,25063.45602688106
6312187,14600.0,12378.348409081455
1224345,42500.0,48196.6633147879
1224349,22000.0,19183.726176922322
1224356,57500.0,51995.23637254213
6275545,12000.0,13209.663312838278
6311569,11500.0,9460.183706580821
4298690,29000.0,32564.08278686912
4320933,30000.0,28638.367457738274
4292198,16000.0,10291.704801840855
4321065,35000.0,29313.653977727667
4317321,18000.0,14952.1459048514
4370209,5000.0,6308.106811204254
1225169,10000.0,24184.55514489051
4317275,11500.0,14252.204818960125
4310255,14000.0,14233.928329953746
6264695,38000.0,40755.146895541824
6291704,16000.0,21912.369347659936
4354786,31000.0,36152.64384643265
4316439,25000.0,19493.98805175951
4321098,30000.0,25634.720652327775
4263866,14000.0,12062.77904675286
6283115,19000.0,17623.72696273134
4268625,62500.0,60627.500354140786
4321124,37500.0,33358.57786858944
4248798,31000.0,26228.449355750083
4369849,28000.0,18710.172113373912
4364531,23500.0,35710.53067122069
4254417,11000.0,20610.697611001815
4358753,39000.0,33437.51630496883
4268310,20000.0,18558.824035738824
4249659,17500.0,14658.642199326578
4290663,87500.0,87789.9895388667
4299844,16000.0,15683.30354722124
6259667,10500.0,14120.856620803419
4250712,24000.0,20127.560689426817
4320024,23000.0,19254.060877836284
4359869,39000.0,41782.93416366641
4319957,15000.0,18942.886880882583
6260903,73000.0,63550.9318234155
4293034,35000.0,33217.68297627893
4319905,23000.0,18797.1020510028
4251558,19500.0,16030.266881775595
4319312,27000.0,19738.285862001318
4325878,8000.0,8652.132380283198
4319668,13000.0,14358.91519130811
4262224,80000.0,73053.9082242636
6281780,13500.0,19547.274631525335
6257631,9200.0,7616.240667176808
4250385,22000.0,21979.325346384085
4250193,9000.0,11620.48013255119
4324653,18000.0,15867.533451848873
6290243,30000.0,21319.207006659035
4326050,27000.0,17479.64476361348
4281977,80000.0,79656.77758675972
4324788,36000.0,35891.87857006096
6288161,32000.0,30539.63527186394
4281732,45000.0,38247.071321873496
6319594,30000.0,20190.64517109844
6319597,24500.0,21403.86904832527
6272623,65000.0,63119.221089679224
6299718,16500.0,17456.833005983983
6304433,33000.0,29631.217023626927
4269927,55000.0,39107.9299656653
6319633,25000.0,21056.402667864004
4318757,9000.0,9815.02909798491
6271182,32500.0,29620.45361841553
4265256,31000.0,32526.029937478615
4370750,6500.0,6955.536077828823
6305278,120000.0,48378.09107666799
4256126,87500.0,91929.30033049118
4310662,16000.0,22765.119039173664
4376320,8000.0,7226.500468400834
4311419,22000.0,21501.147335013564
4325894,27000.0,17120.57353825388
4375861,18500.0,18892.143921422896
6282223,27000.0,26748.68623177878
4321654,37500.0,32467.42469975672
1224241,10500.0,14957.336999382294
1224243,10500.0,15213.864115771255
4266677,80000.0,87200.86090854746
4333949,26000.0,22486.096618069394
4274593,20000.0,15099.947980033547
4276334,16000.0,23616.246388635685
4362353,70000.0,76489.04199377618
4322538,37500.0,34771.68034404487
4301741,39000.0,28925.232920559574
6328137,14000.0,14153.294983794991
4246393,36000.0,29606.12113504553
1224246,10500.0,14659.792635645463
1224249,10000.0,19885.207902768834
4267336,32000.0,24126.587714129928
4302456,16000.0,15972.687874088619
4246326,17000.0,12689.290788810811
6278536,10000.0,10737.403539886958
4303995,90000.0,49335.1327591101
4312549,62500.0,60695.35431689181
6267897,68000.0,61053.63988594489
6267862,63000.0,58522.64830560556
4263796,14500.0,19922.87047414797
4408216,15500.0,13906.296712284859
6302072,26000.0,33418.68707257063
6315198,27500.0,26674.19840511794
4310611,15000.0,13875.51182116533
4278890,13000.0,21114.420941171935
4274043,17000.0,11402.839247014474
6315101,16000.0,10807.134123239344
4376651,17500.0,20165.37924261076
6299352,31000.0,24985.781290042658
4247861,8500.0,7574.39633447429
4310641,19500.0,22783.84070623394
4349453,6000.0,8191.8294792493
4275056,37000.0,23094.630177783256
6296123,9750.0,8237.87761397524
4259582,72500.0,68481.79720773811
1225024,11750.0,12157.263353774795
6286048,23000.0,19279.47671944674
6286637,37500.0,31156.276910620472
6285566,12000.0,7528.702515885765
4349452,6000.0,8188.787249254266
6268011,16000.0,26250.122989192878
6310998,12000.0,10453.062935842525
1225486,62500.0,69964.40843545747
6300969,31000.0,23569.70261922769
6286056,15000.0,16336.861743105575
6287160,37500.0,30015.368699512655
6286804,37500.0,29693.895678592977
6330898,13750.0,11339.30484395509
6268908,13000.0,22402.01501045423
6285266,25000.0,20911.532561584932
6303039,17000.0,27105.34892732976
6327588,15500.0,12667.44029532275
6259806,31000.0,36583.51925717369
6287278,21500.0,18710.322604255147
6327589,15500.0,12638.608861455366
1225148,8750.0,11836.595390682472
6320368,43000.0,31021.94157814442
6267391,20000.0,13423.159696804902
6271162,31000.0,29096.09764075515
6285527,18000.0,20040.471441419035
6267210,17000.0,11458.381630636104
4326051,27000.0,17322.96145087718
6286623,30000.0,26715.424548023602
6270058,45000.0,44411.659518856875
6287908,36000.0,34960.24979512245
6302230,23500.0,21162.325666471133
6262022,13500.0,21290.604886346722
6270172,80000.0,92216.0416041634
6267556,37000.0,25023.525683953034
1224921,11000.0,14398.5851950314
1225487,64000.0,73215.06411513375
6262158,72500.0,63026.58102977562
6268146,18000.0,28128.531220368168
6282247,23000.0,19279.47671944674
6310393,6500.0,7336.1352987582795
6286563,35000.0,30974.81062788978
6285516,11500.0,21304.825913042332
6257002,17000.0,13997.180663044042
6271055,24000.0,19306.864086787926
6287868,18000.0,15991.929045539422
6310729,5750.0,7788.056736297669
4250169,9000.0,11465.594475447711
6310993,11250.0,10306.812761733378
6286058,23000.0,19922.57095528276
6257019,36000.0,29597.9360889406
6286598,35000.0,30974.81062788978
4325877,8000.0,8707.835790089513
6304205,83000.0,58551.941502531154
6283226,16000.0,18267.275215702608
1224711,14000.0,12313.386533837085
6277061,16000.0,15229.376851021856
6283211,19500.0,16854.20530413132
6276806,15000.0,14009.901745290992
6312071,18500.0,16557.151104808032
1224716,5000.0,8354.752115021938
4325893,27000.0,16981.44874361834
1225066,16000.0,16266.070323345304
1224668,17500.0,16590.46674608299
6285992,13000.0,12394.329183363408
6258060,24000.0,23764.359416415005
6265666,24000.0,25297.277718645808
1225065,18000.0,16866.098891973284
6306053,70000.0,70054.39058570542
4310616,15000.0,13751.133237264907
1225064,14000.0,16619.012334209838
6264614,80000.0,88252.42356445047
1224734,9500.0,10199.07878216021
1224735,15000.0,14836.03369704451
6276497,29000.0,28051.269896721802
1224591,7500.0,6771.749976658902
6264149,31000.0,32398.659583484434
1224590,8250.0,8725.67107935592
6279262,90000.0,42978.36493234904
6259951,11000.0,17932.884927658833
6265298,62500.0,63585.756209995816
6312518,17500.0,19919.649188226053
1388471,32000.0,24686.425183656793
6265178,20000.0,17258.006046988947
6283586,22000.0,22570.95763457107
6262876,8300.0,10090.429523246225
6257578,8500.0,7322.107053618094
1224558,16000.0,13116.540301298393
6278618,16000.0,14876.003767205262
6278273,14000.0,14292.197392671074
6314827,16000.0,12251.82765585104
6283229,21000.0,22185.962335630575
1224565,8500.0,8538.276511670569
1224587,8750.0,8685.72393998702
1224588,8250.0,8811.898847892202
6257885,31000.0,26921.68913713995
6260092,10500.0,12494.113002479518
1224589,8750.0,8356.486624167126
4301740,39000.0,28931.19714684215
6304190,39000.0,37633.21333429809
6283966,62500.0,54399.460903114224
6310081,28000.0,19020.644228623194
6265747,55000.0,44633.45286038879
6263619,14500.0,20789.672578116508
6273171,85000.0,90760.4799190453
6260690,14000.0,28497.362848283774
6258427,22000.0,21750.520327044596
6304471,39000.0,38566.48089965883
6273161,87500.0,90499.02218376573
6286420,30000.0,26066.62054745785
6260740,87500.0,80519.88247914558
4318759,9000.0,9727.045618096938
1224886,12250.0,13711.332717796922
1224888,12500.0,10491.375516651633
6304356,39000.0,40784.10876272619
4319302,27000.0,19561.357794316715
1224889,18000.0,13991.892589452595
1224892,5250.0,6543.362641638729
6258525,24000.0,19056.499702682973
1225425,14000.0,11275.184002692642
4251570,19500.0,16056.043543843542
6286473,30000.0,26066.62054745785
6282889,14000.0,14765.603879279379
6288561,23000.0,20441.89822976764
6254610,9000.0,10049.385132835958
6312383,8000.0,7339.012034932246
6273797,16000.0,10491.293448463479
6286047,20000.0,19279.47671944674
1224764,13500.0,13912.478508710528
6258222,17500.0,14229.758507570781
6291907,26000.0,17433.995298215126
6310212,5000.0,6673.398728653383
1224810,10000.0,10498.044112464224
1224811,11500.0,8800.674289044127
1224815,9500.0,14508.568736160809
1224816,10250.0,11813.675338515506
4364521,23500.0,35890.87444683185
1224820,14500.0,13264.918582010358
6263073,80000.0,74963.42510413317
6263662,14000.0,11673.790751157796
6274077,35000.0,31102.519421360437
1224873,9750.0,9284.074745638893
6274659,60500.0,52641.72908844679
6274092,39000.0,35179.539045317244
1224871,9000.0,10031.48266072624
6283116,29000.0,24469.544049165237
1224872,12750.0,8852.01361379166
1225380,20000.0,17051.824790113704
1449103,70000.0,65141.049158475544
1448270,63500.0,62311.244707452155
4275055,24000.0,22093.079527526985
4279563,46000.0,41673.564666037346
4278597,120000.0,97762.89601574073
4279732,9000.0,12516.042818537764
4275337,24000.0,21258.220847742334
4374362,14500.0,14788.004673677855
6315165,7100.0,6352.659585577326
4311515,35000.0,32008.770037485367
4247766,5500.0,11373.78885018819
6256646,8500.0,9054.887718179772
6256668,13900.0,12619.700844993904
4307733,10000.0,18716.32150307932
6282399,9400.0,10977.61292636035
6283100,34300.0,17984.441638763103
4247592,5500.0,7659.526699485002
4408601,20000.0,18911.10000663257
6268287,18600.0,12329.656013489819
6257590,8500.0,10531.333499714221
6257593,16200.0,10146.019070497858
6257621,11250.0,10499.728677941179
6257623,10000.0,10376.080092359856
6257653,10000.0,10644.030156098002
4362318,90000.0,79142.00997175767
6257897,18200.0,30397.191113448396
6258323,14100.0,18445.007104814835
6257411,14900.0,15460.382632646531
4323014,25000.0,20044.58086414487
4408496,11500.0,14336.235102522549
4256610,47000.0,66502.83135665172
4250001,12000.0,13769.808181315306
4324088,39000.0,38627.73915992372
4320932,25000.0,29193.503745221275
4319539,15000.0,13281.347817399454
6321443,12700.0,13099.623877026293
6269975,9200.0,13624.077498858536
6321548,6000.0,7360.661419414658
4321066,25000.0,29932.699600522235
4247990,6000.0,8419.020019965801
6269691,37500.0,25129.749513777686
4321476,24000.0,28103.022098562396
4248139,9500.0,9970.274324949394
6317840,17500.0,17598.483797994035
6265799,8800.0,13701.042942960768
6315556,19700.0,14724.645551552452
6315261,8000.0,9745.134731044756
4314114,11500.0,11906.878872675776
6314950,17600.0,22535.011186832904
6324716,9900.0,12101.937808880664
6284494,16800.0,12897.311884084416
4364532,10500.0,18261.96306937943
4273627,19000.0,23257.209255399215
6285453,11200.0,10100.712383017177
6302465,19900.0,14939.592455868265
4273890,31000.0,33266.64380095038
4245743,9500.0,7482.463832246448
6285094,61700.0,58053.08072261724
4359868,13000.0,30518.110922203723
1225231,26000.0,23827.490866730146
6303832,10500.0,18848.927507105604
4314478,30000.0,35582.27772813784
6269302,45000.0,37132.38139433738
4323378,15000.0,12919.981715856464
1225453,66000.0,66077.48163043521
1225381,35000.0,40024.418980920585
1225189,69000.0,55259.682632605465
4254860,42500.0,69440.30367956508
1225178,9000.0,20912.501477453374
6269304,46000.0,37820.935214755475
1225338,56000.0,67546.80584542676
4369853,20000.0,19395.15148412895
1225208,80000.0,59212.68509577626
6286326,25000.0,23749.770677499746
4269893,40000.0,35194.05154681138
4316553,25000.0,18872.06476917254
4312542,57000.0,55356.63543350099
4283173,47500.0,63732.5518861158
4257005,65000.0,39000.38769718344
4404136,8500.0,6212.761918678191
6327709,10000.0,14491.560265752529
4352571,42000.0,25951.257727211992
1225234,86000.0,52140.6599450482
6258651,17000.0,12849.384997378023
6286325,23000.0,23749.770677499746
4323608,45000.0,34881.491780838674
4369297,10000.0,8881.807901383338
1225456,14000.0,12855.57762809202
1225233,77000.0,61221.21960199509
4314110,11500.0,12068.164003923299
1225455,40000.0,39783.58202568962
6267161,31000.0,35781.812893822316
4374243,18500.0,18108.62933073428
6286321,23000.0,23749.770677499746
4313777,10000.0,10059.262425313256
6286324,23000.0,23749.770677499746
1225339,32000.0,40351.00804394032
4321421,26000.0,26303.274466721996
4319328,21000.0,15548.589392467175
4274104,57500.0,51819.97782433684
4250918,22000.0,20219.21468017633
4275042,24000.0,22632.621815849016
4288044,57500.0,62010.165031454686
4319850,13500.0,17637.469572962636
4250759,20000.0,18544.961385736442
1225358,9500.0,10795.428032653892
4371596,8000.0,9340.968640880608
4320856,29000.0,28335.226840291678
4371687,10000.0,9693.132811888743
6286534,25000.0,24372.063093205863
6267667,24000.0,20599.46795017628
6260917,47000.0,70278.20199174322
4320182,20000.0,24556.631366051468
4274719,22000.0,19832.26591398018
4319897,16000.0,17438.149239082668
4392579,18500.0,19162.794678682254
4372674,5500.0,6023.48798024772
1225364,17000.0,20527.100623457256
4318165,19500.0,16124.033434098515
4379899,18000.0,20805.246716471283
4318253,13000.0,11366.516159618195
6269387,9000.0,11862.57979986919
4318337,11500.0,9839.31194884157
4324772,37000.0,31484.87662768026
4370914,9000.0,8851.294939710677
6286411,25000.0,24372.063093205863
6267076,19000.0,21997.753049350962
4318522,13000.0,11189.407537264251
4286399,52500.0,44066.51582879081
1225492,91000.0,83498.89123772169
4318726,8500.0,10647.040434474173
4251586,21000.0,18715.72927910449
4347767,15500.0,17695.743185352552
4392609,27000.0,20788.804180069947
1225388,18500.0,13490.691400234613
4312410,38000.0,29951.571559428347
4296557,44000.0,52497.44852019084
6267553,27000.0,23811.24035139132
4278225,140000.0,132209.14649446373
4334104,30000.0,22370.54200657099
4301726,16000.0,14632.923901967653
1225475,25000.0,20622.05030755855
6283617,35000.0,31345.672268315422
6304353,13000.0,24898.100754801566
6257666,9500.0,10819.383611790523
1225357,10750.0,8870.752349797465
4301222,90000.0,83535.11514172798
1225605,28000.0,38121.80058822163
1225598,9000.0,8395.550989785563
6257619,6000.0,8158.120829157016
1225471,23500.0,20966.5419145521
6286736,23500.0,22482.397350944855
6287304,25000.0,20793.069183830074
4312401,29000.0,29721.68566291705
4266684,85000.0,87682.05044349498
4337849,27000.0,18850.821230418875
4322585,29000.0,34493.406927442185
4275993,80000.0,66523.04993515268
6306038,90000.0,78630.50226934665
4334910,35000.0,39368.305692140304
6285951,13500.0,13224.11597775638
1225244,77000.0,58920.03973461251
4269666,11500.0,11316.937129119005
6285953,15000.0,13276.747953769825
6284502,10000.0,12213.449704749146
4292801,18500.0,19976.60852505183
6286735,23500.0,22482.397350944855
1225608,26000.0,29396.66747897265
1225473,26000.0,16997.126155343893
1225243,68000.0,66822.37354438988
4337031,37500.0,37478.59107873786
4268303,25000.0,22901.96664779278
1225242,41500.0,32111.605683307735
1225241,70000.0,56986.88400507767
6328133,7500.0,13936.221733561877
4268022,17000.0,22734.521152573096
6327989,13000.0,11401.282767914005
6257480,5500.0,7788.750357484285
4337868,27000.0,19452.764297982638
4296385,35000.0,27700.253891845987
6311509,14500.0,16287.342790692459
4260555,122500.0,109377.7832821816
1225563,27000.0,18944.709030440295
4376343,7500.0,5982.7602535786855
4259445,87500.0,73151.74378073077
6327769,20000.0,14944.315205748027
4359854,70000.0,53781.94020291223
4310155,24000.0,21233.68732441387
4247770,5500.0,11323.570469973924
6327712,11500.0,14410.58948898118
4285529,90000.0,76458.66175697802
1225366,36000.0,27096.892862494944
4408522,14000.0,13816.380392729634
4275664,50000.0,50351.173454318574
4408454,14000.0,14250.75109225482
6287645,39000.0,40127.25901064218
6268789,120000.0,92385.24426479127
1225467,18500.0,18785.347929168864
4250037,12000.0,13845.62300608484
4320385,26000.0,25486.30534385364
4263431,47500.0,60170.23366328999
6256747,9500.0,7388.303136648217
1225235,57000.0,66249.76566400737
1225237,43000.0,42555.110580090004
4326145,33000.0,17296.53431933747
1225567,14750.0,12494.74596980261
1225566,47000.0,27557.80886483316
1225469,14500.0,16713.040397389144
1225470,26500.0,17031.891756458554
4262652,90000.0,70808.69957734106
4364469,77500.0,48900.186721299375
6281237,10000.0,15754.854688859908
6286737,24000.0,22482.397350944855
4374719,12500.0,12312.84551447474
4265030,51000.0,39178.04834919272
6267227,57500.0,53239.697438170486
6286723,26000.0,24869.369180472153
6270553,47500.0,52332.25042137933
6270539,47500.0,52260.6215549947
6262055,87500.0,69049.60719459227
6268662,140000.0,142694.5767427422
6267887,80000.0,70237.4631386918
6267418,22000.0,19954.362960039383
6267413,19000.0,17151.537838551303
6267757,50000.0,44448.61606024711
1225485,17000.0,17050.651907728152
6271352,90000.0,75020.53350173985
6284394,10000.0,9847.055865223307
4337030,37500.0,37875.79477935924
6283978,57000.0,52609.42726775422
6283929,38000.0,32839.72347671197
6283927,38000.0,31831.93805014553
6283915,29000.0,30746.184838470606
6264066,35000.0,39952.422823310066
6284609,30000.0,27919.095985515047
6264075,51000.0,41203.657570338335
6286026,13500.0,15352.823930824412
6264628,85000.0,89399.16340888759
6286039,16000.0,15701.486770347155
6282809,24000.0,23828.055816199892
4326160,33000.0,17266.98307076384
6286127,20000.0,23681.96876988931
6265016,41000.0,49789.31123733214
1225950,98000.0,78914.24748604701
6265017,43000.0,48817.55358758401
1225622,23500.0,26543.00100555361
6263485,47000.0,60334.96682366927
6285691,15000.0,14109.426475860002
6285692,19500.0,14109.426475860002
6285719,13000.0,10527.631354779323
6285741,11500.0,10476.91529002601
6263230,90000.0,74940.8123649861
6285839,13000.0,11497.049941989608
1225503,11500.0,9794.46372685624
1225612,14500.0,12277.196544680324
1225504,26000.0,22700.368506336225
1225526,5000.0,8179.428656898946
1225544,10750.0,10063.136893632578
1225565,5750.0,7822.4804422850775
6285292,25000.0,16726.100002899526
1225586,9500.0,17930.02553828214
1225597,23000.0,18381.936287757577
1225478,26000.0,20287.84070349499
1225516,12500.0,12078.142952478502
6271155,45000.0,31631.239046349576
6265078,17000.0,21492.38125929822
6286135,20000.0,23681.96876988931
1225435,16000.0,11922.282225997691
6286379,26000.0,25708.126700495992
1225431,26000.0,26464.128515343014
4318724,8500.0,10685.787419722452
6286422,25000.0,26765.993943454538
4347765,15500.0,17724.77128470311
6286445,25000.0,25708.126700495992
6273998,18500.0,20103.63793095409
1225420,25000.0,25941.52067362568
6286472,23000.0,26513.00922354501
4319307,21000.0,15605.172546383088
6272203,57500.0,67583.24165620413
6271660,52500.0,44160.92046090462
6286499,25000.0,25708.126700495992
6286522,25000.0,26485.669766369872
6286531,25000.0,26485.669766369872
6286465,29000.0,28944.87379272153
6265191,18500.0,19819.21603661765
6274277,37500.0,32406.075758260184
6275388,35000.0,29119.202901599492
6265194,23000.0,23997.384270037226
6265199,25000.0,24541.17449593939
1225463,14500.0,15433.24825719497
6286159,26000.0,22888.08085011609
1225457,14000.0,22923.60072668944
6278236,16000.0,13107.771413716611
6277916,90000.0,83041.5585448768
1225436,28500.0,18697.643110242898
6277913,72000.0,72758.8666777603
1225482,8500.0,8766.658963747079
6262427,122500.0,101735.46217037622
6265702,11500.0,11761.159266961013
6265753,40000.0,36741.04637301484
1225454,15000.0,13384.323882183578
1225437,28000.0,18783.148740921893
6275521,44000.0,60129.916314286485
6286250,26000.0,25708.126700495992
1225351,5500.0,6166.093857399325
6294522,27000.0,21313.052825011484
6312107,15000.0,12990.351689167966
6319591,18500.0,19356.212799285488
6319607,27000.0,21099.585540529526
6258570,22000.0,18791.721049582975
4251565,21000.0,18734.104425208578
6299291,42000.0,24880.738756508694
6287431,15000.0,15740.54008611302
6292297,35000.0,39238.33884835877
6287497,45000.0,33095.39199815119
6291965,37500.0,35807.10045041998
6312363,7500.0,6097.838319466229
6291951,30000.0,21460.532061481015
6324799,8500.0,6181.562549636823
6311479,18500.0,15544.711660967294
6314853,18000.0,15177.349201075156
6328005,15000.0,12627.814175828704
1225232,11000.0,12890.926783296683
6261087,65000.0,37498.90352866957
4372673,5500.0,6048.379501836583
6310079,20000.0,17618.095826504596
6302655,21000.0,22924.29047552635
6287901,37000.0,29474.31832336586
4408484,14000.0,14288.700539224788
4263438,47500.0,60076.38189804549
6260171,41000.0,55054.01923908903
6304536,70000.0,42780.28439390659
6260192,42500.0,57624.06638834022
6328046,14000.0,13037.254298773503
6287181,29000.0,31086.552285024693
6309838,10000.0,9522.197436654827
1225325,9700.0,7694.42066304468
6310681,8000.0,9119.642164042818
1225305,17000.0,15506.286155804799
6327727,14000.0,14626.662053814163
6310703,10000.0,9446.324968143741
6311610,8500.0,12006.566928080225
1225341,6500.0,9135.12372945036
1225304,11500.0,10769.092595750626
6327707,14000.0,14256.838330009805
1225245,16500.0,13810.937710389373
6311619,12500.0,12006.566928080225
6304385,35000.0,42100.92406629674
6304351,31000.0,28128.818468702953
6294526,27000.0,19049.7381788325
6258526,20000.0,20873.75840316073
6310439,9000.0,8231.128147835978
6314852,18000.0,16392.736196349793
6308029,77500.0,49635.40527444042
1225340,5750.0,9135.12372945036
6279110,80000.0,73552.92705699819
6276140,85000.0,74396.6771853392
6276142,85000.0,74477.09946645722
6279114,80000.0,70435.77872552845
6268733,99000.0,93128.4286804256
6289749,8500.0,15710.728490175086
6262831,35000.0,30186.379733489448
6319624,23000.0,20532.527883337993
6260086,8000.0,11660.914767747883
6267101,31000.0,27219.778024730345
6274680,107500.0,100694.07197204095
6267217,7500.0,14027.903386222773
6285987,13000.0,11586.972653948213
6264216,44000.0,40190.86126346925
6283650,27000.0,27777.858009563814
6300462,55000.0,45277.19241432824
6274690,107500.0,97473.53478211882
6284261,50500.0,54106.09726835649
6260886,16500.0,14212.82873956472
6284441,28500.0,27628.268083363695
6282924,28500.0,31155.289350872757
6304594,45000.0,35989.697090975744
6282879,30000.0,34713.41737595544
6282868,50500.0,52537.6843942931
6266726,38000.0,28973.354083966577
6275222,49000.0,52688.05644194172
6275223,49000.0,50393.69754300798
6333248,12000.0,9262.956089376545
6287373,34000.0,28140.55325856146
6304367,35000.0,36903.95219351049
6314806,11000.0,12598.422752381011
6282579,11500.0,9514.271944077918
6261839,31000.0,25282.64885280146
6266723,38000.0,33845.387911775804
6304510,36000.0,29314.528012215957
6282366,34000.0,28140.55325856146
6321517,11500.0,12647.93052643155
6283089,13000.0,11897.971966626228
6282896,27000.0,27777.858009563814
6280911,117500.0,89881.52584591934
6283944,30000.0,34531.86958325096
6260888,16500.0,12426.166377805015
6256791,28000.0,24187.749125875358
6318366,23000.0,20532.527883337993
6281007,75000.0,69463.45743333209
6282253,25000.0,27934.99964618673
6275207,42000.0,46094.65603030404
6285416,8000.0,8141.9671954060195
6275209,42000.0,45782.14278672356
6315384,18250.0,14409.262078786098
6280691,9400.0,12978.202615801956
6257706,12500.0,10552.409446126368
1225636,15000.0,11611.47814270288
6298252,8000.0,11897.477757974699
6257824,13500.0,17836.777065780916
6315424,12500.0,12524.415181258115
6285775,10000.0,12110.691881671275
6254636,14300.0,10785.235276328187
6310215,6000.0,6603.023941575823
6314824,15100.0,11335.096598210106
6315316,15000.0,12463.460173700421
6310385,6300.0,6853.958209921103
6283341,5800.0,8634.087506387952
1225933,35000.0,33480.5767940095
6310935,10500.0,9324.49718918821
6312438,10000.0,8580.204445939247
6285431,10200.0,8940.230793650037
6289943,10250.0,8556.287382343622
6257586,10750.0,9848.209009840964
6311381,12000.0,14934.807668333917
1225854,36000.0,38175.70749177057
1225650,43500.0,40537.74126072824
6281828,12600.0,12532.869213197717
6276589,39000.0,33209.29179501719
4260589,107500.0,99665.05550177563
4363350,70000.0,84297.94828005019
4329657,12500.0,13243.963735792351
4325613,33000.0,29307.212747793234
4329883,22500.0,22605.72608437061
4265465,47000.0,43001.75160920995
4265651,21000.0,24380.352641738573
4330024,10500.0,13661.76385274121
4371535,9500.0,8680.250421893092
6311467,11500.0,14075.176091777505
4325007,46000.0,44279.73010728436
4390034,75000.0,77741.05454175817
6272030,87500.0,85645.1988124738
6272031,87500.0,86894.89655218448
6257413,15000.0,10643.357163817207
4250933,22000.0,23283.545982801425
4251096,27500.0,28688.449022152086
6258261,16500.0,17193.269807460507
4395164,97500.0,75405.12650800227
6272220,55000.0,65357.55574814699
4268308,20000.0,17680.816528240714
4325937,22000.0,15665.25224442764
4266408,17000.0,19384.663367282832
6272223,55000.0,51350.31447209772
6276616,33000.0,32707.39695936927
4305139,67500.0,54384.84639411558
4371713,17000.0,10255.376867553281
4305251,17500.0,16300.274048427316
4325057,57500.0,50210.60556473775
4325932,20000.0,15265.311036717128
6282371,10500.0,9317.717095825517
4320209,24000.0,23991.199142621907
6256960,13200.0,17137.17675964466
4363453,9000.0,12567.78834853235
4363430,12500.0,13448.916203317138
6315550,16000.0,15976.98431944644
4254356,55000.0,70394.57639785888
4264328,29000.0,19648.93076248515
4394304,27000.0,27077.597623278813
4316246,90000.0,78448.73155529413
4310586,25000.0,19464.931480541156
4297541,14500.0,19338.079408088186
6276621,33500.0,26707.806026724786
6276619,33500.0,29441.78305294172
4250191,11500.0,10633.391126341729
4306616,44000.0,54626.26777346974
4250528,16500.0,17077.716327353934
6276617,34000.0,32707.39695936927
4297760,18000.0,15593.59801810836
4269358,72500.0,80143.6602698524
4265173,45000.0,48800.964034989236
4310465,19000.0,21373.64189525183
4250719,12000.0,10815.006919274267
6284403,23000.0,27805.20512207901
6309852,17200.0,12519.710330880916
6281213,42000.0,35189.74711115166
4251550,23000.0,28435.95464421838
4266864,47500.0,43258.576464328544
4253125,37000.0,34120.08811637778
6257639,9250.0,7281.768268685643
4393132,60000.0,47280.61766882998
6257643,6500.0,7258.731696497651
4302158,77500.0,71688.27869179679
4253065,15500.0,14738.008536245281
4314838,44000.0,39806.295188316224
4393280,75000.0,57498.302913282074
4304826,37000.0,44375.128101232025
6319050,81000.0,63123.66359198378
4362157,66000.0,82146.0945117554
4252501,29000.0,29992.79546693974
4314508,14000.0,16549.276583058443
6309861,11100.0,10907.924198042396
4393327,62500.0,35492.569672889
4393861,56000.0,55472.97472301874
6318342,71000.0,87281.47261371154
4393399,87500.0,67900.5699187005
4252761,30000.0,30949.722484619248
6318343,72000.0,72103.37112158177
6318344,72000.0,72103.37112158177
4362197,61000.0,83924.04940847048
4252848,33000.0,29455.58895417469
6318381,76000.0,46805.48067508219
4316651,30000.0,20341.50889326214
6264607,79000.0,76074.98252362736
4301921,102500.0,95537.93496825833
4393101,62000.0,52383.10112083698
4319321,14000.0,11562.981255989307
4254186,24000.0,34101.796080593165
6305806,39000.0,22902.63013365258
6276476,35000.0,30672.833489006563
6276475,36000.0,30667.702438223252
4253273,11500.0,10959.732629622866
4395037,51000.0,36352.60748255851
4392602,36000.0,27871.395773706892
4393952,20000.0,23509.428573701676
4394924,51000.0,38390.014418890634
6310005,14000.0,11932.470126648195
4266673,82500.0,85177.64674187271
6333348,10000.0,9074.70106964699
4251936,30000.0,24276.402971536852
4301211,85000.0,78886.19222066009
4392969,57500.0,50809.17926240209
6309951,10000.0,9776.489872813328
4252084,29000.0,29433.386638934462
4252437,30000.0,29725.510689912226
4262231,67500.0,60022.514554633206
4255595,37000.0,24555.182525071716
4362481,72500.0,91654.07240680578
4361986,72500.0,65541.65106813464
4318628,14000.0,10127.7551726815
6281781,17500.0,24339.667549551887
4262928,105000.0,81226.50674186005
4267212,27000.0,21743.831948687388
4295040,51000.0,45370.59957716594
4383433,7000.0,5968.475506770094
6314842,14000.0,13321.527571269473
6286331,32000.0,25372.036588535168
4289101,77500.0,65442.66110960461
4280324,47500.0,35638.10314825416
4325375,62000.0,50254.7890863762
4322358,26000.0,21149.490977133457
4375568,13500.0,13264.448227496378
6267355,34000.0,42256.86110138677
4408833,19000.0,17372.672015941444
4353292,8500.0,11651.63900173371
4373515,11500.0,11747.838415803324
4408599,17000.0,15902.977228645743
4281014,34000.0,27465.81360767103
4288822,80000.0,79180.4011044008
4353165,42000.0,40846.70743250352
4312234,62500.0,58738.778031504735
4281451,15000.0,14915.524652329945
4278938,22000.0,21416.733002573947
4288054,12000.0,13070.475325266607
4322291,25000.0,21488.380670292976
4322235,27000.0,19425.78267639748
4377095,18500.0,15544.988336717655
4311482,36000.0,29564.410267635245
4383544,8000.0,9495.960462109395
4276752,52500.0,40171.34821784782
4276978,57500.0,63873.904696341764
4373446,11000.0,11944.962514108323
6262692,13500.0,14955.180785906396
4277606,9000.0,14011.662109737796
6312144,12000.0,11434.12990724465
4277701,57500.0,32164.27882447414
6259920,33500.0,30741.500845825034
4258747,120000.0,95462.32166380942
6294562,32000.0,29884.90615370064
4290681,72500.0,53525.49669820748
4247594,9000.0,7860.643842013334
4375764,16000.0,14855.57221726444
4323733,14000.0,17946.125039792867
4323701,11500.0,15185.349620155308
4287987,85000.0,84903.823449895
6288285,13500.0,13474.006334490612
6286546,27000.0,26841.048140721552
4283668,11000.0,11828.151357470888
4349884,26000.0,23306.403744333023
6333244,9000.0,9268.244335133893
4367314,42500.0,34081.58673669511
4312626,75000.0,78053.07985608595
4323400,16000.0,14256.08291676169
4245575,9000.0,9890.020571511492
4323578,34000.0,28036.191314183467
4283869,42500.0,60419.4252407262
4374473,16000.0,13138.242260102003
4323427,18000.0,15361.335528530957
4323502,28000.0,25711.16195885831
4404114,5500.0,7353.941785164664
4349942,26000.0,20979.199214873603
4323518,27500.0,26135.52650859875
6333344,10000.0,8645.994362675883
6262003,47500.0,49390.38023682276
4349828,26000.0,23306.403744333023
4352180,8500.0,18713.69563362684
4283643,8000.0,10711.966519534368
4245944,34000.0,22072.486012430178
4375487,11000.0,12701.665640808107
4282164,9500.0,25133.49496127978
4282603,44000.0,60388.44691842366
4367372,42000.0,47732.501366618926
6287810,41000.0,41401.50749132644
4285945,92500.0,92179.17275536573
6287781,38500.0,32491.99353014413
4246468,65000.0,68315.43464285177
4292362,70000.0,62777.73665562455
6312480,9500.0,8347.891904899168
4322795,19000.0,15202.21057153427
4285828,82500.0,80175.37029740341
6287639,26000.0,22943.541224396395
4374816,11000.0,12007.630473691033
4283240,29000.0,21062.252591606117
4323248,8500.0,11222.98716653244
4256758,23000.0,20393.70595695017
6287473,26500.0,22272.91217458279
6286610,25500.0,25356.410614435365
4354334,21000.0,24728.517119458873
4337994,22500.0,22572.31392250478
4263800,23000.0,20728.17157900594
4311320,42500.0,42130.79613997378
4321097,32000.0,26313.17674496966
4249083,45000.0,52517.35918358013
6259028,36500.0,25327.188944132984
4312825,21000.0,27763.61869890066
4249030,57500.0,58141.147066223355
4274825,35000.0,36612.69448815308
4276565,41000.0,39801.08785623355
6285642,25500.0,24698.863181565557
4293935,34000.0,34971.57641717185
4395706,75000.0,93794.04790425177
4321128,36000.0,31011.286469893384
4321143,17000.0,15091.041388760224
6300644,58000.0,47311.71243471598
6300636,55000.0,47311.71243471598
4274526,60000.0,48865.80109935788
4381016,29000.0,35027.75365065839
4249287,27000.0,26916.782589523373
6302933,17100.0,12393.053800370591
6282342,10000.0,9990.6520254148
6311889,8500.0,10231.135566686671
4372524,11000.0,10342.150543985279
6258592,32500.0,20919.600430371363
6311894,10500.0,10278.612466360071
6277545,105000.0,81433.36492254544
6321430,7750.0,8687.973432768002
4335862,59000.0,68806.20487029651
4359154,42500.0,35494.56189058021
4311076,30000.0,27273.722182124377
4249394,15000.0,12229.005717991573
4335280,47500.0,48650.03907240918
6304015,23000.0,23416.99674224898
4323899,29000.0,26762.59647616346
4294630,137500.0,115023.61387189192
4321057,32000.0,29924.317669884862
4271334,69000.0,62561.4356667778
6314990,7000.0,8738.568790568492
4259427,90000.0,79009.02023010349
6300635,58000.0,47311.71243471598
4292701,65000.0,56302.09974135475
4354445,80000.0,67420.51260123575
4372472,9000.0,8723.793243302596
4270913,25000.0,20012.4202752502
4248485,12500.0,10467.755806891457
4395561,65000.0,66092.5901687577
4379771,11000.0,15208.27303524418
4311435,37000.0,20596.20116325158
4373134,15000.0,17143.012698600043
4321516,32000.0,28342.18315253409
4325907,16000.0,14415.649134738376
4247993,8500.0,9114.64502948187
4269749,12000.0,11226.95634941827
4321556,32000.0,28267.575230958177
4276331,22000.0,23191.742534781104
4321326,21000.0,18253.33157091958
4335913,60000.0,61789.879270316
4335448,47500.0,43760.45230208415
4336541,50000.0,34808.041265957836
6300634,59000.0,47311.71243471598
4336092,52500.0,52061.4523422232
6285773,9700.0,9088.161942522776
6300632,59000.0,47311.71243471598
6285798,12100.0,13238.497644367308
6300631,62000.0,47311.71243471598
6300616,63000.0,47311.71243471598
4336547,41000.0,40081.418093124645
4321219,20000.0,18366.592016692048
4248802,34000.0,26580.619183444705
4275726,59000.0,45094.13551496024
4380002,29000.0,20654.028025550375
4367637,38000.0,26637.621649319015
4275971,72000.0,65540.29389939325
6320725,90000.0,78255.25379566512
4372512,11500.0,13031.533447907152
6278495,77500.0,68998.3852499562
4367639,38000.0,26670.923015797227
6278392,102500.0,82836.42914835957
6265715,12000.0,10299.957286755412
4325062,57500.0,49850.76394300832
6277580,22500.0,25201.140060519683
6314862,29000.0,21220.57557527126
4367373,42000.0,47127.7746145616
6265518,70000.0,56224.68883711329
6265522,70000.0,59519.39399217098
6265534,72500.0,57509.1464251173
6276098,18000.0,14659.08444139504
4325372,62000.0,49861.916888201355
6275796,85000.0,84385.06504687514
6315186,7000.0,7698.394852689263
6277923,85000.0,84791.96445663579
6275947,14500.0,17499.928085632866
6275952,12500.0,16624.75959336142
6315073,8000.0,6732.855243468398
4395162,97500.0,75290.13164219419
6287085,27000.0,19253.8026876545
4254357,55000.0,70323.13948911102
4247764,8500.0,8613.291393342743
6268750,112500.0,111899.6290234624
4323737,14000.0,17904.94495419792
6268925,22000.0,20541.561177191405
6327668,11500.0,11485.938612990745
6324794,5500.0,7087.909194204948
4379999,29000.0,20580.68082741493
6269571,36000.0,35984.191341287005
6269656,47500.0,35027.657586433175
4381014,29000.0,34980.43898373988
6327780,17000.0,13470.78465258755
6269862,34000.0,28178.086024641612
6321522,11000.0,12708.866863154879
6320803,75000.0,100009.8087171079
4323895,29000.0,26671.623872623302
6270236,9500.0,23689.070277319635
6270240,9500.0,25886.15756972922
6270380,44000.0,59885.47488930143
6320742,65000.0,72700.97820213166
6270573,29000.0,22333.471143652736
4383432,7000.0,5973.262576164391
6270672,8000.0,10884.010331621292
6269985,15000.0,12780.234698335475
6270683,11000.0,10899.139394167145
6327792,19000.0,15911.836298705526
4247583,9000.0,7797.280748029537
4323503,28000.0,25624.671543301
6267737,59000.0,40739.30943087943
4323426,18000.0,15358.682106332595
4323585,34000.0,28152.191220103094
6267465,35000.0,38918.82855000542
4323399,16000.0,14184.706446211658
6267855,72000.0,63017.733508708516
4245959,34000.0,21873.440527026793
6328117,15000.0,15114.784095244331
6268029,22000.0,24447.79087750172
6268503,57500.0,34125.74456618311
6328072,17000.0,11752.418288578658
4375505,11000.0,12613.755977762161
6268114,41000.0,32114.665044072048
6328044,15500.0,11740.547929860606
6267373,60000.0,49903.82720712477
6268139,52500.0,39744.53536887242
6327995,13000.0,10735.44483871674
6268245,52500.0,63029.037740150496
6268258,55000.0,55729.378408683435
4323700,11500.0,15111.040321303193
6268259,57500.0,66045.31055692163
6268103,32000.0,32262.32142349256
6316194,8000.0,9929.308921395983
6270717,42500.0,55659.00768577519
6320379,51000.0,37048.87865669549
6272495,80000.0,73101.37711605256
4318627,14000.0,10208.843015833152
6319613,36000.0,21795.460760218568
6319611,36000.0,21795.460760218568
6272613,77500.0,60492.5745581767
6273190,72500.0,60643.046060939785
6273819,70000.0,61046.26108129747
6273968,65000.0,63382.319820921
6274020,27000.0,28640.886671546687
6274086,36000.0,33004.25809803367
6266265,69000.0,61050.16178048691
6318321,70000.0,69963.92825384952
6274400,13500.0,18031.75521673845
6266052,25000.0,21079.797325800417
4253133,37000.0,34047.764944007766
6274698,137500.0,118197.7289767981
6274884,51000.0,41724.061859769725
4253274,11500.0,11012.108620030403
4254194,24000.0,30834.04704554033
6265816,14000.0,11219.001522234938
4325013,46000.0,44364.24552080405
6317181,10500.0,10404.903387299524
6318312,72000.0,52383.689758885426
6320414,57500.0,76943.68388474236
4251935,30000.0,24453.361468384992
6319766,62000.0,59163.37062366965
4250179,11500.0,10703.611778280698
6320324,51000.0,49756.779365363596
4250544,16500.0,17012.92452800596
6320169,27000.0,24245.01493414232
4250734,12000.0,10886.426810476736
6320043,20000.0,19694.174730959803
6271451,82500.0,82293.22623605886
6271469,105000.0,83344.48740188856
6271493,92500.0,93220.38713730268
6320002,56000.0,54247.25017091823
6319712,57500.0,47453.87998668287
4371536,9500.0,8612.902453537074
6272217,55000.0,74538.04893483856
6319850,87500.0,59619.41499074964
4319341,14000.0,11537.157987550538
6319839,62500.0,34491.1397131343
6272244,72500.0,76529.43755383992
6272265,85000.0,82980.38492535171
6272275,70000.0,75488.5432477602
6319819,75000.0,56335.86117007777
1449143,70000.0,59873.31696461675
6319785,60000.0,47605.391220474885
4390021,75000.0,77509.39685916097
6314805,11000.0,12028.003750806616
6310711,17000.0,10799.876690477022
1225784,32000.0,28499.181853231676
6304605,62500.0,72729.1534143122
1225732,40000.0,31277.999891158088
6263631,23000.0,20276.377594574016
1225730,101000.0,71023.63783956747
6304549,40000.0,42462.6822622113
1225724,60000.0,52324.09879928251
6304489,48000.0,43312.516318885166
6284622,14000.0,15154.452670572413
6284724,44000.0,37848.73567806908
1225640,16000.0,16764.366993075415
6304481,25000.0,42503.22646054259
6304396,48000.0,41144.14067292934
6304246,42500.0,38776.18219517217
6258553,22000.0,20425.376799944323
4335275,47500.0,49000.22988495774
6285196,90000.0,75364.72679552255
6304148,55000.0,68360.28649606093
4335449,47500.0,43557.78518119828
6285306,30000.0,19324.05473200756
6258628,27000.0,26391.295399913623
6258629,27500.0,26391.295399913623
6304063,46000.0,40124.95342251386
6263339,105000.0,85142.30004552487
6258723,23000.0,23892.014080260305
6303548,40000.0,29512.077280406706
6303343,9000.0,9718.468993103088
6258927,28000.0,26378.335350745896
6258932,29000.0,29103.47766758609
6259019,28000.0,29103.47766758609
1225733,104000.0,110593.4703990047
6304627,50000.0,55876.003991684265
6304652,70000.0,77916.55574311317
6304656,72500.0,52883.20561586138
1225811,14500.0,17252.88996682425
6258012,45000.0,39890.340084083124
6306415,12500.0,13009.89899804484
6306405,9000.0,14371.824879327383
6306087,72500.0,92601.95308689105
6258081,27000.0,28013.099294682404
6258089,15000.0,12179.007964962491
6306022,61000.0,82794.57817159504
6306015,66000.0,86062.62111159059
1225810,14000.0,21742.2412416025
6305799,90000.0,92267.81132666861
6305798,81000.0,91651.21182171379
6305797,85000.0,92133.58817158687
6283995,75000.0,70938.54080157787
6259021,28000.0,29103.47766758609
6305793,85000.0,92145.9697159967
6284061,21000.0,25059.50950750554
1225807,59000.0,52215.72621831636
1225791,16500.0,18906.02476705075
4325612,33000.0,29237.700234028896
6263819,29000.0,20514.184946403948
6263816,26000.0,19551.940757441876
1225783,30500.0,30294.270346223737
1225782,62000.0,54163.30607480873
6304659,72500.0,52883.20561586138
1225773,49000.0,44314.02588650579
1225749,82000.0,61505.21824610233
1225739,70000.0,52611.47487718903
1225737,96000.0,120587.29826312188
1225734,90000.0,110316.6175730327
1225808,25000.0,19816.49398616524
6259022,30000.0,29103.47766758609
4293945,34000.0,34900.42021719324
6259073,30000.0,27813.119803705194
6286378,31000.0,25131.08043519819
6289843,10500.0,13970.078246909652
6289790,22500.0,23566.7094326348
6289739,12500.0,13651.835757336426
4353162,42000.0,40728.76447168291
4288055,12000.0,13103.804070008286
6288150,33000.0,27452.350068546104
6260967,23000.0,18696.322454740977
6286599,32000.0,25750.255517229685
6286604,32000.0,26011.434480570475
6262209,70000.0,59068.604887715104
6286621,29000.0,25750.255517229685
6286622,31000.0,26011.434480570475
6286624,32000.0,26011.434480570475
6262411,107500.0,100868.19817101481
6287395,8500.0,21163.157604187065
6286643,36000.0,30371.572354955115
6286652,17000.0,15723.6418944032
6286657,20000.0,16153.51243565364
6286667,22000.0,17630.983742243712
6286672,20000.0,17630.983742243712
6286673,20000.0,17630.983742243712
6287355,36000.0,27065.818486285418
6286703,21000.0,17574.90375861175
6261819,120000.0,101431.16232439135
6286744,31000.0,26109.44200665505
6286750,32000.0,26109.44200665505
6286763,32000.0,26378.58273886465
6287259,19000.0,15783.60668796946
6287112,26000.0,20524.80664345528
6262106,90000.0,75760.07451829665
6258005,57500.0,45796.17288928168
6260512,37000.0,26246.643771529114
6292816,57500.0,41887.04945942929
6300760,80000.0,66560.24865554505
6263058,67500.0,61609.884132799474
6259173,29000.0,29345.488816163983
6259183,29000.0,29103.47766758609
6299861,8500.0,12215.872258311298
6259273,30000.0,29105.87010612254
6259313,32500.0,29621.34608625623
6259315,33000.0,28384.833304770207
6259400,15500.0,14942.971826229757
6285999,16000.0,15234.678949296096
6259432,34000.0,30229.060990382073
6299128,8500.0,16704.769481840656
6299110,23000.0,13374.635741492444
6286012,14000.0,15174.285884764378
6292588,47500.0,46941.07778268829
4354327,21000.0,24838.79511581975
6298364,26000.0,20619.42019158955
6298320,26000.0,20619.42019158955
6259779,12000.0,11767.363185469196
6286094,24000.0,21915.78891191112
6298249,10500.0,6898.447533301602
4277610,9000.0,14021.637666645564
6286131,24000.0,22480.30480486461
6286133,24000.0,22480.30480486461
6294573,22500.0,23267.309996152595
6293193,41000.0,35536.47330861789
6293192,50000.0,33819.26988022389
6293031,52500.0,50532.150209789266
6292985,60000.0,71212.8727861292
6292973,59000.0,72007.71720332457
6298382,26000.0,20619.42019158955
6264116,45000.0,46243.02207810039
4323516,27500.0,26047.608618124566
6283850,62500.0,71301.98385463141
6311258,11000.0,12348.485930845602
6311193,15000.0,15659.570138762918
6310990,11000.0,10680.207571816458
6310985,11500.0,11505.59710081861
6310972,9000.0,7994.91188170184
6264831,27000.0,21973.7619418071
6281784,17500.0,20412.897524140073
6256677,9000.0,10144.901171682714
6264812,26000.0,21273.12438244628
6264806,19000.0,18968.86591676342
6310848,9500.0,8491.324721114599
4309356,58000.0,44501.16314425617
6310757,10000.0,10412.791155082197
6257984,45000.0,46873.85570038912
4363452,9000.0,12562.16327416946
6264703,47500.0,47324.26250023965
6257058,65000.0,59800.37170831238
4306617,44000.0,54377.65339746731
4363351,70000.0,84839.9275648981
6264626,82500.0,83364.37908817736
4265654,21000.0,24490.632437386605
1225952,9500.0,12638.66692060971
6257484,11000.0,7419.630213137408
1225947,26500.0,20751.656746591227
6287097,25000.0,20524.80664345528
6311274,11500.0,11728.622121069888
6281279,65000.0,33651.60528165719
6311425,12000.0,12265.126207858742
6312837,18500.0,14835.696143189483
6312830,18500.0,17415.296402767555
4367312,42500.0,34005.91325940315
4408857,19000.0,17251.47075139038
6312293,18000.0,15040.804965442423
6312274,18000.0,13146.764280095636
6312265,14000.0,13179.502722596271
6312248,13000.0,13171.689969527833
6265173,20000.0,16705.95772646348
6312039,16000.0,15040.543007206123
6311965,13500.0,13791.625291766615
4325906,16000.0,14383.136235755994
4311319,42500.0,41921.11150495235
6279751,12500.0,13587.094730568933
6311749,13000.0,11501.979802097176
6279811,67500.0,61091.0742811682
6311660,11000.0,12066.655990585845
6311658,11000.0,12066.655990585845
6311620,12500.0,11648.890272281109
4325933,20000.0,15227.721223700044
6279884,17500.0,15473.01681559352
4310582,25000.0,19507.52540477561
4310460,19000.0,21367.42556310647
6311539,16000.0,12862.742700002418
4325936,22000.0,15626.677667299598
6257535,9000.0,7995.872116078056
1225946,20500.0,20375.104105015118
6264764,27000.0,20584.623398504427
1225856,9500.0,9326.6217838873
1225822,62000.0,54783.151084667305
1225823,34000.0,39611.66553842246
1225905,13250.0,12214.948965682974
1225828,8000.0,9830.216245462674
1225923,11500.0,10737.513281099915
1225918,28000.0,25345.475372156427
1225855,8750.0,6930.037562326939
4304837,37000.0,43800.679564704624
6257883,27000.0,26154.18323741995
1225843,19000.0,17550.605547525818
6283591,37000.0,19951.37064814184
1225916,31500.0,24122.489973141684
1225842,35000.0,33672.0737885699
1225877,12500.0,11315.944981385386
1225878,12000.0,11021.576181266393
6283459,30000.0,28880.500051377836
1225829,16000.0,15115.797040971922
1225906,14250.0,12251.444673843154
6283610,36000.0,29651.08985599478
6257903,32000.0,27089.040563386043
6257817,12500.0,11501.158627094062
6283550,40000.0,43356.60099067083
6257910,34000.0,27089.040563386043
1225847,50500.0,37403.31906569519
6309779,9500.0,8708.101405389718
1225821,20500.0,19389.85642987432
1225859,17500.0,15572.779560525778
1225874,25500.0,19238.00432198429
1225945,6400.0,6587.258108057718
1225934,26500.0,21208.2455772698
1225924,27000.0,42441.735228255915
6264558,17000.0,17606.17276436998
6264155,47000.0,40325.06052695343
4361987,72500.0,65823.14043114759
6257615,8500.0,8584.669457566533
6288428,15000.0,14043.042682816873
6269553,39500.0,40812.41478211286
6301348,33000.0,28648.778494826107
6276389,30000.0,30862.37357553976
6284055,21000.0,23231.76805452141
6310538,10000.0,10257.515862074775
6315134,12500.0,9913.268534544251
6321648,28000.0,28277.7428018343
6265794,17000.0,13606.150519898214
6283309,35000.0,24222.75003724544
6294638,29000.0,19343.779512723184
1225979,32000.0,27355.77637107008
6289946,8000.0,9835.869565504547
4280453,27500.0,25831.630573296876
6286425,29500.0,29867.434242257987
4281157,41000.0,30556.229750123963
6290244,56000.0,33646.51929584798
6289818,25000.0,11733.476382064999
6304334,18000.0,17056.6426216012
4313252,15000.0,17164.82041414213
6287121,20000.0,24009.851776540032
4244863,12500.0,10002.161605498963
4312417,32000.0,36638.89469373794
6267584,31000.0,30362.338189214177
4257074,30000.0,32235.022708398268
4257571,57500.0,45808.75757075999
4312178,65000.0,71289.15425951424
4245354,7500.0,10059.00318155003
4312647,70000.0,77078.92328993445
6319602,29500.0,22160.99589111919
4319324,16000.0,15425.175726636413
6287533,13000.0,18887.15207311729
4259429,60000.0,66645.44186858513
4303756,67000.0,62735.865416459485
4311077,26000.0,28454.340056709825
4299842,17000.0,17132.706835101635
4313060,41000.0,51006.083353670365
6287846,8750.0,10073.432659668622
4313064,32500.0,50771.11441968704
6319587,33000.0,28888.031990099364
4246251,25000.0,25143.506989082238
4277061,19000.0,12594.5080509132
4260588,87500.0,91003.26657005501
4320208,22000.0,26325.764014724537
4315154,60000.0,57869.345181966026
4274525,54000.0,46774.127370412185
6284575,21500.0,15793.171258623524
4265038,37500.0,39489.2480244778
4316838,9500.0,9830.690360422424
6320380,36000.0,35067.63887002616
6271150,31000.0,31459.456290645172
4272087,17000.0,17815.818580148636
4374359,18500.0,17113.30713515708
6310293,5250.0,6546.191575021126
4271816,52500.0,43982.53490976054
4271335,62500.0,58154.79383887237
4320927,37500.0,30357.6955368783
4270949,21000.0,21458.504520841383
4305137,87000.0,76783.88956779946
4295312,11000.0,12330.725200362944
6274908,42000.0,45148.7248789252
6320641,39000.0,30478.959810702385
4270646,16000.0,15476.154020539741
6270183,21000.0,16392.862089895618
6292301,36500.0,41641.75320954755
6284567,21500.0,13596.177935551632
4275724,50000.0,52482.81527190999
4252760,32500.0,32249.588274653543
6315055,21000.0,17961.67557352766
4267213,21000.0,21540.61411943048
6311306,11500.0,11370.552560322276
4278253,30000.0,29151.403977059163
6315095,8250.0,7766.092612035263
4269931,45000.0,39163.760365708185
4268717,9000.0,11106.282826230861
6268900,10500.0,25457.200976281354
4316852,9500.0,9427.20040861587
4266940,10500.0,10899.982557413214
4314381,24000.0,16556.1764121066
6315270,11500.0,9336.876289717131
4263221,67500.0,62372.1994426255
4275972,76000.0,68160.49552478261
6269362,14000.0,12989.506254750293
6285981,23500.0,14755.692125982667
6315368,13500.0,15245.312790359581
4309065,12500.0,12896.97876233086
6282198,12000.0,11211.981086554755
6268928,10500.0,25457.200976281354
4256841,19000.0,20002.87142305237
6268821,8000.0,10797.94253094732
6257564,11250.0,9986.252620816631
6256679,12000.0,13551.567429698398
4395336,32500.0,34717.986266445434
4381190,22000.0,27725.1026753117
6264112,50000.0,41351.19432868374
4369767,22500.0,15661.085076067937
4375396,14000.0,13231.817629882784
4359153,45000.0,44539.36015995487
4404098,7000.0,6608.619194380142
4375594,14500.0,14626.920638798785
6257557,8250.0,9986.252620816631
4394133,30000.0,32397.787603251265
6265804,13000.0,12340.161922379832
4408049,11000.0,10029.675578449735
6257548,7000.0,7916.549647322802
6257539,8250.0,10031.086542101568
6258535,23500.0,21112.78270044986
6265182,18500.0,21018.103901958973
4372836,12000.0,14481.950093402715
4393824,45000.0,45111.22023276839
4376324,6000.0,7307.003756243329
6260688,21000.0,22961.64724257299
4335606,57500.0,43796.665047360846
6262224,21500.0,16014.580098510995
4375205,26000.0,28677.623353414532
6258129,12000.0,10832.186308265147
4361484,62500.0,58478.24605987075
4395845,16000.0,10823.056115780926
6256636,13000.0,8076.910423265754
6257960,50000.0,32063.192012345036
4394189,35000.0,47101.96425632654
6283140,21000.0,16472.09375566581
6270095,52500.0,39543.244034024596
6282942,64000.0,65934.8123155978
6258311,10000.0,13459.148295412064
6282912,90000.0,64800.579300065954
6283120,13750.0,19100.45607262295
6315097,8600.0,7246.2617510971095
6282915,9000.0,10741.27632613393
6282910,41000.0,38879.70351136075
6283150,27500.0,18693.316262598528
6283111,15500.0,13461.554059578873
6258332,16000.0,17131.214917867717
6283056,12500.0,12461.408853726596
6304730,19000.0,24285.16749058992
6264659,100000.0,89736.6264280259
4395846,16000.0,10965.893973862263
6282284,30500.0,33424.73981124612
4320905,37500.0,30681.117457557866
6305809,25000.0,48838.69435800303
6282350,8500.0,9667.993937263598
6282354,61000.0,42940.725686553174
6282365,39000.0,28377.611888862677
6264735,10500.0,12340.62353559716
6282400,77000.0,42114.67937316544
6304858,105000.0,65831.49479797317
6282446,80000.0,54215.440771577145
6282637,16700.0,11888.50751651749
6305538,27000.0,15481.57600610479
6282781,53000.0,44946.857628281294
4306770,65000.0,72886.8105329134
6266870,50000.0,36997.519807991135
4318533,12000.0,16042.215967464826
6258254,22000.0,21084.908606928133
6282875,30000.0,35112.243811129134
4395233,10000.0,9014.169919246515
6282618,8200.0,12490.371325607233
6264581,28000.0,27958.076085680616
6269906,41000.0,29679.426607332378
6283244,29000.0,23590.8192474879
4272075,17000.0,18147.514309643157
4388097,55000.0,58768.17585589839
6304001,23000.0,20247.591825690353
6303951,19000.0,13663.517578376996
6284580,17500.0,15095.749786422748
4252219,32500.0,27579.96241806033
6284582,24000.0,14996.571508186013
6263570,66000.0,58987.36493922125
6263558,78000.0,41577.63213461815
4373839,11500.0,12862.335141330512
6315494,22000.0,24947.039640098898
6303649,22500.0,22875.96994013286
6303610,56000.0,54379.818683690224
6303598,70000.0,47067.951573725724
6303595,58000.0,50812.09256783482
4379863,24000.0,18177.850934765484
6284812,60000.0,55203.64667872871
4372107,11000.0,9397.18816045571
6267110,31500.0,25784.3577714345
6263465,46000.0,34529.35970646185
6263432,67500.0,66084.76015822815
6263413,95000.0,41734.353697785424
6263402,40000.0,34547.80528116231
6285435,9500.0,9676.536496209
6285437,9500.0,9624.647302319327
4359881,20000.0,29056.322647124573
6267055,37500.0,34227.404856305264
6263690,44000.0,34036.90887726515
4248102,8500.0,11475.129299655398
6283252,32500.0,34544.306801545834
6283266,35000.0,37725.53060264547
6283267,46000.0,34204.53334133431
6282246,22500.0,24006.2110444835
6283292,36000.0,39956.28040198016
6269904,19000.0,20744.242705109784
4269072,11000.0,12002.11029278011
6283457,26000.0,26721.799685013673
4377043,16000.0,14202.625945818463
6266976,76000.0,57174.4154602948
4247911,12000.0,11608.608523919092
6264327,20500.0,21410.30837255596
4268823,37000.0,42619.128007080275
6304529,31000.0,34276.64850333059
6269701,27500.0,25920.114802404907
6304390,30000.0,23792.491714882744
6264061,37500.0,42994.835893276475
6283928,32000.0,26923.439891831316
4270639,16000.0,15369.74582096182
6283996,70000.0,73837.13939321533
4299505,65000.0,64390.160641879316
6304263,34100.0,28731.3383647734
6304254,45000.0,48468.51037545568
6284130,41000.0,49419.418626018974
6284133,32500.0,56431.250268767755
6284198,15000.0,17077.6492042395
6283833,65000.0,76008.51016193243
6264807,21000.0,23053.792045831156
6280992,70000.0,63663.66585044976
6282177,9000.0,16498.336233535338
4316495,16000.0,17267.22497771764
4316416,23000.0,17313.012451678398
6275003,11000.0,12660.46232883472
6272290,35000.0,42202.31696481596
6311074,12000.0,15081.777750847717
4259173,65000.0,49165.06310169535
4315156,63000.0,57459.924982567245
4364295,18000.0,22693.524698722533
6275478,39000.0,40906.437515022684
6275500,32800.0,54902.07633877479
6256603,7500.0,9835.958018313368
6256689,10000.0,11812.611775187477
6275658,104000.0,83296.34435307982
6275694,77000.0,63888.57842071207
6265742,45000.0,44289.042674737495
6275813,72500.0,82426.62403464295
6275816,92500.0,76759.55061719754
6272142,61000.0,43861.46691422014
6275956,16000.0,14756.068880517398
6276143,100000.0,75482.96749400951
6276369,34000.0,25766.142148698018
6276372,28500.0,27840.701568982404
6276413,28500.0,28406.445767729667
6274942,73000.0,47275.19427294395
6276433,31000.0,28402.668763425772
6274921,56000.0,46793.503193080134
4325006,52000.0,47167.24948812443
6311802,26000.0,24699.854235573206
6266244,62500.0,56380.43592036622
6272627,77000.0,52257.41554933073
6272682,77500.0,78434.37294274176
6272710,130000.0,109137.08759763985
6272712,135000.0,109137.08759763985
6272713,130000.0,109137.08759763985
6311870,14000.0,11919.22843075902
4260146,16000.0,14610.360409263338
4318415,10000.0,11134.250907827483
6266256,65000.0,57977.45486184891
6254582,20000.0,16283.515162310348
4260590,80000.0,95276.21272016967
4371229,8500.0,12149.160548809139
6311522,12500.0,13681.282763287212
4318323,13500.0,11158.166637984154
6311503,13500.0,15269.769445267515
6311501,18500.0,16615.525740535413
6266107,21000.0,23096.05985925974
6273939,36500.0,29246.170865156902
4317468,10000.0,8046.85682762529
6311999,14500.0,16040.33827435432
6256369,12500.0,9725.481625136987
4316650,22000.0,24104.766590361884
6282193,12500.0,12440.420515388374
6276581,37000.0,31680.28246921228
6256986,25000.0,20118.29746191247
6279174,67000.0,62213.75452466045
4408050,10500.0,9991.565165911035
4407967,10500.0,8760.55393473563
6327914,35000.0,24156.146545337277
6271172,42000.0,35219.28975043446
6271168,32500.0,30806.06123090682
4310999,9500.0,12726.219258857738
6279686,42000.0,44157.27384201056
6279824,87000.0,75023.69777099429
6320056,41000.0,53190.35523004823
6260684,20500.0,24144.874221680868
4320577,31000.0,27454.272763359473
6257908,24900.0,32482.325775260597
6280805,40000.0,35565.66698789429
6320116,30000.0,35017.91717143227
4256757,27000.0,21733.99590161805
6306485,92500.0,70939.2285034022
6270676,10500.0,10947.498462069934
6315631,34000.0,27405.3013551359
4361485,62500.0,59211.19420181067
6320133,35000.0,50376.105195199765
6264818,28000.0,20214.320804246032
4309145,13000.0,15201.613616493525
6279139,110000.0,72123.29389237637
6265660,19000.0,21670.836177071928
6266458,52500.0,46203.348623906095
6319992,45000.0,50311.65360425511
6256991,9750.0,17872.07460394176
6271903,91000.0,66654.9178190852
4258253,37500.0,20336.579093536275
6276786,8750.0,8572.06502911004
4258197,8000.0,11459.244604896534
6266400,25000.0,34911.21616154324
6277029,17000.0,15101.037080802726
6312384,6000.0,7179.389150443554
6310503,6250.0,6235.368125442548
6328045,13500.0,13267.268025798046
6277301,33000.0,29134.19873976786
6265574,63000.0,63089.35947708709
6312429,7600.0,10445.577328775347
6277579,30000.0,25576.993865869725
6257099,58000.0,62687.98233848351
4408492,14000.0,14897.37599660529
6278193,105500.0,84610.09371780218
6310230,4750.0,6180.88121443048
6265370,18500.0,17845.221679104892
6265339,8750.0,8720.469730730068
4312489,35000.0,42893.427992535435
6310044,22500.0,15572.109254896714
6266426,46000.0,43631.98940705731
6279081,78000.0,61386.03120210711
6316072,16000.0,16361.715808389861
1299054,28000.0,27819.108073253483
6262354,87500.0,89889.29778270404
6301569,17000.0,15640.639666742403
4252929,15000.0,13242.892401384275
6259944,9750.0,14297.775775800234
4393925,80000.0,69026.90103752232
4369705,14000.0,17017.969932063676
4277522,30000.0,28541.890468897946
4383368,20000.0,17909.96990163367
6268713,101000.0,77769.60500468127
6267778,50000.0,47623.82908310716
6261308,46000.0,41441.196770018236
6267363,54000.0,48621.17613340928
4279406,11000.0,10637.233117633037
6285892,16000.0,14239.770058123737
4245137,16000.0,10528.254944806891
6262230,79000.0,86824.6902475392
6262974,28000.0,26993.248462065527
6267755,45000.0,45523.79010960989
6267858,65000.0,55611.76881827309
6260205,63000.0,52413.7449469473
4353842,27500.0,32594.99091093206
4383180,20000.0,23756.87364323003
4289130,17500.0,14596.98478692652
6320645,32500.0,34484.42943750079
6327475,10000.0,9160.955627267847
6299623,30000.0,29061.88438383736
4278306,11000.0,15423.25992322555
6294510,52000.0,34698.16456068569
4276564,30000.0,27837.974462191018
6262009,63500.0,59260.346022779544
6321579,6000.0,8558.910844692464
6327476,11000.0,9724.074049607578
6262007,42000.0,46673.35926392785
6261040,19000.0,22193.292568597302
6301431,9000.0,8511.148756753459
4323397,15500.0,14667.173541802898
6324788,7000.0,6924.632222368775
4381018,13000.0,12839.448877224655
6261132,30000.0,29868.852317061355
4253312,14500.0,18312.203115163622
4370265,5000.0,6115.832447797073
6267349,45000.0,49800.38592938082
6268672,30000.0,31084.45229886365
4383276,22000.0,26464.962690863136
4292361,80000.0,79987.56410516176
6286111,22000.0,23736.690988861505
6261324,47500.0,38402.25969159694
6261319,57500.0,49010.578902782196
4285829,62500.0,70859.37391314897
4279728,13000.0,14368.595420256206
6260692,21000.0,23512.840008403185
4275725,42000.0,42279.6507763506
4244746,12000.0,12507.284327162624
6285574,55000.0,47334.59273657676
4276165,11000.0,13646.386554750092
4287986,75000.0,92292.78678746936
4281452,19000.0,15803.560149993153
6294910,13500.0,13003.430098241908
4249891,27000.0,21066.805840461024
6267415,18500.0,20666.730668247077
4335607,57500.0,43767.42743556429
4393749,61000.0,71001.53604168314
4280832,32000.0,32806.00204324542
6262087,60000.0,71896.97092961281
6267903,75000.0,62163.197866596354
6288524,15000.0,15093.834291635478
6333288,12500.0,10492.175245582175
6259256,32500.0,31738.66483819776
4277702,50000.0,35980.14309160155
4274298,21000.0,17015.908892634743
4323244,15000.0,11939.069010436257
4252955,14500.0,14831.783286605545
6316076,12750.0,16574.96405261932
4248484,15000.0,10744.879105060134
6260896,63000.0,59507.78372979418
6285575,37500.0,30387.295065684102
6268300,19000.0,11615.29352904333
4249780,23000.0,19406.291876475723
6285647,10600.0,11642.446922027566
4248321,14000.0,12878.624221942571
6320592,40000.0,61190.298689257914
6267888,76000.0,65644.78670458151
6299401,42000.0,33523.1480322512
1226046,86000.0,73839.75715657501
1226266,27000.0,25390.26962115964
1226154,8750.0,8838.163054486475
1226016,16000.0,16066.497118512689
6320020,80000.0,53636.914286454376
1226017,25000.0,23409.541695199005
6265471,11000.0,11609.533398603324
1226018,71000.0,67972.00205800423
6258240,23000.0,17082.57709496911
1226032,34000.0,38158.82882546337
1226038,9000.0,9803.862056145465
1226029,8500.0,10752.583153396652
4283882,67500.0,68704.42202971733
6267290,21000.0,15102.006899733115
4245136,16000.0,10495.215006308195
6262326,16000.0,16565.45257446687
1226039,35000.0,28945.752488220853
1226028,25000.0,15742.875577349652
1226027,24000.0,20602.531750307375
4268360,18000.0,12952.551499325764
1226021,37000.0,28545.675601506664
4275944,70000.0,57660.046798603886
1226045,21500.0,19595.718279223805
4258196,8000.0,11636.563814752571
1226048,48000.0,39954.30651120022
1226096,25500.0,16786.025914063615
6279934,13000.0,16666.308506973728
4267770,59000.0,44185.48410484482
1226083,13000.0,12159.985531933187
1226087,40000.0,30718.84284194991
1226089,48000.0,40032.313367774776
1226133,17000.0,15190.511346185805
1226090,15000.0,17274.17693504236
1226272,13000.0,9619.008699030455
1226091,6750.0,9103.799884917242
1226093,20000.0,17361.716161488894
1226110,10000.0,9815.49448912896
1226109,12000.0,17373.206449417037
1226138,13000.0,11323.348291506467
1226095,25000.0,17157.031002828844
1226098,26500.0,17274.187766420255
4276161,11000.0,13506.583103105539
6310012,14000.0,15039.353850187841
1226267,16500.0,19367.818092563284
1226099,24000.0,16641.818634183637
6280667,65000.0,79209.92254361603
6307855,18000.0,21420.728412399738
6259523,14500.0,15221.835309922264
6257799,15000.0,10843.94283663265
1226100,25000.0,16786.025914063615
1226101,25500.0,16760.01252708574
1226107,20000.0,15430.614848299381
6314987,9000.0,10059.402476500763
4284246,26000.0,22880.221200985587
1226072,16000.0,15919.735854788392
6310229,5000.0,6288.175153161899
6265377,37000.0,36837.16447914222
1226053,12000.0,12138.344745919392
6314968,7500.0,11492.775327785728
6268162,30000.0,34574.229885737055
1226060,36000.0,32802.91444779125
1226152,14000.0,12131.736094162137
1226061,32000.0,27143.8347498979
4275702,67000.0,51331.40788966154
6319960,61000.0,56339.65080021108
6312527,15000.0,20005.586232420123
6259348,14500.0,15227.93478497141
6261974,50000.0,41462.47530197918
4319901,25000.0,18663.16639399163
1226278,9000.0,24331.886002091403
6259340,15000.0,12485.066211012405
6312775,16000.0,14192.12999885439
1226144,10500.0,20839.90193584201
4308998,9500.0,12125.94094669256
6312776,16000.0,14192.12999885439
1226063,87000.0,60249.22572531993
1226066,84000.0,73958.2719569429
1226068,71000.0,45681.54777074398
6271426,62500.0,66641.05485626486
6282212,13000.0,12612.532619701193
1226062,23500.0,24801.425683377478
6327449,10500.0,9293.271578384805
1226201,34000.0,30102.247581422
6269393,13000.0,12555.600216407796
4276570,40000.0,27203.93873591722
1226195,19500.0,21333.907162892894
6269407,13000.0,12555.600216407796
6311347,11500.0,10436.468303420148
1226205,35000.0,34000.93190007942
6258955,32500.0,25371.830452932398
6285845,12000.0,14638.253592035784
6256319,12000.0,10947.424900481767
4249428,12000.0,12525.737383103451
4394771,36000.0,29450.89565092767
4281944,36000.0,36427.15433806889
6302010,19000.0,28227.20658909116
4388098,55000.0,58214.18454438547
4379868,24000.0,17771.156960831002
6257597,12000.0,11785.995952830086
6260962,27000.0,23678.73500253381
1226246,15000.0,12516.66320798839
6257654,8500.0,10747.065531812292
1226194,23500.0,17148.332770125155
4282622,42000.0,36738.8358380449
6315351,11000.0,12614.751796444343
6315347,13000.0,13032.422650407958
6285739,13500.0,10649.184314902785
6300285,27500.0,33115.2991727368
6285738,10000.0,10555.27276437874
4279724,26000.0,14384.505804974036
6315743,39000.0,32073.205438909496
6311769,14000.0,12157.95515142874
6272656,17500.0,14728.9351140962
6272660,14000.0,14649.546759068287
6316077,20000.0,19604.657181735187
1226202,43000.0,40617.50661000981
6269233,11000.0,9151.684077209531
6316080,18000.0,13250.482163197228
6269250,11000.0,9151.684077209531
4254840,71000.0,68493.09545105939
4248318,14000.0,12899.333284930979
6285326,22000.0,22528.948838586777
6285281,16000.0,16972.583242137574
4280820,45000.0,31020.53253966522
6285259,23000.0,17066.354890583916
4280962,24000.0,20704.17490004973
4318411,10000.0,11010.238009724708
6285550,10000.0,8264.962744800428
6273830,72500.0,55943.715270223554
6284802,63000.0,52143.48997533353
6273838,80000.0,72218.33503077035
6254499,6000.0,8913.084202838161
6316143,22000.0,27287.703908121945
4255571,42000.0,29282.149119738533
6272278,75000.0,87772.16764914892
4325012,52000.0,46822.653868080546
4322201,19000.0,16935.194791508082
1226159,11000.0,13314.522537432618
1226264,12200.0,23516.16104036738
6257734,20000.0,11476.969084365352
6268514,50000.0,35944.120663039925
4254225,35000.0,27913.32022676867
6267863,42500.0,55134.027199009186
6268455,30000.0,30471.116194544666
6310545,8500.0,11547.08843581295
6287438,15500.0,15641.17580069582
6276939,65000.0,59919.314750907695
6268681,11000.0,14353.497780160224
6317697,55000.0,49354.28007737014
6269989,19000.0,16463.3391359674
1226155,11500.0,11125.58248009363
6261600,8000.0,12464.226323626486
6287394,15000.0,12174.895599002504
1226000,11000.0,10730.80025844959
1226012,71000.0,68358.8559684436
1226013,64000.0,60771.62976406508
6262386,80000.0,83628.48878674829
1226015,25000.0,19788.35061428446
6261638,37500.0,20161.765071093887
6257736,10500.0,11574.507224188312
6283432,9500.0,13450.612808052654
4283547,115000.0,88091.19736493281
1226160,30500.0,30141.30504854099
6263983,72000.0,53384.08150087419
6283949,35000.0,34743.92711294029
6304365,20000.0,30389.298839506027
6327494,10500.0,9777.540644085791
4354341,37000.0,26407.006619619602
6261984,65000.0,43804.36149458342
6256532,16500.0,11280.808825944876
4263157,39000.0,39215.241238748575
1226191,11000.0,11227.111000964129
4283004,87000.0,57401.549561634965
4371728,9500.0,10936.981279432177
6286222,31000.0,25864.720860893616
1226189,55000.0,41343.1525429027
6320444,10000.0,8580.181346456928
6269808,32000.0,33709.5736550973
6310838,11000.0,8494.33906699436
4383371,20000.0,17753.695054748252
4249903,27000.0,21026.85629464636
1226171,4750.0,5893.852684829655
6327687,14000.0,14771.970818642
1226167,10500.0,11172.899787734024
1226184,9500.0,10299.652620241211
1226105,22500.0,15794.615574010733
6264992,50000.0,39333.15932038564
6287069,19000.0,17608.017837100273
6270891,26000.0,20222.400671464507
6264991,50000.0,39333.15932038564
6264989,50000.0,39504.459063729344
6265216,18000.0,11891.179376697333
6259857,35000.0,28198.66947992189
6268115,40000.0,27742.709596714
6264987,59000.0,39333.15932038564
6269840,24000.0,17599.472529391063
6269803,45000.0,30631.082852501277
4263158,39000.0,39816.837013121236
6269790,45000.0,33382.13750745942
6267813,67000.0,46778.46993954804
4282640,42000.0,36125.06011298137
6267794,57000.0,47964.136347800464
6267785,53000.0,47679.6529528757
6286037,25000.0,18896.87230288892
6260187,71000.0,60830.901269580834
4394779,36000.0,29663.59606528028
6260188,62500.0,60830.901269580834
6269411,26000.0,13262.597981826024
6269398,26000.0,13280.928540511246
6260538,42000.0,28449.55058722276
6263385,38000.0,37059.200700676345
6310705,9500.0,9214.08826187824
4283551,115000.0,87655.02477124883
6267832,70000.0,57861.385574478365
6270488,87000.0,50492.644575638435
1225971,23700.0,19465.04963628295
6268116,39000.0,25722.999806570886
6270711,67500.0,56210.36499758515
6270158,36000.0,35416.86264748912
4354348,37000.0,26284.93962551531
6268169,39000.0,25953.60820938777
6268168,33000.0,25801.941665621438
6270392,42000.0,32425.221016206888
6270621,74000.0,61051.10869546893
6258096,12000.0,12078.837512851824
4308996,9500.0,12097.994559284094
6290050,20500.0,16209.15762778478
6311873,13400.0,10591.373249103815
6256303,8500.0,8487.074791008097
6261996,73000.0,49506.99470456294
6318540,88000.0,54712.72464334741
6278950,14000.0,17354.941599077618
6276466,31000.0,30817.421495669274
6298151,9000.0,10124.580178285638
6310269,4750.0,5782.9010052869
6261818,110000.0,82224.83108142231
6266330,24250.0,17747.732119976463
6310425,7250.0,6868.2327492709455
6318406,105000.0,94471.52511844927
6257524,7200.0,7047.154624733166
6272299,42000.0,39733.21247374021
6257555,11750.0,9631.319025965511
6302879,13000.0,11549.56909630517
6269856,19250.0,20332.3951958194
6258233,17500.0,17575.669877570177
6258576,22500.0,24217.356033351545
6283110,16000.0,19056.886651722198
6270517,23000.0,16417.10843746528
6269859,19250.0,20324.284315349927
6282156,25000.0,20221.345611393543
6303694,9500.0,9951.554281345501
6282434,12500.0,10965.988294252944
6263127,18000.0,21097.57066066066
6314840,11500.0,11703.845018384249
6269908,40000.0,22567.791610271357
6258480,11500.0,14042.219841895254
6271130,51000.0,49940.093263504146
6269314,24000.0,26478.527250186915
6257617,11100.0,9915.258170540345
6283105,14500.0,14742.166081920102
6283218,31500.0,26873.05325490621
6303176,24500.0,16264.235899672922
6302837,10750.0,13349.030453812755
6271114,44000.0,43410.43913051472
4356843,17000.0,15635.472864154406
4333828,20000.0,21589.962186092773
4303910,16000.0,16143.96387982765
4321068,29000.0,28544.58372882157
4332061,8000.0,11417.238031769797
4283232,25000.0,20522.0116295643
4269314,57500.0,65065.68195246398
4314104,11000.0,11799.032883796563
4347160,18000.0,19256.134668009632
4357263,25000.0,28241.69291134085
4258285,23000.0,13701.276044258282
4263804,14000.0,15602.452549009626
4274839,31000.0,34495.14472453374
4354030,17500.0,17960.48885713218
4371076,6000.0,7187.233064408352
4321101,33000.0,25292.53027546785
4280819,35000.0,30376.942040377555
4259854,14500.0,10689.493315553163
4393285,66000.0,53023.61590406528
4281166,36000.0,31084.278881849536
4273746,42000.0,32572.233621006395
4281219,29000.0,34836.90731911714
4245953,27000.0,26356.12691848455
4273375,74000.0,54994.11449449023
4279723,16000.0,13181.026322615951
4291391,27000.0,19382.708648706157
4251564,19000.0,23471.304815570402
4317300,15500.0,15434.325249191857
4317267,14500.0,14921.22470954465
4246448,51000.0,41444.75747733388
4254666,8500.0,12927.238112231566
4316800,11000.0,8669.905736855073
4252749,30000.0,30152.008869762
4271203,35000.0,37668.56239873261
4373830,10500.0,11844.609644551118
4359896,27500.0,30346.17113688535
4374699,10000.0,11611.466028233937
4356659,9500.0,13684.169921334427
4349950,15000.0,12150.00481271788
4280335,28000.0,28350.271193009
4307826,22000.0,18879.78475246573
4349222,14000.0,11951.847228807914
4275946,64000.0,55814.42006813667
1226292,110000.0,60643.638083026904
4285842,82500.0,76556.41533897266
4408479,14500.0,14435.825921866388
4320381,22000.0,24620.19295093395
4326586,9500.0,13559.118890418997
4349894,23500.0,20728.976301254548
4388565,21500.0,20313.000216064214
4287678,61000.0,53194.969910064014
4288353,92500.0,90427.0132228833
4354340,26000.0,21343.942794333587
4408210,10000.0,13374.697750017249
4349954,15000.0,12545.55664945379
4376311,5000.0,7090.107540769411
4305148,70000.0,66290.09117878547
6288542,9500.0,13592.67914398246
6279230,16000.0,13852.610630731073
6262225,14500.0,11967.907861753478
6298166,14000.0,12561.676026772855
6303864,18500.0,15210.654428376325
6311299,10500.0,11500.357575004298
4317268,14500.0,15066.855816415167
4268051,87500.0,95977.23154766679
4375386,11000.0,12397.037972918308
6303865,11000.0,15688.880522084277
4317323,17000.0,15120.969955189292
4380133,7000.0,8388.055171244328
6285522,14000.0,19638.175966982173
4261703,36000.0,30104.872171494644
6289994,8000.0,10830.739635657303
4326297,17000.0,16727.622772201743
6285515,14000.0,19498.668873638366
4371972,10000.0,8078.417746737204
6263645,14000.0,16069.73686348224
4312492,70000.0,48388.9813267825
6284472,11000.0,10653.353901661043
4337151,9000.0,9986.583990927227
6286590,25000.0,24814.233133159196
6302970,14000.0,15480.727119595214
6281308,22000.0,19208.861891908484
6258713,19000.0,21068.827746192772
6298387,15000.0,13892.95778480636
4280255,40000.0,33796.454287445435
4260571,87500.0,88261.54336530063
6298384,15000.0,13602.128364060349
4335216,62500.0,77703.86322017283
4318392,9500.0,11931.410578839448
6285523,15500.0,19634.131278035107
4274044,11000.0,10403.731874829291
6273489,27000.0,15625.472422952871
6303070,25000.0,26581.59087481702
4296705,30000.0,26072.356619335
4311642,52500.0,38749.93318618933
6302974,17000.0,15480.727119595214
6291865,20000.0,16875.412612943455
4262237,80000.0,71439.54033687153
6285428,11000.0,8271.281921047874
4372020,7000.0,9235.779932260892
4248642,25000.0,26968.548903858613
6286626,33000.0,26600.175121979802
6254627,13500.0,12708.305685079215
4317488,8500.0,6907.918287152667
6311605,10000.0,10914.954077764369
4281437,23000.0,16178.141440297844
4289081,60000.0,62346.44887970676
4326426,10500.0,9355.139037808274
6256822,27000.0,23789.574281674024
4325311,50000.0,32878.050732749216
6265497,57500.0,53454.96752965774
4390263,14000.0,10121.806180182117
4375500,12500.0,12318.661220980244
6257054,51000.0,37198.95533071733
4371381,7000.0,9063.037863269949
4347226,9000.0,12229.982518348712
6261652,23000.0,13820.074466858126
4357716,57500.0,69378.6175237441
6300466,17500.0,16070.522610556836
4313885,45000.0,34481.971075418485
4289228,90000.0,82869.23634392484
4263810,14000.0,15660.30497286757
6300470,15000.0,16758.07950060192
4247803,8000.0,8140.824118579555
4263847,26000.0,19196.927948936373
6327721,14500.0,14157.591950996582
6328039,14500.0,12297.107330872175
1226382,9000.0,15578.408699568103
4356975,17000.0,19072.146968399375
6296015,18000.0,13430.651456997577
6300566,31000.0,21284.199084063464
4356844,17000.0,15690.728277640068
4305147,70000.0,65910.39399286319
4313711,50000.0,36565.42314679765
6310502,6000.0,6722.55944086884
4314266,37000.0,32924.28726402331
4271209,35000.0,38217.71469072136
4314319,13500.0,11970.500534869987
4314375,30000.0,15733.014668898611
4383578,10000.0,17613.931550264282
4250923,25000.0,24976.196117102932
4250015,24000.0,19109.750228033874
6301495,16500.0,16232.475709925691
4270226,90000.0,72562.29889836066
6286579,29000.0,24814.233133159196
6319829,66000.0,53567.77113754194
4262460,59000.0,44017.612371852236
6301215,12500.0,14975.585543602774
6286153,22000.0,22186.88362472927
4312614,60000.0,79346.13334961708
6328094,15000.0,13188.342306474506
4247769,9000.0,7329.093682394311
4269909,47500.0,49909.47141358748
4268316,22000.0,23027.30017481743
4333823,25000.0,24501.434435741998
4302394,18000.0,15683.546388996187
6260094,8500.0,11786.720647656755
6304469,27500.0,29276.549095034377
4250396,24000.0,21554.819775839922
4333498,25000.0,20413.25990864522
4314606,23000.0,25880.26478604937
6259255,30000.0,28046.20107389698
4263473,20000.0,17665.27163029499
4371727,14500.0,11939.241931294526
4269682,12000.0,11208.3403157468
4377046,14000.0,15679.966539852907
6298336,23500.0,19704.14193669089
4371931,10000.0,7472.607530301822
4393229,67500.0,47057.162110430385
4259402,67500.0,73784.55073626996
4320894,22000.0,29848.965979339035
6269660,28000.0,28550.553908549966
4322293,24000.0,21032.147813282227
6266278,35000.0,36200.69636142578
4408230,10000.0,13381.357616158739
6269924,29000.0,32227.716511510145
6269903,19000.0,22762.372434376193
6267825,64000.0,54871.26497831788
6266965,74000.0,55709.06092178416
4321270,22500.0,20025.054708688607
4374704,10000.0,11683.524054929887
4321646,26000.0,29102.770139508048
6315447,18500.0,13162.094730391877
4319500,12000.0,12721.501806909131
4256122,122500.0,80100.43659527096
4371143,9000.0,7387.552381562959
6267108,42000.0,31690.021976762007
6272144,61000.0,53236.81559435438
6271889,70000.0,78669.24292907453
4394119,55000.0,67360.72353941017
6267476,31000.0,40207.11025381425
6317883,21500.0,19516.183664314536
4321359,27500.0,24080.199763381097
4245794,18000.0,22721.675908843707
6312084,15000.0,12668.347537375268
6269406,16000.0,11922.97761208553
6312389,5000.0,6731.82648679262
6271439,82500.0,77573.15936920639
4254668,8500.0,12903.132341968258
6312178,14500.0,12059.722804192443
6269377,16000.0,12006.216177799384
4322359,29000.0,24886.067559419855
6269922,27000.0,25916.82290201291
6270559,25000.0,20939.018317730443
4319638,15500.0,15518.260692478081
6272362,92500.0,77595.05118424541
6269806,35000.0,29467.284155333233
6269913,36000.0,25907.939503203597
4321070,27000.0,28952.364757284377
4370141,5500.0,5746.654976272942
4271500,30000.0,33512.81242108774
6312086,10500.0,12327.119336497892
6312087,10500.0,12290.63038390673
6278570,18000.0,14241.895515473969
6263651,15250.0,19610.03895492123
6262056,67500.0,64618.907694687376
4388099,39000.0,48306.135246562146
6310190,5500.0,6147.090113471455
4259186,29000.0,40077.479566164744
4312604,60000.0,79373.35925278587
6259429,36000.0,29174.83554475815
6259423,32200.0,38002.107505395485
4334680,31000.0,25038.765954142225
4285485,27000.0,28006.850420338047
4321272,22500.0,20666.925495114912
6263636,26000.0,19426.137646218198
6284533,37000.0,35471.70594699161
6265851,90000.0,82271.00748008915
6286780,26000.0,26956.44444633908
4354342,27000.0,24179.250489462454
6311095,14500.0,16361.099907118214
6319811,67000.0,43085.67553665321
6298283,19000.0,19332.735906805457
6257542,9000.0,7464.20550191714
6257547,8000.0,8964.496170887389
4374459,15000.0,14539.31034285288
4316815,8500.0,8786.742180153959
4261704,35000.0,29647.29664641118
4388566,21000.0,19361.2544015844
4375572,11500.0,12280.784296720869
4301197,92500.0,82641.07229504602
4283881,71000.0,64688.125512388586
4302156,66000.0,58029.12655428731
4311643,52500.0,39819.965293163856
4317151,42500.0,29471.433037461327
4359897,24000.0,29705.254724303995
6298286,20000.0,19520.22158577634
6283955,70000.0,44705.37549819222
4312264,10500.0,13486.763160397686
6284358,50000.0,37983.81747184884
4270952,18500.0,21272.11048016328
4372824,16000.0,15511.25208911932
6258557,25000.0,21961.003540860842
6269625,40000.0,35108.18076256256
4312373,32000.0,32656.4818021866
4256124,122500.0,80579.51465213255
6265307,50250.0,47809.075817359146
6265680,12000.0,10722.9484225289
4371776,8500.0,8435.730889990353
6287114,29000.0,24666.144149481766
4362642,18000.0,14345.54467073877
4262090,82500.0,64808.968454828435
4321102,27500.0,26585.067194233263
6312778,14000.0,15236.722474220462
6286781,26000.0,26956.44444633908
4285843,65000.0,76529.71459701456
6272582,60000.0,54566.61047306481
6284572,30000.0,13776.439862440897
4314129,15500.0,15233.480662459719
4337152,9000.0,10075.25558414965
4392993,67500.0,60024.97462782064
4319608,18000.0,15367.099210205117
6285521,15000.0,20906.000057236568
4413387,22000.0,12414.835511854972
6302829,17000.0,20242.899749515305
4313712,50000.0,36253.596792908735
6310792,10000.0,7662.331181473841
4321645,25000.0,28069.48121420263
6310522,9000.0,6859.1951690566
4314320,14500.0,10809.002141486084
6310808,10000.0,8662.75766684661
4274838,47500.0,51214.03241156527
6262843,36000.0,35044.160490879985
6285532,17000.0,20242.5736770208
6263147,59000.0,41134.34412236494
4336167,50000.0,64647.95262318835
4409608,16000.0,11588.872629133573
6263072,80000.0,70106.3969696169
6310604,7000.0,10130.507230409212
6285663,12000.0,12194.660840186532
4293296,34000.0,34451.66540442245
4245793,18000.0,22797.478011496132
6285774,9500.0,11576.257404135435
6312281,16000.0,16625.311558026813
6310702,14500.0,10977.429375473243
4319639,15500.0,15523.425172647247
6320437,10500.0,8123.758602019808
6266394,37500.0,34627.54849801813
6285940,12000.0,13872.010306627266
4314116,16000.0,11460.725802999968
6267203,11000.0,10776.950828735746
4374698,11000.0,10404.347958760985
6258828,24000.0,14839.325484343975
4375501,11000.0,12444.58398029484
6315604,15500.0,9121.483394090237
4319840,18000.0,17573.398018132135
6315544,18000.0,17026.177159602114
6303427,57500.0,76771.16193028151
6275575,30000.0,21091.762591759336
6286533,27000.0,27500.06210610284
6312220,14500.0,13958.168155041629
4255570,27500.0,22845.685649798714
4265042,35000.0,36560.15447804176
4322297,24000.0,20951.955981408235
6284663,30000.0,24768.250088251607
6265778,47500.0,49898.0481034476
4321363,27500.0,24336.481155906382
4379778,10000.0,14656.62583989399
4370140,5500.0,5786.208284771029
4258158,9000.0,11256.78734491103
4275703,48000.0,41726.948548806904
6284558,13500.0,12417.970452919633
4258895,28000.0,26710.913886051843
6262359,87500.0,89479.87623424128
4394254,91000.0,55718.56952953947
4294773,13500.0,12715.687394837969
4273939,18000.0,15682.962828277743
4335220,62500.0,77497.49063844663
6317358,14600.0,15302.056803754951
4295955,66000.0,64348.975735881606
6263489,20000.0,18843.908363282415
6262409,87500.0,83962.28593543633
4314550,25000.0,23111.49380619714
6286405,22000.0,25244.23573155213
6310454,10000.0,8122.801510666936
4248487,11000.0,11297.249290789701
4372023,7000.0,9214.070842399742
4264700,14000.0,13476.825398496943
4296704,12500.0,19529.585511518366
6284998,102500.0,80084.69565829306
4275945,60000.0,61899.103625930205
1226286,33000.0,31905.37185884147
4244743,7500.0,12554.405837259554
4395345,35000.0,33507.73796966556
4395327,34000.0,34328.78401896258
6288246,27500.0,24113.444295097477
6311948,12500.0,13548.789888540909
4318326,11000.0,10783.41053177046
6288244,22500.0,19782.0214408976
4395324,34000.0,33523.573518765545
6288234,24000.0,20091.20041124818
4323892,34000.0,30651.60215175988
6288069,50000.0,35885.4692658705
4306325,100000.0,72464.06616874998
4247654,7500.0,8628.113877705786
4317643,36000.0,35267.59189797446
4317592,35000.0,29788.17430418233
4352751,65000.0,40733.1683204509
4256510,24000.0,14227.064223379411
4395143,54000.0,69923.38796452922
4369374,12000.0,11726.37081029554
6292707,62500.0,69020.08643075297
4278743,36000.0,38457.35342921444
4329880,25000.0,24035.01389021744
4278624,100000.0,99237.61742378859
6318690,14000.0,9878.752358036567
4317487,8500.0,6902.599930765145
6269986,23000.0,14193.640164527267
4283005,37500.0,35807.89855829259
6269980,14000.0,13978.37056641428
6272448,92500.0,64460.194538311815
4246253,27000.0,22898.51565857185
4267324,18500.0,24190.901675693414
6293497,9000.0,10766.857206411152
4392607,29000.0,27317.37566640784
6272475,90000.0,76338.9076468409
6267534,11300.0,17285.857815503616
4309469,21000.0,20420.59251025449
4280388,70000.0,65099.075325212914
4393231,67500.0,46989.92469053109
6291643,25000.0,18344.07909758722
6272676,90000.0,90881.5100228176
4280821,37000.0,28765.452133538776
4353234,17000.0,21108.613920801294
6311872,11000.0,11181.375211360793
4367058,19000.0,23447.16022456388
4366961,19000.0,13979.423205142422
6254554,10500.0,11165.891075006986
6264954,9700.0,15270.59482689522
4326350,16000.0,12716.242022836659
4250728,20000.0,20332.520811956263
4352998,25000.0,20954.120508856337
6320087,55000.0,63225.21955118994
4318409,11000.0,11215.946628448999
4373832,12500.0,11210.521595146105
6291860,25000.0,20676.931288145413
4326427,10500.0,9294.276363462044
4320895,23000.0,27871.66467494441
6314939,7000.0,8572.475712399146
4366952,23000.0,12690.019996138122
4362083,87500.0,64845.134898904
4326446,12000.0,8871.343223712147
6257854,25000.0,23871.224805565365
6288442,17000.0,16356.451191389928
4388539,18000.0,18019.261976297166
6305754,82500.0,65521.91326676228
4331967,7500.0,10332.475571018773
6288233,20000.0,20455.88714696265
4376310,6000.0,6799.428499361131
6265188,22000.0,24385.43762748488
4332298,7500.0,8083.772532626407
6258435,24000.0,19779.601403151457
6287600,43000.0,28762.929044385502
4321069,22500.0,28549.27362177527
6272416,60000.0,68496.51716646198
6287598,42000.0,28762.929044385502
4278077,110000.0,106464.98328979964
4256939,22000.0,18725.925856250753
4320199,19500.0,24236.529427273894
6257669,10100.0,12252.541480817777
4323331,10000.0,10524.871578808232
6311396,17000.0,17917.755581300607
6283625,52500.0,41535.58558805724
6296309,9000.0,12929.212974489215
4310667,8000.0,8857.761751664804
4283577,29000.0,31132.98207896258
4376620,23000.0,18466.601890711172
6265107,87500.0,59926.762663880916
4250395,20000.0,22082.802299665567
4277756,95000.0,70236.5513080646
6312386,6000.0,6555.974453858472
1226373,52000.0,77947.85409130336
6269805,29000.0,29726.39811276313
6283421,48500.0,47705.6218556095
1226376,16000.0,15163.7367697651
6258772,30000.0,28620.859460297448
6283909,32000.0,31347.402769133518
6285460,17250.0,13435.537557112451
6285464,10500.0,16492.808905644524
6285482,42500.0,29126.252473943223
6265652,28000.0,24871.42951295254
6279085,79500.0,70604.89951570323
1226369,7000.0,9368.910163813285
6285452,8700.0,9992.095673945132
6269807,37000.0,28908.645978590233
1226371,12500.0,12560.884952272461
6258806,17500.0,19709.59866272309
6320406,54000.0,62590.61732967693
6310512,5500.0,6634.465464369787
6270462,37500.0,39241.91960280857
6327977,9500.0,8551.229466438566
6280692,25000.0,25751.026669720264
6267168,18000.0,17058.557474248148
6312792,17000.0,11507.329198665928
1226377,14000.0,19362.511796105064
6264059,35000.0,39569.12527364192
6327670,14000.0,12372.710285148543
6269671,70000.0,65922.63776531968
6285430,8500.0,8546.972978858203
1226370,8500.0,9723.625754476858
6282273,21000.0,22859.7809460453
6282266,37000.0,29837.03562929171
6263172,12000.0,12345.753087896646
6280820,31000.0,34084.63965161383
6305994,87500.0,56263.38547423965
1226406,25000.0,16717.77339268923
6306009,60500.0,21466.000261832196
6285611,36000.0,30191.140690205983
6285615,36000.0,33421.45994824403
6258157,13500.0,11115.051796763992
6256976,27000.0,21195.305855015315
4409607,16000.0,11412.585342022587
6270662,29000.0,32224.537293760837
6281465,10000.0,11131.02851836402
6264859,18500.0,19560.806713131013
6304437,24000.0,28514.122078794353
6316147,25000.0,21140.77763490403
6276517,36000.0,31607.726579261427
6327833,25500.0,20851.95011739611
4309468,21000.0,20428.804349012007
6264190,50000.0,34970.57212202272
6302431,32000.0,33621.59920865479
4360065,21000.0,29414.862548807465
6285599,35000.0,25222.202319397038
6282249,38000.0,28948.360768198
1226405,27500.0,17353.028541157903
6302689,30000.0,17820.228030345053
1226386,11000.0,10271.319014913783
6303202,42500.0,36813.23719524662
6280823,40000.0,37425.65232773472
6283875,10500.0,11823.865875180243
6313013,6000.0,9048.815800464721
6283751,23000.0,10280.162781202196
6280832,40000.0,37425.65232773472
4325348,75000.0,44150.62054181199
6270511,8750.0,11827.461466031322
6320147,91000.0,61239.552227096596
6270734,71000.0,54020.999282826604
6271342,27000.0,28912.128473286404
6279245,47000.0,30217.00784102289
1226396,12000.0,11992.938020447033
1226399,11500.0,10810.330331174544
4308994,13000.0,13049.197221189903
1226404,25000.0,16837.70983528071
4323952,39000.0,34445.098397314236
6314848,15500.0,14017.317191965958
4301600,50000.0,43564.52302793209
6258186,8000.0,11432.750893771463
1226350,17000.0,15352.44526044997
6279645,34000.0,31555.944038043184
1226340,40000.0,27032.96990229994
4334681,31000.0,24861.999817902455
6271467,65000.0,79043.28627058589
6312497,23000.0,18174.888753842595
6284557,14500.0,10766.906203483495
6310240,4750.0,5574.947644069263
6304799,29500.0,34366.15591769403
6303814,27000.0,13262.28136716404
6270015,16000.0,13344.190765015905
6304811,36000.0,21100.50503180756
6303742,8500.0,9139.495113554585
6315187,7500.0,7808.253729862032
6265316,56500.0,54286.9713806819
6319738,67500.0,55970.0052634804
6304704,67500.0,62312.029385186805
6277924,92500.0,82493.2105778729
6265528,60000.0,50045.91802803604
6284594,21000.0,23179.560350686217
6312481,11500.0,9454.143119401546
6304690,82000.0,80706.11075966145
6278494,66000.0,47977.25980539615
6319954,91000.0,69119.7957627921
4271501,30000.0,33524.070967839165
6264585,22000.0,28681.588917482448
6271069,16000.0,19281.860603542824
6304769,25000.0,29666.53802144269
1226325,12500.0,10612.748558995041
6269566,73000.0,37476.961828048145
1226324,12750.0,10734.496396188499
1226332,7750.0,10335.305747525841
6284514,15500.0,14863.428903837086
6271067,22000.0,18932.93562163574
6309764,33500.0,15527.665786585274
6283245,8000.0,9405.31336589487
6283128,20500.0,18261.262872523446
1226337,41500.0,26865.52312297616
6283122,22000.0,20577.530770475027
4271180,55000.0,39060.789331934095
6269987,17000.0,13482.137385897406
6284505,16000.0,12096.006659726918
6269523,26000.0,36757.404135592915
6284079,90000.0,81139.54845696209
6264531,47500.0,45514.328706333356
6258387,17000.0,17739.640998249946
6303396,9000.0,12489.985475240575
4247655,7500.0,8460.856654815581
6332737,22000.0,13216.650385132736
6282734,8000.0,9011.52884206243
6264697,47000.0,43250.16185966011
6308316,11000.0,12135.526700680311
6330774,16000.0,11841.05763173625
6310437,5000.0,6366.998169420774
6279657,41000.0,32035.408357557524
6310441,5000.0,6366.998169420774
6305618,65000.0,44165.625052896175
6282519,90000.0,21918.685935369078
6266859,50500.0,34710.90545443586
1226345,31000.0,22936.4984782557
6283208,38000.0,27070.378888442243
6257800,11000.0,11627.704001857359
6304660,72000.0,53385.626623117176
6258527,20000.0,20682.89889026661
6270870,16000.0,15466.814615772171
6309854,12000.0,11720.086352570583
6284763,17000.0,16598.152140818427
1226344,37500.0,24412.28952509526
6284063,23500.0,22704.005183769656
4306327,100000.0,72258.38871248011
6284639,25000.0,22660.36994224253
6278981,16000.0,15627.788381108772
6264517,57500.0,50643.185355045425
6315086,17000.0,33234.136082651974
6264674,46500.0,53457.05266687163
6303661,90000.0,92279.50006794214
1226341,32000.0,23536.09481474071
6315066,14250.0,10120.067525733943
6258439,20000.0,20552.33672865661
6270195,12500.0,11805.070501153892
1226342,24500.0,30210.27102674381
6257035,37000.0,43475.7488389884
6303569,9500.0,10712.027766890838
6258731,24000.0,25267.12915046107
4312937,12500.0,10160.465804606993
6303472,30000.0,34053.930825585485
6263945,14000.0,14798.310523540871
1226366,13250.0,10250.951996726999
6302243,11750.0,26343.12970411398
6316148,15000.0,24201.472478478645
6281026,74000.0,72003.43265366214
6288277,28000.0,20993.24724057079
6311533,17000.0,13402.295857809488
1226470,65000.0,53701.00293139263
6275214,51000.0,49472.359614654524
6275210,52500.0,52718.579590777386
6259500,16000.0,15452.46586261222
6311936,11000.0,12456.052748152431
6260507,19500.0,25110.395945366046
4276168,14000.0,10812.826888250169
6311076,16000.0,15133.932609818185
6262034,72500.0,89701.72896955129
6286770,25000.0,25229.39678980561
6259580,127500.0,42535.97739897245
6311096,12500.0,14651.069789084739
6266145,39000.0,37726.733582053035
6260926,37000.0,30393.269485487453
1226471,66000.0,65806.22362758972
4364550,14500.0,14890.835089628124
6292182,31000.0,24448.572300009222
6274941,65500.0,52001.535977082836
4244671,9500.0,9003.596456913881
6267464,34000.0,34930.71513908834
6274930,59000.0,51884.90750177277
6267537,13500.0,16252.557374226308
1226476,19000.0,18541.789249867263
6262094,71000.0,80957.2597141806
6319630,48500.0,43718.38504976142
6286625,27500.0,26551.46887936073
4324824,11500.0,14695.099832420317
6268164,45000.0,28251.343604869275
6299556,15000.0,12474.68843805314
4354350,27000.0,24203.70616491765
6275436,37500.0,50716.28493964561
1226442,12500.0,12344.3856313849
1226453,24500.0,24245.02549266665
1226455,44000.0,47555.72903678742
6256525,12000.0,10806.098221352398
1226529,15000.0,12512.04337539377
1226458,56000.0,62746.59017180153
6286595,22500.0,25323.70015778247
6299449,46500.0,28237.13378759018
6267368,44000.0,45937.290303037706
1226459,69000.0,62746.59017180153
6317895,21000.0,19674.312428049587
6320651,35000.0,26187.25145959771
6299425,8000.0,10746.448803471594
6275259,47500.0,53489.56049798213
6328105,18000.0,15342.753147591973
6311024,14500.0,10430.556824788846
6299354,65000.0,42541.19714579387
6288283,50000.0,29964.87741917586
1226466,74000.0,79123.8815267117
6275233,66000.0,70291.07346345828
1226468,121000.0,113717.11423360718
1226469,80000.0,57621.33005389136
1226441,17000.0,13703.079574044712
6267461,40000.0,34620.221480838714
4276589,42500.0,28787.586292338707
1226502,9250.0,11008.47903474295
6294543,22000.0,17228.94611119118
1226545,14000.0,15085.110132529417
1226506,18000.0,15495.379252784225
6328142,10000.0,12799.7151071336
6274203,34000.0,34546.86077193135
6294577,34000.0,64873.86368603646
6287419,10000.0,10774.122724704128
1226544,13500.0,13043.221145069205
1226510,76000.0,58641.62660897218
1226513,85000.0,71961.5978173791
6261558,9000.0,11697.0829447941
6296583,18500.0,12735.763723484542
6311286,12500.0,11249.872745176817
6287604,34000.0,32213.43081050439
6311983,11500.0,13376.109758324903
1226535,48000.0,51021.754701790946
6256315,13000.0,11349.441283953736
6272428,79000.0,46480.04035715772
6256321,7500.0,11591.641887558117
4277913,26000.0,25159.443816057443
6267850,60000.0,43057.95814748464
1226526,14000.0,11470.84306059435
6319610,29000.0,24471.914921254956
6259885,18000.0,22039.36047363789
6261836,45500.0,38244.307359987615
1226478,90000.0,82921.56912973365
1226501,12500.0,11822.962747538493
1226500,60000.0,56856.0895823009
6261064,22000.0,19899.044923156278
4276715,47500.0,31384.37856085601
4374463,15000.0,14463.69265300515
4316606,21000.0,17883.019727622726
6276470,33000.0,30261.193032648564
1226485,86000.0,78482.14762929051
4277055,11500.0,11292.705865252541
6260095,11500.0,12498.659543964552
6274784,11500.0,11413.935581417538
6274779,13500.0,12640.08838138954
6274755,85000.0,39712.14758142156
6266097,18500.0,19056.54689389017
6267459,34000.0,35478.85453276778
1226555,26000.0,27575.378917584196
6293053,50000.0,66980.46452689063
1226552,28000.0,41299.87377438647
6261969,29000.0,37904.56874562645
1226549,54000.0,52914.877131710666
6261905,28000.0,27073.00680078322
4316662,16000.0,20727.07774266447
1226493,42000.0,44838.09726253434
1226499,15000.0,12770.571515339227
6311421,12750.0,13978.85137239609
6274109,34000.0,31663.14732325783
6261095,40000.0,38900.08790271793
6261857,15000.0,12274.740117628033
6267478,37500.0,35515.780511601035
1226457,45000.0,49244.36881791936
6288325,37000.0,32208.80416083216
4367059,19000.0,23507.726470389935
1226422,24000.0,33326.32923534627
1226424,15500.0,14669.325495716286
6316893,31000.0,32739.97656714809
6275993,19000.0,17395.811023599428
6275992,19000.0,17601.068186520715
6289895,19000.0,14826.651389129218
6286029,18000.0,17257.913573255308
6262832,35000.0,31171.50989475597
6286032,18000.0,17257.913573255308
6310734,8500.0,8621.49382851279
6286106,19500.0,24523.980123384004
6268625,110000.0,105194.93942635799
6268595,62500.0,48135.42337355085
1226425,17500.0,25781.616961813314
1226426,39000.0,42483.847947440365
1226427,32500.0,24790.756048402738
4413388,22000.0,12372.236527621624
6289890,10000.0,11592.896860155803
6267735,48000.0,42720.21124289929
6272552,132000.0,106508.86753518313
4325208,10000.0,9888.456123524253
6319057,63000.0,55408.2393108516
6289791,25000.0,25279.578909126743
4353236,17000.0,21225.7154562542
6291569,22000.0,17869.39404124631
4249611,12500.0,13813.643364108542
1226421,13500.0,11953.785712516983
6285977,18000.0,15936.184642825086
6285733,11000.0,11020.001583321708
1226407,26500.0,17147.722846430825
6290040,7500.0,8610.770699149489
1226408,27000.0,17572.584236766117
6272604,54000.0,58172.60055040414
6263049,55000.0,54506.30814183674
6268836,36000.0,41402.97849121265
6260642,9000.0,15645.804882117121
6290251,11500.0,10485.930124492996
6302148,31000.0,34567.184287911805
6285785,11000.0,11035.495879090357
6306148,18000.0,18493.06927479443
6276395,27000.0,28782.414137538875
6276392,27000.0,28782.414137538875
6272622,66000.0,57955.57405099185
6263015,82500.0,66865.23910444236
6268739,100000.0,106798.61347141895
6301963,42500.0,42873.945633383206
6289986,7500.0,9260.206414564102
1226410,27000.0,18315.758828631286
1226414,20000.0,16433.224403273707
6289934,10500.0,9880.914384293254
4274590,13000.0,12666.706292792469
1226415,39000.0,35858.52135950474
6262912,24000.0,28737.365190411972
1226420,11500.0,13437.401820334593
6268528,95000.0,72091.72988042179
6300944,44000.0,34521.65630770576
6288589,11500.0,14281.15606322695
6317710,39000.0,48710.60113215321
6267661,21000.0,19895.75159032822
6288503,12000.0,9268.927807088909
6311577,11000.0,9969.188506298351
6300326,43000.0,29199.70019393751
6267707,36000.0,41402.97849121265
1226436,11000.0,9885.028739299927
6288468,16000.0,12597.455714618083
6288457,21500.0,19966.159967305295
4366951,23000.0,12624.68911124214
1226437,48000.0,33976.369316812306
4322284,26000.0,18710.09859456674
6286362,23000.0,24375.05539744056
6260890,24000.0,15113.111028754749
1226439,20500.0,26948.751028809504
6288395,20000.0,16047.226417719137
6288349,35000.0,22784.226985383706
6299860,22500.0,22912.4136011875
6267729,43000.0,37086.72017100145
6317878,18000.0,19712.672682311197
6275557,12500.0,19545.26628612416
1226440,25500.0,36956.77985506042
6288340,65000.0,31599.91397963625
6260517,27500.0,25111.432994927178
6320639,34000.0,30862.514800695084
6320640,34000.0,30066.71377396807
6310960,11000.0,12054.141275938091
6286359,29000.0,25024.99832328092
6311575,10000.0,10622.067066054991
4274842,47500.0,51040.824601005384
6268527,77500.0,72400.07722555149
6268524,87500.0,68727.73484864969
1226428,8000.0,9328.392687088926
6288565,8000.0,23989.780393753394
4356905,17000.0,20561.40961048479
6286307,28000.0,25024.99832328092
1226429,10500.0,19396.665170808745
6320885,9000.0,7360.63161081565
6311327,12500.0,12155.990240617246
4366960,19000.0,13745.96397767503
1226433,38000.0,35911.43130319112
4316665,16000.0,20605.689717750643
6285297,21000.0,16262.30261458678
6284095,12500.0,10850.586312552376
6282157,13000.0,11902.37144831127
6266221,55000.0,45352.17032772
6278179,50000.0,42178.870435572295
6287614,39000.0,34318.81518589692
6302559,14500.0,14271.664475076894
6287933,11500.0,13150.043110302875
6268293,11500.0,10118.279947634745
6268153,47500.0,30250.581270088387
6268157,47000.0,31403.003254321353
6288042,10000.0,11500.50626563346
6302995,17000.0,19105.22789450522
6258181,12500.0,13379.638962984363
6285332,16000.0,19291.198330147017
6302635,11000.0,13435.916676141738
6267384,13000.0,14670.247248707166
6268110,42500.0,23860.42595743803
6304745,21000.0,24992.493905766994
6288088,75000.0,42925.995919080924
6256300,9500.0,9613.517682430105
4316625,21000.0,17706.80572813665
4364551,14500.0,14493.867928835953
6287095,26000.0,18911.133249787992
6266223,53000.0,40199.461417360435
6268585,26000.0,22187.10207723395
6267974,14000.0,11035.080516332015
6266258,40000.0,34265.21620852485
6268097,26000.0,22598.25064651306
6327768,19750.0,14496.390981308852
6315171,5750.0,6723.529109250341
6267842,49000.0,48802.33989980251
6279659,40000.0,35775.026982008174
6270571,23000.0,22440.571397294316
6315061,37000.0,28392.9826640489
6257739,9500.0,10660.124082196153
6283303,33500.0,23789.94805794079
6318826,71000.0,92449.84487127158
6318427,25000.0,22004.683619721276
6294936,17000.0,14605.72558898611
6318824,71000.0,92449.84487127158
6264804,17000.0,18155.921440000733
6285730,10250.0,9372.113764957938
6259738,14000.0,9935.097771084686
6315317,83000.0,79856.58422715282
6285395,26500.0,31946.777650572643
6315623,21500.0,20180.300757378176
6258510,24000.0,17125.251043518474
6327471,11500.0,8679.448248279117
6315622,23500.0,14220.94416683316
6300650,87000.0,53891.29571641716
6303049,26000.0,30916.970238665293
6315326,57500.0,30140.31954748775
6315555,26000.0,21127.50530709273
6300563,16500.0,15740.764414185698
6315354,71000.0,65131.92867289233
6300453,28500.0,20299.265721329957
6328078,12000.0,12132.534257040696
6320286,25000.0,23420.56175416633
6286476,30500.0,24764.78681703149
6310942,10250.0,12026.127401563266
6304152,74000.0,59724.92291125004
6259218,9750.0,12454.917773462492
6327572,11500.0,11083.735615948408
6258401,16000.0,17911.322188101447
6265808,11500.0,13902.862344428173
6328088,18500.0,15270.44552582556
6262170,39500.0,39390.82099382866
6315435,14500.0,13489.566584801278
6315625,14000.0,15329.463805277412
6315626,24500.0,24726.140107251584
6319916,68000.0,45197.40656628778
6313027,15000.0,14902.497077147134
6264113,65000.0,42564.581954277375
6285633,7500.0,7832.231929768748
6283590,26500.0,17284.438081345295
6269820,20000.0,17121.999345661985
6310607,9000.0,11739.19276992329
6297397,32000.0,34035.10844167783
6294969,6500.0,5939.923384566272
6265696,7500.0,9178.6183146103
6302846,21500.0,18898.63893390906
6296697,36500.0,30604.197835274746
6285740,10250.0,9358.954715333988
6272120,44500.0,39882.51878617169
4395894,11000.0,10575.28117340763
4274315,13000.0,15340.833239101197
4321936,17000.0,13900.797419704693
4288043,62500.0,70483.13524220433
4335094,42500.0,39766.96256365108
4248200,14500.0,10191.06066096411
4395591,12000.0,10852.634928981803
4281457,21000.0,16019.996461460243
4309806,23000.0,22193.572320281233
4273350,95000.0,60035.12960737783
4372264,9000.0,10443.131145036741
4395929,11000.0,10735.281548196403
4309300,11000.0,10626.80199965709
4288807,72500.0,83926.42689128529
4369785,16000.0,16324.465553539712
4274040,13000.0,11127.882020587704
4322151,9500.0,13146.497109214779
4268023,27500.0,22409.59624197553
4309079,13500.0,13610.651488898136
4255561,18000.0,23527.16299994974
4292483,34000.0,26303.14043525322
4353057,30000.0,32487.619268458027
4320855,35000.0,27367.901446875607
4347409,8000.0,13497.877440639159
4323492,26000.0,25437.08789138742
4393493,26000.0,18301.406873877128
4356681,42000.0,35206.89340500431
4322219,22000.0,16669.48876862105
4335618,62000.0,64013.54058448547
4246246,24000.0,21919.87370222376
4248244,10500.0,10280.332995452382
4274089,12000.0,14724.503702301818
4372557,10500.0,10994.553897088783
4304507,97500.0,88595.484982629
4253347,14000.0,19706.730096064704
4394791,34000.0,26885.588615182143
4284237,16000.0,19141.696153431312
4380910,11000.0,12448.238822512834
4334156,32500.0,36693.98480014535
4300735,30000.0,40306.18329998537
4323169,33000.0,30502.159804457322
4277609,14000.0,13791.165375930896
4353989,26000.0,27056.633806272024
4395040,51000.0,40953.67493916336
4352125,11000.0,11161.421620043093
4394845,40000.0,31786.912331707983
4380287,9000.0,11139.494642871778
4352186,16000.0,15100.11255759298
4332741,11000.0,14101.993632523514
4373340,11000.0,13136.819752152365
4333814,13000.0,17551.874498615172
4323609,42000.0,31119.02422072689
4333368,16000.0,16551.55013486327
4380658,15000.0,15397.386718855949
4247914,10000.0,10803.088742644632
4323586,29000.0,33597.08813855861
4304849,37500.0,39800.031422095904
4244741,11000.0,12185.57086725502
4360066,20000.0,30093.52569176951
4304189,20000.0,19793.21324006066
4361013,26000.0,28029.836595257475
4334216,32500.0,38807.15166773092
4300230,27000.0,30747.897594512688
4351903,36000.0,35006.89576174398
4286731,90000.0,87254.73198819635
4297402,95000.0,85921.94734406787
4272831,35000.0,34338.751838929194
4272604,18000.0,24166.758204081638
4298432,35000.0,30465.99737128088
4255805,10000.0,17035.592257891833
4379761,11000.0,13066.508106294184
4306598,32000.0,32064.378933485325
4352782,90000.0,74942.75918946262
4298938,37500.0,30868.20974644884
4268497,31000.0,32427.338227124674
4245979,32000.0,31492.12684929697
4287134,120000.0,88004.95839888525
4284870,36000.0,49538.91096182769
4282067,11000.0,16133.296794238715
4393929,75000.0,85282.3955613033
4322495,34000.0,30567.32967281649
4352652,47500.0,46467.279517904
4372823,14000.0,15076.398255528327
4322697,15000.0,12580.376916478634
4323387,16000.0,14194.626408570402
4270651,13500.0,15197.961366274249
4252767,34000.0,30270.12296763688
4248064,10500.0,9278.114395117434
4284312,16000.0,20641.646225748216
4352585,48000.0,39259.46252179839
4321022,36000.0,28035.24925807687
4253160,32000.0,31002.343647871974
4310459,9000.0,16376.984986630177
4414902,11500.0,10661.63229887636
4246386,35000.0,31369.935763308455
4324378,42000.0,39840.094882543104
4260164,16500.0,12832.477791364612
4265985,31000.0,49952.43835675323
4316181,72500.0,77185.5893110626
4314099,12000.0,12619.41672681557
4324932,13000.0,25221.58204304086
4316271,95000.0,78572.47461982697
4250760,15000.0,19182.228809609427
4317342,17500.0,16892.870366637668
4323998,35000.0,34032.70333822676
4325036,49000.0,40116.956240365056
4314695,45000.0,41915.01231114671
4319950,16500.0,18043.458870540333
4408842,30000.0,23372.723757299613
4316855,6500.0,8632.602321492652
4310208,29000.0,38434.737287713964
4311912,18500.0,27352.65952778366
4315124,57500.0,54332.49599071713
4247530,8500.0,9015.334481605556
4315322,72500.0,53359.51084864569
4251246,22000.0,20908.251997333184
4317133,43000.0,41732.70710270701
4364879,10500.0,11649.672656010944
4262451,52500.0,42283.163221902214
4316883,8000.0,8702.307463603282
4314392,19000.0,15880.974377940343
4408459,19000.0,15465.456195992301
4319852,11000.0,17137.380838339308
4318399,10000.0,12364.848342095225
4375385,13000.0,12847.114134856753
4316878,10000.0,9443.13857453521
4318255,11000.0,11211.419697810054
4313905,34000.0,29236.985701933954
4263619,31000.0,41224.50577808605
4412389,8500.0,10704.785193186688
4413484,27500.0,32288.695294438454
4317479,7500.0,6808.168045873837
4364549,40000.0,34356.11545626536
4324158,29000.0,41997.608419607066
4310086,6500.0,8803.237502645035
4246429,45000.0,43072.53542878167
4408226,12500.0,12819.382383488277
4263256,25000.0,26718.18282694582
4367256,38000.0,36139.53242504161
4318574,14000.0,15914.109608926421
4314827,65000.0,47245.38356848707
4310636,16000.0,21243.073663054492
4256956,27500.0,19453.13956466823
4313074,35000.0,45759.975399977135
4313402,13000.0,17941.43009119183
4269369,72500.0,73442.05979789249
4261166,9000.0,12393.484777168505
6285171,72500.0,64297.291266396045
6264342,26000.0,26620.710781229376
6284741,62000.0,44743.89685393921
6327688,17500.0,13688.418746803494
6262325,36000.0,13849.48627813874
4264390,42000.0,16563.489629130756
4286400,57500.0,41838.91251550464
6262318,16500.0,13849.48627813874
6284739,65000.0,45401.36242075153
6287772,42000.0,40808.261718112684
4353986,26000.0,26305.13436452142
6264328,25000.0,25023.57971001629
6287483,29000.0,25713.225457842378
6299605,30000.0,32352.401522602115
6272457,57500.0,72894.83033749495
4408827,30000.0,25055.343476031376
6287496,42000.0,31964.909499720765
4321035,36000.0,27679.584945334853
6263448,25000.0,27445.447985094295
6324353,17500.0,16119.28220530326
6271133,36000.0,48122.838304646495
6279303,20000.0,16583.604338114645
6257038,45000.0,38202.70437991073
6257584,10000.0,9232.062560766766
4303934,13500.0,14406.116923726002
6285189,95000.0,72781.76654530902
4324682,12500.0,16612.965041865198
6256320,9000.0,10594.314364018368
4310687,30000.0,32896.935563755906
4271178,31000.0,37831.12918942583
6277610,30000.0,31814.65371320269
6327689,19000.0,13726.270306853197
6272233,62500.0,72121.54108548471
6259267,34000.0,28715.84188159057
6287626,35000.0,34788.63479640192
6284902,72500.0,51517.759361393815
4404174,6500.0,6976.493112752898
6257705,10500.0,9169.291528096977
6327560,12500.0,12671.453360295105
4273720,62500.0,39785.34748422643
6315200,15000.0,12781.885627555814
4244739,11000.0,12126.14042778729
6257689,14500.0,9699.81719344866
4358828,29000.0,28534.041972595296
4296703,37000.0,21879.56858865065
6277315,13500.0,13227.534423755587
4283130,19000.0,16035.777569094993
4317346,17500.0,17543.179170414045
6279667,37500.0,43747.81543161401
6279650,37500.0,43747.81543161401
6327557,12500.0,12049.170320045061
6279487,97500.0,84249.89032483546
6284816,57500.0,50683.508619304266
4352584,42500.0,36674.621849492694
6267292,13000.0,14005.438916897745
4315123,60000.0,50952.95642610421
4380892,11000.0,12456.227337122213
4250921,25000.0,20622.556345035726
4283536,117500.0,83101.01519603512
4283345,9500.0,11541.393519074125
6264404,27000.0,33857.97840807836
4258897,34000.0,30675.254034902584
4317320,20000.0,16138.4940750133
6264406,31000.0,33659.873319915074
6257027,35000.0,30758.64687572289
4255558,32500.0,31560.469820398986
6328041,15500.0,13653.619370915607
6287477,29000.0,32433.856817756277
4324838,21000.0,12187.443906131053
6263533,31000.0,39888.54014692469
6277281,27000.0,31410.236610186523
6256985,24000.0,21541.316481311154
6284585,19000.0,14878.065045659276
6296526,8000.0,13543.735955762964
4271850,37500.0,33667.87606573004
4298656,34000.0,32036.681919799805
4276714,37500.0,27878.070999232048
6311224,9500.0,12473.810398947273
6311225,11000.0,12404.808372704383
6327573,12000.0,12683.657835951168
4370979,8000.0,9082.370878013988
6320308,40000.0,35556.36214481117
4272072,21000.0,20131.745550471813
4316281,11000.0,13138.150271350949
4248065,10500.0,9560.42936169242
4270649,17500.0,15835.01692820605
4270595,21000.0,20718.51526890638
6304074,27000.0,24240.948949174028
6258532,15000.0,19622.54854431914
4285043,62500.0,48938.774795970254
4319956,16500.0,18065.190982221782
6284474,12000.0,11664.736725489756
6259441,32000.0,30635.790613206358
6265277,31000.0,31548.913315838898
6311069,14000.0,14298.12750577787
6287072,22000.0,15814.663312016784
6257462,8500.0,8123.567214014655
4285008,31000.0,29661.53998202696
6284244,13000.0,15729.005306169933
4262260,75000.0,69588.7416360766
4255806,10000.0,16985.356648422265
4319330,17000.0,17033.84677939347
6310040,16000.0,15293.457478012213
4298939,36000.0,32218.89187155721
6284134,35000.0,40900.25668393852
4276437,65000.0,48022.4966942215
4259200,37500.0,52308.316922732425
6299013,36000.0,33241.087022043575
4393931,75000.0,84043.44368912438
6299131,16000.0,15224.957138263666
6286923,17000.0,16859.68796958559
6320294,34000.0,27609.77510341578
4246701,40000.0,29519.46660374459
6284384,34000.0,26806.804789140635
4321231,19000.0,17776.10314291452
4270899,22500.0,20956.306068429996
4284619,37500.0,43962.94715724193
6269557,31000.0,42252.14906415025
4371043,5000.0,7603.767704573818
4276088,17000.0,13383.628666817802
6320753,12000.0,11682.965553701242
4251592,20000.0,16453.899453785692
6287151,34000.0,30276.99281776762
4323229,8000.0,10730.28198638088
4322364,18000.0,22066.409073477473
4265422,47500.0,46380.916637894115
6320376,51000.0,40285.77332672687
4316882,8000.0,8812.278285445795
4311827,77500.0,76188.11419464162
4283714,14000.0,11574.54987155847
6320377,44000.0,40136.04958549124
4352126,11000.0,11111.37228034271
6254466,9000.0,9454.714999763553
6284578,17500.0,14878.065045659276
6283761,18500.0,27863.528841750875
4265262,33000.0,34717.54626069131
6287372,33000.0,31833.90556665047
4302426,12500.0,15173.932380409506
4282633,37500.0,56568.90347790319
6287433,16000.0,14431.051362285545
6254460,7500.0,9449.759647404982
4297409,97500.0,85717.14416088046
4253346,14000.0,19269.851987603128
6287465,26000.0,20310.523030055603
4265611,27500.0,25563.638357555184
4333605,10000.0,20300.68996577136
4262450,42500.0,41943.97410960378
6299360,90000.0,64110.511260044885
4300128,37000.0,31029.49568577122
4312544,70000.0,59380.882255827804
4272313,40000.0,32143.666356528596
4408224,12000.0,13296.286521337675
4284259,37500.0,39593.82477746791
6287231,15000.0,12159.134819894163
6299293,48000.0,40612.11133842577
6258705,22000.0,21347.597746564945
6299327,47500.0,52195.099493645335
4408455,13000.0,14255.826034045123
4324929,13000.0,25333.42272028935
4284235,26000.0,22147.564668682007
4320041,15000.0,19304.99932307294
6254470,8000.0,9449.759647404982
4257008,46500.0,47896.18471306014
6266991,95000.0,55381.316059614044
4284169,92500.0,80243.58986878979
4301143,47000.0,34252.376940417395
4275999,82500.0,68420.59215373643
6315434,11000.0,10119.006267813409
4334011,28000.0,24913.055150130185
4316877,10000.0,9557.993944536765
6304752,20000.0,25474.898277801723
6283217,16000.0,19384.85456488697
4288048,90000.0,85963.77142730355
6267220,12000.0,14040.546778548965
4249438,13000.0,11931.680527380657
4318338,9000.0,9784.58952784879
4321661,35000.0,29317.197584681788
6275820,95000.0,87481.66551934012
6256805,32000.0,32942.35629096224
4393288,75000.0,82990.26527357628
6305491,26000.0,23600.54261799616
6285861,14000.0,17774.443179807935
6311859,12500.0,11191.678673591747
4268173,70000.0,73131.43246292004
6267206,13000.0,10905.696179145687
4318371,9000.0,10344.69980618687
4313902,41000.0,31960.153787585954
4281456,17000.0,16201.33275434917
4353550,59000.0,46488.1607428224
4318700,12000.0,13455.647338748588
6270873,16000.0,17671.178545261988
6285559,7500.0,6286.900411059707
6263132,52500.0,42952.254282342765
4367253,38000.0,35142.39815792216
6272464,72500.0,73075.80615986134
6311842,10000.0,13941.610735468243
4249479,12500.0,12742.012118986315
4310463,9000.0,16426.211990593176
4264274,14000.0,14529.944426737084
4267622,16000.0,15294.079576827988
4292338,80000.0,76567.22834336046
6266779,18000.0,22126.669491049353
6280574,32000.0,32276.097142210892
6270897,16000.0,19028.054633824493
6282750,6500.0,8519.832941978371
6282087,52000.0,48664.208552460805
6270202,11000.0,12689.64823346518
6268484,14000.0,13851.628894281495
4274083,19000.0,16437.67927438908
6332615,27500.0,33213.07140642853
6261075,27500.0,18632.498964241935
6270186,11000.0,12199.486163688727
6308176,10500.0,10708.51682743994
6260708,25000.0,22819.159363351828
6276400,35000.0,31474.36864021532
6291841,13000.0,17220.66720713587
6271976,120000.0,91250.49128077604
4398398,10500.0,12492.966839931649
4293459,37000.0,32916.63207696048
4388492,29000.0,28471.351212289723
6282286,11000.0,10825.716671654032
6333236,11500.0,10976.457945527472
6319881,26000.0,18652.844762831006
6285776,10000.0,12049.581691254554
6310683,7500.0,8372.824520751212
4291672,32000.0,31076.424764856856
4260162,12000.0,12937.785660120117
4412388,8500.0,10714.422949068974
6320870,11000.0,10847.166972303627
4260025,110000.0,90298.82708040145
4280264,40000.0,35997.988509116694
4267505,30000.0,29100.525873545055
4250167,8000.0,11127.914500654782
4268070,135000.0,115928.3846335323
6291688,27500.0,30802.71881582088
6315032,24000.0,11878.110166500324
6258935,32000.0,29433.094338373376
6315009,9000.0,10856.734895904387
6282194,13500.0,11582.59066919859
4320861,32000.0,28657.22268530517
6260520,18000.0,22686.4105341106
6302460,42000.0,34952.654080849155
6285707,10500.0,10825.716671654032
4368983,12500.0,14193.462137350225
6285715,11000.0,10825.716671654032
6266842,35000.0,39934.73102289267
4320387,19000.0,25552.970645685895
6311582,11000.0,11192.097874587447
6328063,18000.0,13069.58093135657
6266845,30000.0,37092.34630387519
4260558,105000.0,98029.38899290505
4263533,8500.0,9211.782933991064
6291968,32500.0,38314.54250743852
6311857,13000.0,12284.655935391624
6291974,32500.0,37157.88466015949
4374457,15000.0,13111.455870677477
6286078,16500.0,18055.481419912678
6301843,40000.0,27401.658153378652
4254202,31000.0,28681.936188312196
4275665,52500.0,43831.13901977275
6292651,42500.0,41612.989959502585
4321562,30000.0,28156.43455655973
4256495,20000.0,14252.30357561874
6291532,16000.0,14888.348790057706
6287943,13000.0,22201.57139984862
4372562,10500.0,11038.512013606727
4268618,72500.0,66757.39777378473
4289061,77500.0,63618.699214508844
6287988,49000.0,56730.377591494675
4309329,22500.0,15124.253673725816
6270007,21000.0,14644.064056720275
4288808,120000.0,90746.86259640548
4319543,16500.0,12620.978721283593
4246342,30000.0,31338.328754168477
6286024,11000.0,14748.301150935185
6287814,37500.0,46239.23287889435
4372263,10000.0,10734.064774303446
4254861,82500.0,68513.28551509518
6292881,62000.0,65080.52196896224
6290228,11000.0,15331.981530322602
4309807,23000.0,21898.567564390396
4383395,17000.0,17481.463620923205
4268015,27500.0,22454.697588517327
4282171,9000.0,13943.651194750335
4394137,30000.0,32270.65363442055
4322148,9500.0,13313.276308890614
4259451,70000.0,75961.60545794747
4292485,34000.0,25646.09170608839
6281462,10000.0,12023.689212762525
4314708,45000.0,42251.22462174397
6311860,13000.0,11191.678673591747
4370744,6500.0,6927.670196986218
6314807,11000.0,10587.486013809197
6273911,34000.0,28148.500924707223
6310896,9000.0,8983.798746187917
6331167,26000.0,19449.71635421284
4395161,64000.0,68647.50820143633
6285476,43000.0,38513.77408997796
6271842,90000.0,88054.97183988061
4281737,55000.0,44563.00673182739
4369210,10000.0,9199.679350014329
4258793,37500.0,39138.2501380921
6291979,32500.0,37319.99792290833
4356683,8000.0,9152.43205322299
4324180,29000.0,40642.235985069135
6270180,11000.0,12697.283455611923
6282832,29000.0,29406.55944673814
4256778,20000.0,20683.522131401016
4395928,11000.0,10764.236985102418
4281813,29000.0,20491.3084042613
6286408,35000.0,28754.925006734225
4274039,11000.0,11402.452436488471
4358379,29000.0,21570.710870089246
6285450,10000.0,8925.044413717167
4326019,13000.0,10378.414564137654
4274720,24000.0,20048.37835198606
6285441,6500.0,8555.154203570908
6267564,70000.0,24237.366167891778
6285451,8000.0,8925.044413717167
4292953,26000.0,29328.673203317845
6304138,26000.0,25572.790948619397
6301160,21000.0,12330.338502825205
6278577,12500.0,15376.385815247433
6286678,19000.0,16115.086573067198
4298153,100000.0,92037.17342139705
4358378,25000.0,26503.846665842066
4253137,30000.0,33004.67476321994
4299053,37000.0,42795.361338288094
6262073,70000.0,70618.24277685522
6301290,20000.0,20599.243901134676
6276380,27000.0,28915.993132084794
4293134,37500.0,30494.726154728018
6319828,75000.0,76662.57067159007
6316169,17000.0,18069.3290727742
4254461,18500.0,16638.434952071042
6285996,30000.0,26612.81105416706
4359856,47000.0,62661.74970344916
6267215,19000.0,18428.24404383997
4276089,17000.0,13091.243034110079
6267213,17000.0,19120.182309501015
6286063,15000.0,16191.158750267516
4338154,40000.0,40224.3484262485
6284422,41000.0,28710.690237261784
4371368,9000.0,7784.643133733241
6285950,16500.0,13031.700396662352
6276540,36000.0,31470.07136295301
6320422,64000.0,74635.45349115123
6257015,30000.0,26539.9381723109
6275562,37000.0,16389.536903816515
6262378,105000.0,97360.26825258858
4273983,17000.0,20555.1599326142
6262329,12000.0,14272.034334323627
6299691,26000.0,17158.61011063085
6263505,8500.0,9384.474354396143
6327561,12000.0,11923.04578930279
6271661,57500.0,44328.87588550353
4273639,27000.0,25119.063443101793
6284874,60000.0,47458.28933068866
4358840,29000.0,28478.794506485163
4313614,102500.0,78265.30047952625
6312378,6500.0,6289.585826098647
6286416,32000.0,26999.367066992163
4253391,39000.0,38178.489752702895
6310899,10000.0,8861.735103567906
6268342,57000.0,50324.77719230213
4288049,66000.0,77529.22059495846
6285224,11000.0,13784.87342100114
6266410,37500.0,32269.354569788058
6277263,29000.0,29250.966241510396
6262347,90000.0,95905.2593566357
4295034,57500.0,51731.756598502434
4321561,30000.0,28232.769115003674
6317872,29000.0,24433.059813353448
6267119,62500.0,32097.00954782251
6310459,8000.0,8550.710024433894
4319342,17000.0,17005.93516055225
6300161,59000.0,44873.20685207137
6277257,37000.0,32822.067136735874
4296108,80000.0,75167.57464218645
4349181,9000.0,17436.517353473788
6266416,33000.0,35452.648647212656
6301109,15000.0,15528.947279015558
4289065,82000.0,64521.83861583783
4274042,11000.0,11437.314596895334
6276480,34000.0,31491.925134084493
6268129,37500.0,29412.85849375174
6262610,9000.0,12615.185998001924
6257140,40000.0,29255.104202615028
6285720,9000.0,10508.069490833957
4250171,8000.0,11047.50145188191
4335684,100000.0,88950.57233776494
6268120,37500.0,29571.372056667376
4358165,25000.0,23894.71584533502
6286152,19000.0,22944.26892516413
4408457,13000.0,12516.139853664674
6303975,29000.0,21332.00823412452
6299329,42500.0,37372.95662593355
6285759,9000.0,10984.014688772406
4315889,42500.0,46378.213815754
4254410,14000.0,16161.228219110286
6263075,75000.0,72876.21478249099
6265533,72500.0,77998.94109430477
4254204,23000.0,26477.710277695573
6303499,30000.0,12223.239202726336
4356852,15000.0,14797.938347727651
4246333,17000.0,20433.31594837873
4286376,14000.0,15276.482882022794
6302777,8000.0,8479.332071936034
6324809,6500.0,7518.800813010282
6262268,110000.0,80040.47472985095
6272266,90000.0,83080.44475831742
6277895,47000.0,33459.23367953246
4315191,60000.0,50982.9118186382
6275842,97500.0,84578.07501315173
4297410,90000.0,85897.62186772769
6286244,25000.0,26999.367066992163
4393999,45000.0,49784.29645005014
6263154,42500.0,41380.542694192925
4271179,40000.0,40136.411466075515
6283970,70000.0,54557.32485903383
6260174,67500.0,69269.07029950197
4282624,37500.0,56408.88524202678
6266557,21000.0,18456.367351934965
4282166,9000.0,13960.22942731188
4267311,24000.0,22592.44461391639
6269993,17000.0,13341.104692655485
6287876,12500.0,15051.685590382793
4329899,17500.0,23125.214280507716
6260968,20000.0,21113.53602844722
6273923,23000.0,22407.41231616213
1226590,33000.0,26116.746351783677
6273919,23000.0,22407.41231616213
6273918,23000.0,22407.41231616213
6260197,82500.0,71372.44486596868
6273907,34000.0,25849.070239417102
6273905,32000.0,25867.020741077173
4321023,27500.0,28500.656449985734
6271032,37500.0,42131.95993764397
6270098,55000.0,43325.824973790586
6270114,29000.0,17931.401496759823
6273890,29000.0,24847.77125772723
6287937,21000.0,12149.272670954291
4375770,14000.0,13825.498289317935
4352592,42500.0,36710.131544286654
6271136,31000.0,32678.416502059175
6264274,27500.0,24504.21763641865
4333602,10000.0,20120.92461136936
6265168,70000.0,60286.07508097145
6266069,22500.0,21241.498320160517
6267867,70000.0,67478.12693221777
6266273,31000.0,39141.42931195436
6266073,20000.0,21241.498320160517
4371155,6500.0,6651.573695265332
4304190,16000.0,16847.26864100899
6274269,37000.0,31644.576123381306
6327697,13000.0,13846.60194011407
4317327,20000.0,16250.386130561212
6265112,135000.0,122335.79812207345
4251585,23000.0,24622.453908129795
4257007,65000.0,46383.608791241735
4304850,71000.0,73657.529639891
6271188,62500.0,52975.29444634068
6266538,21000.0,18272.976465107837
6283304,30000.0,28793.182731015782
4256493,20000.0,14206.613298178387
6309819,10000.0,9090.904037322522
6273889,29000.0,23922.127213920983
4303697,107500.0,76930.66534461491
4370747,6500.0,6909.641230564962
1226593,10500.0,11399.83097518952
6272503,120000.0,81938.39106350557
6291718,10000.0,16860.38563689328
4398926,13000.0,12738.435713503102
6260561,32500.0,28697.67218110946
6270526,19000.0,15203.893633476884
6264952,16000.0,21042.40080836952
6270535,19000.0,15379.661499882408
6320117,30000.0,33276.57951002524
6266665,40000.0,35412.62025174993
6291727,22000.0,19830.155772698985
4318699,12000.0,13470.238593485823
6270668,14000.0,12312.845299366574
4353531,30000.0,34992.92067422505
6258117,12500.0,11629.703434902263
6258100,13000.0,11149.308665687378
6270598,9500.0,11429.11452473414
6272621,77500.0,65681.93116489252
6264914,22000.0,26031.160487655692
6270629,117500.0,94390.96063926397
6264896,30000.0,24646.935310312627
6280983,17500.0,16077.530742304607
4267341,8500.0,10494.199226097355
6282320,22500.0,16094.792136142594
4367467,48000.0,56930.28829532446
6288275,13000.0,9595.941638256616
6270892,37500.0,40154.53921485052
6273826,70000.0,66707.52001805947
6270886,26000.0,23150.809730373374
6291922,28000.0,20828.4281875612
4368984,12500.0,14130.429436712455
6273825,80000.0,66707.52001805947
6266194,31000.0,39570.829828935464
6321464,10500.0,10114.358565367573
4268174,42000.0,59012.74109053763
6311536,15000.0,13349.866115825404
4306776,92500.0,69981.42351867018
6273645,32000.0,33391.22971999355
6267722,52500.0,42863.715251077294
4318372,12000.0,11296.731034331953
6254515,9500.0,9061.121257747513
6260876,21000.0,14328.040226607176
4281233,47500.0,36134.43745519219
6260521,24000.0,23277.633513459987
6270853,92500.0,76693.0683604085
6270399,37500.0,36440.49849728085
6280407,11000.0,12225.009934504169
4250413,21000.0,19179.69996896039
4314254,32500.0,29792.255382644795
6287113,18000.0,18130.861485729758
4248094,7500.0,11583.038149429767
6258555,25000.0,19249.421996220062
6279222,13500.0,15669.154527450428
6268079,65000.0,51983.49488315628
6261997,37500.0,51374.280129946506
4323231,8000.0,10759.959618825262
6264177,47500.0,43200.594393934676
6263800,14000.0,12967.429652315759
4301728,18000.0,15928.41023746721
6265312,72500.0,67957.75774381947
6304223,21000.0,20789.940147185844
6259839,31000.0,27710.437629531796
4300736,37500.0,42519.12595937346
6304236,21000.0,20870.036136104758
6267953,17000.0,13683.681822816257
6263827,42000.0,15354.425088758522
4277275,25000.0,23076.099013717172
6261831,37500.0,38846.06092857675
6304400,31000.0,41480.33975781383
6304416,26000.0,30399.715040945353
4354326,19000.0,26932.895671337123
6265982,21000.0,27570.654214474485
4301625,105000.0,83966.17894563804
6264150,33000.0,34319.833115554444
4408225,10000.0,12428.249335798318
4371337,7500.0,7449.566651629496
4246298,17500.0,22896.445720444826
6269635,40000.0,37652.20731362305
4270650,10000.0,16015.61723108662
6265983,21000.0,27576.33376728595
4283713,14000.0,11398.466129839328
6262027,60000.0,66434.09648219588
4303168,16000.0,17730.300888304864
6287161,24000.0,28958.880835880485
4270594,21000.0,20980.176353692037
6267420,24000.0,20674.508948763225
6267906,82500.0,60815.92907495888
6287217,8000.0,11656.815277598897
6268080,65000.0,52566.860943956846
4284868,55000.0,44153.877031606506
6283729,77500.0,61491.8900842077
6267916,52500.0,42863.715251077294
4299699,80000.0,68470.35596585306
6286803,34000.0,31756.172664901795
6286790,35000.0,31668.582288788522
6261907,34000.0,31294.61183248013
6266011,17500.0,16074.219368360618
4314418,11000.0,12536.02443016531
6274830,20500.0,23567.02198022715
4314255,32500.0,30079.92433725007
6318269,8900.0,13563.443442149019
6272139,67500.0,48434.3912843961
6291930,27000.0,27557.610351533516
6262594,26500.0,25166.41628941097
4374245,16000.0,17094.494385453996
4322724,19000.0,14096.316149931205
4367087,41000.0,19418.714847821615
4263478,20000.0,20676.852973066958
6273209,105000.0,63263.785519865974
6291874,20000.0,21396.811258869282
4284440,90000.0,94844.81855320519
4357674,31000.0,23006.84863217555
4369783,12500.0,12683.969407533668
4381611,37500.0,49517.92800353898
4319492,11000.0,11110.83288542488
6286275,36500.0,28390.06388805863
4314388,23000.0,15057.672197574893
6310837,9200.0,6183.796261438154
4290639,90000.0,82197.2876386576
6299257,20250.0,18205.190254127614
4251241,23000.0,26536.398777386305
6273646,30000.0,28730.86039822613
4319331,14000.0,14339.799085234163
6310830,8500.0,7329.715904375361
6273498,10000.0,13645.446795687123
6268558,17000.0,15128.914046404496
6275852,90000.0,84168.04989089431
6274883,57500.0,42555.46239129802
6300782,32000.0,21865.832103344314
6275795,81000.0,79531.75892243387
4357933,28000.0,32861.901596318836
6299243,26750.0,24490.790744613827
6274843,29000.0,26858.78033538645
6286588,27500.0,25043.889347709966
6256379,13500.0,11372.735270396164
6275940,19000.0,15034.60843000299
6298918,9000.0,9749.417212230946
6267565,24000.0,27281.519136736028
6289956,10500.0,9791.163193721519
4254453,18500.0,16650.6850301314
6301293,17500.0,16038.664296327224
4322172,10500.0,15205.576322551371
6291454,10500.0,14606.786375072355
4276393,27500.0,29490.349679951774
6289983,8100.0,11700.88855715605
6272625,82000.0,62174.2745011504
6301428,24500.0,20460.364946455476
6259557,39000.0,30542.360624734436
6301283,59600.0,69661.56969060899
6289988,9500.0,10719.56767732141
4244638,10000.0,8703.727883726118
4249481,10000.0,11414.790889001048
6274962,70000.0,69120.18135350183
6266224,45000.0,42717.96827296647
6266226,37000.0,46887.15937283591
6286043,14500.0,16031.697079478045
6262828,25000.0,31913.7506336249
6268697,20000.0,17793.95054326832
6262830,37500.0,31568.894706717598
6254538,10100.0,8896.465094494519
6290199,12500.0,16375.335427945996
4353530,30000.0,35555.696288486586
4373091,17500.0,21857.2266919205
4358162,25000.0,24079.682343260265
6301282,27100.0,45887.33414783316
6301228,34000.0,27297.915251043312
6262616,9400.0,14922.277921632996
4393204,71000.0,67747.8654034696
6319771,55000.0,56216.738810270974
6262631,75000.0,80099.86139920568
6299186,8600.0,14124.39472295507
6291938,11500.0,16070.45683129729
4260556,112500.0,107103.03001133812
6318983,69000.0,25251.23538973189
4370775,6500.0,7846.069986288387
6311604,11500.0,10344.626840472803
4259450,60000.0,66901.91200717288
6288591,18000.0,20022.47298068262
6268070,18000.0,12622.14590982729
6301072,19500.0,26082.881036276947
4367079,37500.0,17416.7044792987
4353265,13500.0,8309.621535946513
4318434,11500.0,11501.44488652953
6272340,70000.0,62169.30608670902
6289797,17500.0,22020.751081471655
4338405,43000.0,34058.131719619225
6318056,5700.0,7395.9715308315945
6328174,18000.0,15617.193098671636
6268635,30000.0,19511.77016805848
4254427,14000.0,16173.126973958853
6289889,12000.0,11057.630868181814
6274929,62000.0,52555.80409212232
4316338,16000.0,13834.142894306111
6288252,45250.0,36416.6019329303
4324221,31000.0,39232.77516346174
6291947,27000.0,24159.760288888014
4314882,9000.0,14366.270836665479
4317341,18000.0,14645.243139257716
6321642,19000.0,15885.854458891137
6297169,15000.0,12818.933857189062
6294648,40000.0,35314.0434599033
4323352,12500.0,14994.61759417202
4287258,14000.0,20229.335268254876
4252836,35000.0,31726.066540746153
6297380,16500.0,13864.518121063302
6311419,19500.0,15743.165038061237
6261097,65000.0,37357.374230616086
6259970,18000.0,14918.35256343451
6261316,52500.0,41624.97898823168
4323645,45000.0,44745.060460032
4349183,9000.0,17361.120277935875
4261693,32000.0,31340.257194444635
6259977,14000.0,12963.420034235016
6274134,37500.0,30664.46563410495
4323365,10000.0,9091.642570597789
6259979,14000.0,14182.121818149628
6287699,35250.0,38654.04979950679
6266091,19750.0,16845.91838888191
4287664,100000.0,81799.37297568399
4370596,6500.0,8106.814369523229
6256262,10750.0,11928.256798114297
4263188,57000.0,53949.50192711315
6275556,22000.0,17698.109673758492
6259863,29500.0,27938.199773215252
4283327,12000.0,11641.259739770458
4283537,105000.0,100868.66035496125
4315321,37000.0,37197.51829613029
4393037,27000.0,29581.669920919085
6275443,65000.0,52331.63735817062
6286592,27500.0,25043.889347709966
4364421,37000.0,35592.242463341805
6266281,40000.0,38118.22718751477
6261466,11100.0,11439.049144988687
6296603,15000.0,14421.959485494051
6256324,14200.0,10262.327899592145
6275332,50000.0,34730.81170439951
6287430,12500.0,13063.309121950324
6274446,37500.0,33202.26308234333
6328198,10750.0,8225.032123852649
6259866,23000.0,28495.21589818072
6275293,80000.0,80891.01591484448
6272245,66000.0,76743.84258096277
6266320,11000.0,12403.130040954487
4390945,13000.0,12281.38065644019
4315125,66000.0,54277.67342345971
6275270,42000.0,42149.9130502733
6321683,13000.0,11966.553402147267
4324283,47500.0,55095.483523789364
4286527,11000.0,11125.251330730513
4244852,12000.0,11135.074922331703
6318365,28000.0,21024.37191979076
4286874,90000.0,92556.99171491944
4317319,18500.0,14688.07552938526
4324243,33000.0,46647.24369006158
4249769,22000.0,19780.985956937027
6274021,26000.0,27047.625424873822
6300181,41100.0,37037.369368471846
6268388,25000.0,20276.812616250016
6267762,49250.0,44810.547483445764
6300535,22000.0,19145.472277236153
6320474,33000.0,23819.860128628505
4281981,87500.0,66826.17017644974
4279077,57500.0,56687.62912295701
4252463,28000.0,28883.2139847257
6259414,30000.0,27694.205647547096
4275463,11500.0,12899.734437499354
6268391,19500.0,19323.01255555986
4356309,8500.0,10675.11905001952
6312040,14000.0,14940.514111698754
4354346,19000.0,27623.885525709164
4279418,8000.0,11909.001411558558
4314693,60000.0,39114.18984143419
6311483,11600.0,17439.068844387537
4392694,66000.0,44588.92687635755
4279533,40000.0,33668.6306374543
6310894,7800.0,8181.6201802099085
4262261,37500.0,53509.84534551269
4252525,29000.0,29675.198764842364
4322729,13500.0,14037.20125308476
6311957,12750.0,12217.051372098904
4254203,21000.0,25500.18839456049
6311508,11900.0,16333.352123602583
6260493,16000.0,16261.31086028808
4281814,22000.0,19470.404743886116
6287238,13400.0,13497.614481130771
6292633,28000.0,51725.535551563145
4354264,75000.0,60890.31741569766
6287748,35000.0,40240.46588374665
4353700,70000.0,65275.936983812506
4391045,17000.0,24585.96136956058
6299411,13500.0,14868.32426947746
6266102,21500.0,20932.313024968942
4367157,92500.0,60782.6521775779
4324833,8500.0,12014.56070315775
4282637,35000.0,37577.75851601229
4252766,32000.0,32341.873185126384
4275998,57500.0,65593.22990599247
4317584,37000.0,29005.5278438884
6274937,40000.0,51610.658195668206
6292932,92500.0,62370.31488761456
6292900,100000.0,74672.55517729982
6300292,30000.0,27731.954686295616
4249673,14000.0,15563.026326261002
4245052,37000.0,25185.809245088396
4364166,17000.0,12852.397954760241
4282070,15500.0,16113.847894879356
4288217,102500.0,73480.215487697
4284234,16500.0,19978.998845265407
6273932,28000.0,27823.486962784773
4288809,65000.0,80790.85001347173
6268375,15000.0,17511.555934793385
4275668,45000.0,43282.342977181725
6292675,55000.0,61221.86412353371
6298220,12750.0,10572.97970802818
4354111,20000.0,17234.477586187262
6274955,40000.0,57381.14851396806
6304540,27250.0,33336.80164170417
6264003,12750.0,12655.367687182308
6263820,13000.0,15906.561263558728
4321024,27500.0,29781.06602689549
4250269,20000.0,19740.594362563115
6304209,56000.0,54111.570500337766
4248095,7500.0,11569.573319221092
4305262,16500.0,16240.852441759213
6282930,56000.0,33378.74293206079
4362718,11500.0,13141.754584540398
6308513,37000.0,23746.866111976015
4312378,35000.0,29355.01690989759
4247074,11000.0,11418.568710492484
6327740,23250.0,14414.018443153196
4271177,35000.0,37293.144128206266
6258573,21000.0,19774.52701963295
4266264,37500.0,50887.131773195186
6278962,14000.0,16617.905520507677
6304172,70000.0,67622.91890771296
4377878,12000.0,11563.472768227328
6312723,13000.0,15577.10234630615
6327581,10000.0,11320.7295526564
4404123,6500.0,6395.757806546908
4299200,23000.0,27863.76159827985
6315104,10500.0,7211.363853671182
4404139,5500.0,6039.268502648269
4299876,59000.0,40258.257829861584
6330783,11000.0,9984.650933644469
6283079,32500.0,30982.507117713016
6271049,8500.0,12880.744097667392
6279074,107500.0,63928.55378092823
6283069,11250.0,11968.573248661689
4299698,67500.0,59390.93313256599
6283023,15000.0,11633.329803044413
6283018,12500.0,9368.435810945166
6283004,11000.0,9247.350489247954
6282992,21000.0,23206.515828799496
6304273,9200.0,12926.48948638978
4321106,32000.0,24093.38424473561
4323845,19000.0,24793.06631466611
6279046,64000.0,60212.36941089665
4270654,10000.0,15911.167435647156
6269632,45600.0,34876.157186996985
6278982,16000.0,17148.805758844293
6257798,15000.0,11780.173739294902
4395133,52000.0,65652.88213143185
4299346,16500.0,15810.113214555879
4388625,20000.0,19880.252155958773
6284307,102500.0,76363.80724958732
6282894,34000.0,34013.07094362995
6269575,54000.0,38888.13608391792
6270181,16500.0,13615.859705046461
4373457,12500.0,12576.598430249109
4252095,28000.0,27232.40637972657
4297637,24500.0,24658.35141474621
6278323,101000.0,71503.11813884364
4408458,17500.0,13577.619836601614
4326552,13500.0,15404.124355150458
6282788,67000.0,48046.48513908053
4404168,7500.0,6983.940206673918
6267084,27000.0,21286.158093978524
4375519,14500.0,13960.702311559562
6282784,13500.0,10259.667908181045
4297570,13500.0,17730.205316113137
4359148,37500.0,33527.86716994983
6310250,6250.0,6920.36257239441
4323999,11000.0,29177.748937965862
6303817,19700.0,14465.123244390355
6278196,105000.0,82151.98542162211
6282777,53000.0,37931.2950154484
6303734,14000.0,13743.867507993402
6282775,11000.0,9766.271802427966
4268364,14000.0,13582.176246038349
6283091,15500.0,17337.65785730676
6304008,25000.0,21383.271861306748
6266877,55000.0,40713.88659479453
4404101,6000.0,6190.344445097546
4246204,25000.0,22738.05185062248
4371081,6000.0,7499.548911961222
6278794,106000.0,82490.4637698058
4271464,10500.0,13986.807884844295
6328008,17000.0,11347.894938711
4408227,16000.0,14433.69311343731
4271848,36000.0,34524.11001143602
6284402,30750.0,31993.590192967225
6320304,23000.0,20785.44846192443
6282878,24000.0,20675.918288168294
6314813,12000.0,12890.233269882454
4403938,13000.0,9235.376466583732
4363034,97500.0,89203.75336883188
6312520,19000.0,16313.02068799134
4323753,14000.0,18544.721267988236
6267082,24750.0,21403.058914687856
4363246,110000.0,83095.85764412004
4334642,16500.0,12868.128337797549
6320057,45000.0,53322.952595210634
6304046,25000.0,26613.19564266945
6278548,6400.0,11768.192677040628
6271393,59000.0,56003.20119645646
6258519,12500.0,10912.852855991103
6304349,41000.0,39959.27642941288
6283238,32000.0,26563.410780465805
4333219,13000.0,13476.59677441798
6258411,18500.0,18502.936341085548
6264356,12250.0,9025.063318086965
6314787,14500.0,13579.962551572518
6315249,9800.0,7746.134150982013
6269926,47500.0,26248.263598565834
6327684,13000.0,12582.600894861893
6269970,14000.0,14587.950878867789
4245980,24000.0,26008.87891357713
6279352,35000.0,54301.12168448668
4394908,45000.0,49870.30140405562
6279307,16000.0,16085.775693618558
4256475,11500.0,13179.87881546746
4369449,16500.0,15705.238237489673
4305123,55000.0,54810.52458103062
4247917,12500.0,11048.756769979234
6264311,13500.0,20764.47516389831
4362520,35000.0,25577.626520198166
6304514,25000.0,26869.90930299995
4404147,12000.0,7359.794804331299
6309900,17000.0,12243.496416776648
6258426,21000.0,18277.003872179735
4304306,12000.0,13037.305597393617
6279712,71000.0,63227.56790144496
6304707,96000.0,85140.62975170052
6258333,16000.0,17270.985563742743
6283271,33000.0,26403.1555910978
6258377,18000.0,17916.987291235106
6309844,12000.0,9804.89907735581
6309850,15000.0,10540.695613576472
4360542,18000.0,18767.96442476754
4369597,12500.0,10844.012198532737
6279647,41000.0,34242.82011075474
6258398,18000.0,18263.07273583695
6304633,54000.0,64437.78386975669
6283269,33000.0,26279.243044352406
4360067,22000.0,23437.522881072855
6283263,27500.0,30331.771225802975
4251757,27000.0,26222.505497352777
6283260,39000.0,25138.995584128843
6327699,12000.0,12606.08606465873
6304597,35000.0,55259.37897932081
6315206,40600.0,40843.55081818407
6304721,41000.0,40157.2758022911
6304591,41500.0,34906.810026652245
6304588,31000.0,35646.27232664905
6303699,8700.0,10595.018439362011
6283684,45250.0,56010.49016440233
4303698,62500.0,60668.154963723944
6283143,19000.0,18162.779078616466
4323814,19000.0,22601.647119920486
4320054,18000.0,18090.788465582355
6320198,49000.0,63843.688029349585
4300910,10000.0,11701.62327473311
6279136,87000.0,75715.15840114738
4300734,35000.0,41734.72128005195
6314793,9250.0,13579.962551572518
4367331,59000.0,39824.67944742016
6304371,25500.0,31013.264493626437
4394792,20000.0,24103.613251374933
6264622,80000.0,70979.93892249108
6309230,44000.0,22208.135843394073
4247644,9500.0,8660.379404275029
4324107,57000.0,40471.03459206461
6269661,30500.0,26711.630701143247
4270423,10500.0,16744.89642462159
4246299,15000.0,17782.842302349294
4371599,10000.0,9680.069977307701
6286028,14000.0,14829.658000475709
6304796,39000.0,31730.718208280065
6327736,18000.0,13806.07375099368
4250414,20000.0,21108.60526980624
4301715,18000.0,15798.413443701838
6304431,36500.0,41148.14969748262
6304483,28000.0,39876.101701009204
4331930,9000.0,10611.742520625552
6271260,19700.0,19221.283456882233
4256452,15000.0,12920.10684461409
4302465,32000.0,38399.1504095023
6258434,20500.0,18670.983665643213
6271278,60000.0,57805.19237187017
6309960,11500.0,10329.657054737689
6271118,55000.0,43916.89620083278
6283755,15500.0,21425.07431577435
6283169,18500.0,16181.105497476536
6327983,12000.0,11114.437397147802
6304765,41000.0,26149.036035277466
6283162,22500.0,19254.077959177856
4310617,27000.0,20232.480827322666
4266685,95000.0,88530.65611023841
6266988,75000.0,56420.23590171338
6269983,11500.0,11639.096606854739
4333905,39000.0,37875.64109243111
4407995,8000.0,8671.795817802598
6304436,34000.0,34743.95885444286
6269769,17000.0,14387.97810629723
4324159,34000.0,33689.78478134408
4404172,12000.0,7425.948660448185
6282258,52000.0,40850.33990235957
4246525,62000.0,49462.06810691375
4367356,59000.0,47300.35785921248
6308341,9000.0,9686.019123088447
4408923,33000.0,17201.44579637382
6285463,13250.0,10154.370859655084
6264863,8500.0,10730.965868615767
6310546,9000.0,9785.331049084456
4320614,29000.0,25772.665022853715
6264862,24000.0,20921.72211710055
6302142,28600.0,20503.30541216421
6282252,28500.0,29632.738208622002
6282251,43000.0,40122.334328355275
6276735,42000.0,30333.80661964762
6282250,43000.0,34900.83524149998
4323741,20500.0,17404.589583145676
4314093,7500.0,9416.825504577873
6268914,25500.0,18624.332310078626
4313589,52500.0,62285.3721221805
6285438,8500.0,8306.041907118231
6285865,20000.0,14705.827711398737
6268932,25500.0,20469.246447521495
4319775,12500.0,17048.57757324641
4321943,29000.0,23006.535261951904
6282283,33500.0,26627.23133173698
6257901,22500.0,24337.711962340676
4367462,48000.0,56836.08874845867
4335470,88000.0,62636.20051252159
6271656,14000.0,16892.606392288075
6307463,52000.0,35166.99040649485
6281003,70000.0,63676.79175956047
6302973,15000.0,15017.599091152162
6310516,6500.0,6307.712288664061
6277009,80000.0,64234.531516431816
6285425,7000.0,8038.051377030227
6310534,9000.0,9824.277697408854
4314100,14500.0,12337.598631739258
6257001,17500.0,22227.368848230493
4251677,26000.0,25298.294853155723
6320436,9300.0,8590.5209357832
6257007,17000.0,20701.464599560033
6285765,12000.0,10848.444487404313
6310679,9000.0,9531.199321259877
4392860,50000.0,65224.58126049324
6270554,11000.0,19248.27861760206
4320859,29000.0,26947.453870322355
4309078,13000.0,13701.27360479345
6266724,22500.0,26726.840799547706
6285629,8750.0,8521.067820270311
4313904,34000.0,31262.20549905794
4293723,18000.0,17594.77764532907
6263082,65000.0,58019.09660861546
6312304,14500.0,15423.361813131507
6281957,47300.0,40060.20215356634
6302555,18000.0,19892.605535635357
6310597,6300.0,8576.700998921246
6264819,22500.0,20438.136228511758
6302496,16000.0,14842.854656266418
6310603,9000.0,8009.087673072007
4309173,37500.0,40595.30162264073
4293776,18500.0,21785.723435684493
6302436,13000.0,22896.21125744915
6327848,26500.0,23525.672871607432
4361881,42500.0,36497.0976018902
6310579,7500.0,7693.747794774675
6319884,26500.0,19541.739426431443
6266727,28000.0,27258.392987689112
6276655,37000.0,32192.719940370618
4321662,24000.0,30740.716930195937
6306023,47000.0,74276.83749325557
4246219,26000.0,22210.071620604453
6314847,20000.0,17835.651474592756
6267192,17000.0,23420.74562447681
4313778,14000.0,12866.089339605516
6282155,15000.0,11082.985111575654
6270721,60000.0,51353.90919558688
4396068,13500.0,12092.517170791014
4325346,42000.0,45679.53755348386
4335683,80000.0,66316.53335368757
6268852,18250.0,19032.243341289697
6306524,45750.0,74583.01664372295
6268850,18000.0,19797.029102155124
6271966,112000.0,84711.17493921042
6302686,18000.0,15283.126675108655
4294287,92500.0,82063.79219562587
6269276,27000.0,30312.0797411889
4395980,21000.0,21886.88447613115
6303034,96000.0,53979.11042100385
6301663,24000.0,25509.066149634764
6267105,33000.0,27138.360507211328
6277606,37500.0,30822.956856426707
4264891,13000.0,12608.979921809916
6256830,45000.0,34474.926361704325
6282448,9000.0,10586.656975795053
6303460,18500.0,33729.307698928045
6266860,40000.0,40829.63240264738
6270229,22000.0,20136.966908412414
6277584,29000.0,25330.3843562922
6303436,8250.0,10265.032241220453
6303425,28500.0,33118.770480100626
6258735,23000.0,22946.98280709627
6301736,27000.0,37524.18199298738
6284925,35500.0,35696.21971305139
6264723,11500.0,9755.65500744384
6256841,45100.0,34316.47128777528
6276279,79000.0,69394.34309338742
4252241,28000.0,26240.463616919715
4319617,13500.0,15094.623284217363
6303509,8000.0,10591.825762886529
4255560,17500.0,32382.21094890649
6282697,11750.0,13667.930189851013
6305357,21000.0,15067.724000932283
6315492,18000.0,13253.31894252959
4335005,10500.0,12684.231581908693
6258715,20000.0,19292.55269978328
4312658,80000.0,81584.2454951006
4403926,5000.0,5652.584081526445
6270223,13500.0,14092.23980825828
4314153,9500.0,11182.78840675061
6303665,8250.0,9408.208848391894
4395506,105000.0,100322.94555682394
4268192,42000.0,60678.689383565026
4306775,90000.0,82537.37166388347
6310365,6000.0,5957.152615811389
4273348,67500.0,53847.20131348748
6305733,33000.0,34084.880063937184
4326460,13500.0,11288.138796620467
4320386,27000.0,25039.272710802976
6308216,8500.0,10631.207431516217
4335168,57000.0,62502.469787657144
4296558,30000.0,42070.5929137728
4256587,62500.0,58025.744597676945
4296463,8500.0,11696.971488395555
6258188,15500.0,13421.736661327472
6303128,102500.0,70155.96752247894
6315576,11500.0,12943.291238174452
4367527,85000.0,59713.573293701455
6314972,7000.0,7407.605730057029
6303067,24000.0,30462.265979713484
6285239,18000.0,20090.576724180486
6314947,21000.0,24457.032733251097
4313365,72500.0,67212.37161858717
4250922,23000.0,24435.098385803114
6276313,100000.0,73325.43003606366
6282315,55000.0,36017.26304407387
6305896,57000.0,35411.553790150356
6301912,12000.0,11038.070358078105
6265645,35000.0,22032.228687538664
4314128,18000.0,17641.50546244499
4310032,18000.0,13395.764415760168
6258189,15500.0,13587.181809130709
6276285,92500.0,53186.78453528255
6282374,52000.0,52861.793152709855
6285071,42500.0,48108.16518035242
4295193,52500.0,51696.9348174404
6262909,27000.0,26680.37329298548
6305786,77500.0,57246.19032480045
4369699,15000.0,18089.904411588184
6263468,41000.0,36332.18531408871
4321512,24000.0,27702.073996466235
4307068,44000.0,53013.20333864878
6263473,40000.0,45101.50303675857
4326455,13500.0,11037.302598531278
6258040,23600.0,16476.391152812877
4254866,55000.0,49396.92444737479
6256282,11000.0,9350.043207216057
4367333,59000.0,39984.69734791968
4396069,13500.0,12262.50169965205
6306100,35000.0,20441.169461123074
6311447,14500.0,14325.036964462308
6306068,70000.0,69250.66330530251
6306267,97500.0,76781.19423128059
4268907,18500.0,21354.344138066885
4251665,26000.0,25251.17707161152
6306336,110000.0,71172.3034969265
4394919,30000.0,39631.143051986255
6306174,11500.0,14691.470610442648
6304733,22000.0,21497.001564276656
4268314,17000.0,18642.610424842085
6309802,13600.0,9140.457057828417
6307593,17000.0,13276.040471676972
6291743,20000.0,24706.695664935884
6305897,40000.0,30824.502086330358
6254522,7500.0,8012.450203045919
6304849,70000.0,36178.70984609196
4381612,37500.0,49431.270903192955
4252750,32000.0,32327.545975565477
4367526,85000.0,60095.61563110127
6258195,14000.0,15026.050661757936
4260587,95000.0,113833.05084040442
6292156,16500.0,12314.161876357512
6254521,7500.0,7963.806947313673
6291900,39000.0,40867.36385851557
6258263,22000.0,17694.60970025469
6308006,37000.0,33138.31771656742
4367086,41000.0,19022.50455129216
6320168,20000.0,19077.770855374278
6305162,12500.0,12360.694634041922
6315063,38000.0,37179.32369809917
4251579,24000.0,20912.890197134777
6305267,18000.0,17238.159642044502
6260200,55000.0,56186.656648476965
6292407,10500.0,13004.318303130354
4370840,8000.0,8286.46545844196
6260541,17500.0,25787.085221963
6304751,25000.0,21837.123818739215
6311468,16000.0,15270.977176560013
4361883,42500.0,37151.35069582969
6319691,50000.0,65253.5406230828
4250531,29000.0,41115.79100845358
6292891,80000.0,68429.99653896851
4393685,25000.0,36598.4471365103
4278887,13000.0,16604.721400559207
6319059,17000.0,22167.4633687094
6257737,10500.0,10727.727338084978
6304734,21000.0,21637.77224945202
6292822,88000.0,63127.590039933784
6257980,43500.0,44860.568104958606
4267491,22500.0,30163.43004990538
6292813,43000.0,28709.72564158169
4369439,15000.0,19067.85037822359
4367078,37500.0,17016.245720843366
6292682,57000.0,63991.87311516008
6305931,42500.0,40967.73472243626
6305912,38000.0,25821.247355133593
4367352,59000.0,47490.41272030784
6304798,42500.0,20202.415438352713
6319757,27000.0,30118.554285553775
4268342,8000.0,10583.918409253598
4263628,32500.0,48539.064782453046
6304700,92500.0,77335.01165550313
6258781,27000.0,24553.704327772175
6310951,10500.0,12256.279377891535
6300192,70000.0,50404.40239368388
6315564,11000.0,15764.803372695978
4254189,21000.0,25519.059609872023
6259171,35000.0,25438.539604265636
6259158,29000.0,27611.75848019768
6300300,50000.0,25622.350689126764
6259157,29000.0,27611.75848019768
4264669,8500.0,19212.814227566912
6320400,52000.0,69389.63629945416
6310925,10000.0,10154.559861185915
6300352,40000.0,29680.878757049024
6259156,29000.0,24742.628658618672
6310496,6000.0,6983.355208641285
6259155,29000.0,27611.75848019768
6256762,24000.0,22765.788810471495
6259154,29000.0,27611.75848019768
6259153,29000.0,27611.75848019768
6320407,50000.0,67458.21084974169
6300323,36000.0,29780.411840004974
6315619,10000.0,9698.027925853203
6300156,52500.0,53248.42429035807
6259237,14000.0,12282.137188778719
4369695,15000.0,17955.646639940354
6299458,31000.0,31590.377817834957
6259284,35000.0,29576.053323779866
6303680,50000.0,55330.15608479898
6257076,41000.0,35980.21288061961
6257060,45000.0,34379.66689763822
4255583,37000.0,34184.72548758159
4272914,30000.0,25118.557389564685
4512722,15500.0,11215.187409073707
6259195,11000.0,12282.137188778719
6310399,6500.0,7612.131164232799
6259283,32000.0,29861.33911059775
4358844,20500.0,19412.917199941465
6312207,15000.0,12567.360425662557
4273360,59000.0,57936.76853307611
4367161,92500.0,61171.53427574519
6312426,12000.0,11210.480531534238
4264882,9000.0,11478.274966720734
6257024,31500.0,30772.927160695857
6258764,26000.0,23612.75060655732
6312199,14500.0,12584.486157597927
6320411,52000.0,67257.33036270659
6319910,69500.0,42687.592722135676
6258882,8500.0,12517.804869659367
6310609,8500.0,9526.047645384124
6302381,43500.0,41080.531820414915
6259085,25000.0,26086.627503744377
6258944,32500.0,26736.433196735834
6302244,8500.0,12239.068536529754
6256961,25000.0,20671.437433642906
6259059,30000.0,26086.627503744377
6310672,10000.0,8924.28805116101
6310673,7000.0,9510.268623354155
6300881,35000.0,44228.73542959951
6302184,11000.0,11015.464288254769
6302079,25000.0,22280.371898727615
6258965,28000.0,25330.175133409397
6258974,28000.0,25330.175133409397
4358564,32000.0,35449.94232230493
6301901,8000.0,12209.994700832623
6259029,24000.0,29372.20150063442
6301837,22000.0,22511.295079032705
6258991,28000.0,27269.95992737951
6258995,28000.0,27269.95992737951
6259045,28000.0,27269.95992737951
6259113,28000.0,27611.75848019768
6312301,16000.0,16921.679113772476
6302622,20000.0,29501.45356941438
6259150,29000.0,27611.75848019768
6302925,13000.0,16793.044255863704
4275462,11500.0,12841.212842273233
6259145,29000.0,27611.75848019768
6256997,14000.0,20991.82882181267
6312243,17500.0,13624.048234945678
6259142,29000.0,27611.75848019768
6259141,29000.0,27611.75848019768
6258895,72500.0,22029.3356186904
6256993,15000.0,17617.75845040797
6259138,28000.0,27474.109754275945
6319647,66000.0,40761.27709637376
6258907,28000.0,25330.175133409397
6258916,27000.0,25519.803772531002
4356983,21000.0,18988.164186861908
4264231,9500.0,12167.32112444365
4250929,22500.0,26809.942420953623
6302647,23000.0,19629.337138591676
6300652,55500.0,58507.289533352145
4249899,22000.0,18939.18661983793
6300661,75000.0,54317.300661212874
6257080,62000.0,52407.905203574606
6310332,6500.0,8556.87292353399
6303714,22000.0,36072.79117248393
6317901,18500.0,19430.92061898159
6309964,12500.0,11233.84524327069
6296712,22000.0,32102.81310342565
6313022,11000.0,11500.28195627099
6315281,8000.0,9698.027925853203
6315292,10000.0,9698.027925853203
6297181,25500.0,24366.556092235147
6258446,20000.0,17764.923677576786
6304426,34000.0,40928.339033029755
6315293,8000.0,9698.027925853203
6313026,11500.0,18166.481972265654
4277542,75000.0,65573.55446001771
6311255,12500.0,12903.108174563497
6315294,10500.0,9698.027925853203
6309969,14500.0,12292.11201078921
6254489,6250.0,8667.95147022891
6311249,17000.0,13116.315739564834
6304377,42500.0,39186.95202690736
6304372,22500.0,25230.562072898025
4266671,100000.0,99369.19425637263
4388568,19000.0,19434.45294830031
4252847,35000.0,31716.144529869947
6313028,18000.0,17132.893602617143
6319799,71000.0,84451.0970124889
6256352,12000.0,12517.804869659367
6258361,10000.0,11343.068353924245
6309883,16500.0,12071.51827983028
6258400,20000.0,18320.502966164124
6304621,52000.0,87722.28915223687
4269336,67500.0,68357.81460593663
1227255,19500.0,23360.03896523359
6256305,11000.0,9350.043207216057
4277919,15000.0,21622.356020588824
6256318,14000.0,12517.804869659367
6258410,11000.0,12455.431437837582
6294758,43000.0,31592.945505884927
6304585,42500.0,56774.7130263962
6257596,12500.0,11051.574727666202
4277710,36000.0,32624.60072343231
6311328,11500.0,12100.786570395347
4354110,20000.0,17275.59300851043
6254490,6500.0,8769.981611139137
6304526,29000.0,32098.825810531074
6259864,21000.0,24761.40547401673
6304493,47000.0,40721.96979173994
6309941,13000.0,11034.198533482002
6310003,13000.0,13438.490541916326
4353984,26000.0,28700.72890661115
6310004,14500.0,13362.372472770661
6254487,5500.0,8538.97645169414
6310051,16500.0,16039.476150057431
4276389,27500.0,29735.792300542354
6256476,32000.0,28351.688516994174
4271196,37500.0,38903.58096574026
4271865,36000.0,34530.53096037977
6299252,22000.0,19642.473870677062
6310052,13000.0,16039.476150057431
6258694,23000.0,24734.083438450314
4394773,20000.0,23897.62685349162
6311094,17500.0,13091.711467290705
6304024,38000.0,35973.31630637322
6299316,43000.0,57404.228628896446
6257289,11000.0,11942.6266626449
6257273,15000.0,22359.89827232364
6257268,15000.0,25650.57155221129
6311053,5000.0,6568.58602874421
6259390,7250.0,13843.665609466918
6256495,37000.0,21873.18845983858
6317905,20000.0,19430.92061898159
6320718,105000.0,79563.46151823904
6320354,20000.0,23445.79063144837
6256464,5500.0,8702.033354264879
6258563,23000.0,21194.776296638436
4270921,20000.0,19583.82728426119
4261717,37000.0,33592.89136761619
4270426,10500.0,16724.489029136254
6298315,22000.0,22087.17245741454
1227264,19000.0,26722.24565580595
6315328,90000.0,57299.389341241884
6257507,9500.0,7794.475863744028
6304291,21000.0,35399.09761455067
6304279,24000.0,32299.043149282672
6259709,23500.0,18075.347195471215
6311222,11000.0,11161.642623407339
6304261,8000.0,13643.838928967236
6318095,10000.0,9889.599170387279
6259705,18000.0,20338.58408028306
6298350,24000.0,23674.12114214088
4270761,35000.0,37257.82178588433
6304245,37500.0,29871.956436292494
4250287,22000.0,18733.241849322487
6317916,19000.0,19374.01926825786
6256382,12000.0,11743.97417123707
6311140,17500.0,24140.515365643154
6310031,12500.0,13650.03226243655
4390944,13000.0,12303.344907817838
4267761,42000.0,47779.17245301201
1226859,48000.0,52389.390003507244
1227110,31500.0,36654.778685182515
1226627,16000.0,20642.677264791208
6263051,37500.0,52865.33184138509
4293474,26000.0,30750.50160750475
4293772,18500.0,21771.325700995338
6273187,90000.0,82918.38517571775
1226611,23500.0,27798.563537863556
1226610,20500.0,22645.097003406805
6273624,61000.0,81398.51845405746
1226609,13500.0,22658.443969598295
1226607,22000.0,22416.74250388517
1226602,47000.0,28298.51174242042
1227074,13500.0,12845.275473077778
6285598,37000.0,25895.72656204241
4324832,8500.0,12031.287362231702
1227069,34500.0,30456.909398714884
6266217,35000.0,37274.42768961799
1226640,22500.0,17186.022253673786
4318412,10000.0,11608.4609757726
6263040,45000.0,69909.71719047832
1226649,28000.0,17346.36890598836
1227082,50000.0,42383.69069253974
6285974,13500.0,12091.914879009028
6285973,13500.0,15739.63511565305
1226647,57500.0,31457.3736229149
1226645,10000.0,11540.27822177467
6327542,11500.0,10004.183534919202
4318170,13500.0,10267.021002052617
6285936,11000.0,11824.98774904909
4318512,12000.0,11585.676766179533
1226641,20000.0,14909.146849979583
6272932,75000.0,75901.60512310566
6272973,72500.0,36057.59153407343
6285797,12500.0,11260.769306288214
4318426,10500.0,10349.314781617159
6285796,11500.0,11276.602094550759
6285890,14000.0,14588.058167918654
1226650,25000.0,12209.854903606441
1226592,29000.0,27694.43008238412
6285535,18000.0,19125.087976994746
1227053,107000.0,80214.77052278644
1227052,13000.0,16779.90044036561
6263425,57000.0,45573.10679979238
6274395,15500.0,15664.415093082072
6285240,16000.0,14801.163374254811
4295218,48000.0,49966.48548694254
6274577,87500.0,83878.46268460147
6285143,37500.0,49864.13051155662
6274606,92500.0,84060.27944229713
6266031,50000.0,36940.46602101767
6263504,20000.0,22640.13594056768
1226911,39000.0,33861.54008534067
4316634,19000.0,20965.299772283473
4296746,90000.0,90098.15567760904
6274897,70000.0,51108.124789598645
6274386,18000.0,14291.079289089745
4335479,88000.0,62564.78493807481
6274295,54500.0,40867.649191394776
6285383,19000.0,24136.03880426931
6285533,18000.0,19125.087976994746
4294440,54000.0,53976.726621916154
6285529,18000.0,19819.390538103584
1226579,40000.0,37857.76171482482
6285526,17000.0,19905.708076620023
6327551,11000.0,10524.494179309953
1227060,114000.0,111969.0422172677
1227062,92000.0,79977.91505725829
1226904,8750.0,9024.304225585098
4317326,18500.0,14535.767369240439
6263331,75500.0,68042.69272709177
6274257,32000.0,26917.845330606066
1226907,23500.0,19430.114296456635
6274281,36000.0,29937.382451990652
6285393,32500.0,33662.019803522664
6285391,30000.0,30395.909039929873
4294499,117500.0,111651.45448290562
1226656,39000.0,52327.055380606915
1226657,36000.0,45854.10434037165
6262844,32000.0,31653.528177699565
6286447,27500.0,28455.97090932073
1227137,19000.0,24553.994758547695
6262387,85000.0,91081.12736040837
6324800,5500.0,6314.311887111907
6324805,12000.0,7776.433020481917
6324807,7500.0,7361.683396715976
6272163,100000.0,80658.2798215031
1227136,66000.0,54781.74270808172
6272204,47000.0,68368.69063851914
1227135,33000.0,34845.97047454664
6328206,14500.0,11100.658350331585
6286371,22000.0,23382.75036880311
1226887,9500.0,12501.678650412243
6324808,12000.0,7705.647860717533
6262423,112000.0,108503.02892861594
4288843,85000.0,88107.26641942888
1227139,24000.0,27197.83672120228
6286452,25000.0,24541.922488410073
6272015,14000.0,21878.590657019104
6286489,20500.0,23613.126735875558
6271652,27000.0,42171.13133787607
6286487,28000.0,24476.72774113851
6286486,29000.0,23613.126735875558
1226885,11000.0,13838.190959509657
1226734,76000.0,70722.92615284475
6271725,11000.0,12338.554260771994
6286353,33500.0,29319.067504536764
1226733,42000.0,38884.187644106925
1226732,101000.0,60128.75502268933
6286484,29000.0,23613.126735875558
1227150,51000.0,48672.50345569966
6286481,20500.0,23613.126735875558
6286480,20500.0,23613.126735875558
6286464,20500.0,23796.189577214012
6286463,22000.0,24030.639141328713
6271866,90000.0,87709.21922985053
6286343,30500.0,27485.382214064608
6286342,32000.0,26745.006186905863
6327462,8000.0,8725.768205978222
1226699,13500.0,20147.156020911818
1226678,17500.0,20499.81448271682
1227088,49000.0,65963.69599829953
1226675,18500.0,20848.1001512741
1226670,17500.0,15501.156145583427
6286079,33500.0,27890.29793738382
6286076,18000.0,15866.499557419816
6286154,19500.0,21434.094510899722
1227087,50000.0,62753.54609249108
6328176,16000.0,15740.628900230258
1227086,50000.0,76153.80551645787
6272500,65000.0,73449.09307907915
1226659,29000.0,37389.051505567244
1226658,55000.0,46346.89825027484
6286019,12500.0,15069.393804398336
4324670,16000.0,14833.570195554557
1226667,18000.0,17372.852121412594
6284823,52000.0,51356.6517970249
1226893,15000.0,19115.051285860613
6328205,13000.0,11148.016951996166
6266318,19000.0,16507.344565712057
6286241,20000.0,22417.539229107235
1226889,18000.0,21483.946485186014
1227113,71000.0,65107.84127712731
6272280,47000.0,56943.96683431605
6286205,24000.0,27456.36460153141
1226700,77000.0,72821.05168961942
6286165,27000.0,23193.5967261108
6286197,27000.0,23193.5967261108
6286189,29000.0,24891.549304451044
1227111,18000.0,21696.56414273517
6266310,10500.0,12887.671679966727
6286168,20000.0,22417.539229107235
6286167,20000.0,22417.539229107235
6286166,27000.0,23193.5967261108
6272328,102500.0,60496.78253238692
6286196,29000.0,22417.539229107235
6284799,66000.0,51919.57493260506
6284762,9000.0,15234.704425817587
6284748,43500.0,47930.40310579204
6265215,16000.0,11067.925421378195
4312083,45000.0,42596.11578338115
6279242,44000.0,39958.75191197765
4303663,71000.0,69850.99743494904
4333747,61000.0,45585.05676463857
6279306,18500.0,15578.594595643948
6279449,12000.0,13735.93072039404
1227019,77000.0,71145.10057250597
1227014,27000.0,28425.30096397084
6265103,14000.0,21772.288101869977
6327939,33000.0,17624.770539101704
6279803,39000.0,42147.72409917141
6279831,55000.0,60416.91405778652
6279837,41000.0,67375.37429471168
6279889,16500.0,16278.09015140887
6265221,14000.0,12431.132736107487
6283763,27000.0,26841.652741578222
6279063,64500.0,71385.45604632952
1227021,70000.0,65825.88222832534
4299853,13000.0,14652.501604434732
4312662,80000.0,81263.65051554638
6278271,14000.0,13929.370298180384
1227027,30000.0,28766.265680713397
1226936,76000.0,87540.73134877147
6328017,13000.0,10747.4363406857
6283910,35000.0,26135.43597469727
6279895,16000.0,14481.322635136657
6328016,12000.0,10747.4363406857
6278634,32000.0,37687.0501044288
6328013,12000.0,10747.4363406857
6328010,12500.0,10747.4363406857
6327998,11000.0,11060.674370532408
6279050,62500.0,63340.1092479555
6279052,69500.0,60789.081817746905
6279059,87500.0,71813.05853921232
4300912,10000.0,11717.186743268021
6280449,25500.0,35012.56811142355
4304009,45000.0,58518.27653628519
4333220,13000.0,13477.902782899526
6327730,14000.0,13731.013132494558
1226968,35000.0,31133.459658030777
4331929,9000.0,10654.853699860681
6280843,40000.0,39867.2130116479
1226959,58000.0,52710.39680983849
6280856,44000.0,44126.227927076885
6264638,95000.0,85645.90820132311
6283206,27000.0,20860.159421238764
4309892,10000.0,12202.821445812944
1226958,79000.0,77879.98456145448
6282907,33000.0,28251.44375993797
4249484,10000.0,11443.238374526823
4309167,37500.0,40190.673650500976
6282182,13000.0,14362.783353734545
6282299,17000.0,15731.48508465718
6282731,18000.0,12165.765873689994
1226957,55000.0,52839.415756021896
6277886,40000.0,29596.96433771941
4332054,10000.0,11639.247501771097
6283264,25000.0,26082.495586745794
6264402,43000.0,42412.758547053534
6264409,33000.0,38647.44755202209
4376686,20500.0,18892.021681901206
6283434,10000.0,15402.956656355756
6280671,90000.0,66991.66788780202
6280672,77500.0,79456.92796216685
6327710,11000.0,12984.715408656652
6280827,39000.0,36197.112223632634
4304829,37500.0,38413.84371813538
6280686,17500.0,19580.317586442732
6264515,37500.0,50595.29644249006
6280699,34000.0,30200.549610570666
6280817,35000.0,36569.3724899958
6283311,32000.0,27890.29793738382
6283297,30500.0,26745.006186905863
6283289,32000.0,26745.006186905863
4310311,10000.0,12021.788537279315
6271642,67000.0,58139.961097793595
4299714,62500.0,65831.13855619048
6327662,17500.0,13798.479891884732
6328079,15500.0,12471.373910725664
4297632,24500.0,24690.854525887713
6284526,9500.0,11206.52949549144
6284513,18000.0,15531.25607572794
6284511,12500.0,13736.051052061159
6284510,12500.0,13736.051052061159
6284503,14500.0,10104.981025697445
6284501,10000.0,9486.443468390004
6284498,10000.0,10104.981025697445
6284497,8500.0,9486.443468390004
6284496,8500.0,9490.838652352795
6284492,8500.0,9486.443468390004
1226914,11000.0,14168.431130696208
4314486,40000.0,42228.94343226371
6284491,8500.0,9486.443468390004
6284573,18000.0,14019.78125675616
6284574,18500.0,14019.78125675616
1226913,21500.0,20646.89525501933
6284576,23000.0,15647.033313677479
6274970,60000.0,72338.32581435666
6284738,41500.0,42943.366748558474
6284735,35000.0,41686.92372570592
6328114,19000.0,16093.201844958072
4335006,10500.0,12650.359930941591
6328113,17000.0,16093.201844958072
4315328,37000.0,37451.663762275646
6284489,7500.0,9486.443468390004
1226912,28000.0,28069.253021726996
6284682,60000.0,38983.565671607575
6275464,8500.0,13057.104154189012
4297440,100000.0,96614.84024227818
4297534,11000.0,17627.342632650412
6327566,16000.0,13665.68205242892
6275477,30000.0,38798.79137445078
6284597,11000.0,13464.616398694181
6275438,73000.0,45285.18674765139
6284479,7500.0,9093.247913134424
6284476,8500.0,9169.804448110632
1226915,26500.0,32629.96395011349
4377877,12000.0,11537.741740661264
6276991,67500.0,57629.15373003559
6328052,13000.0,11100.658350331585
6327616,14500.0,11551.09812668539
6265649,30000.0,27841.56859204494
6277094,59000.0,37456.87101496141
4299193,23000.0,27922.36711774854
6284235,72500.0,61015.926146229795
4375507,14500.0,13925.720376025609
6327650,17500.0,13444.941090737406
4299358,16500.0,15820.11677375623
4312968,14000.0,19726.458962911514
1226935,58000.0,47929.0874389422
6284007,80000.0,68133.58887373151
4312957,14000.0,14044.905073281081
6277614,35000.0,32085.746306492107
6277321,32000.0,22707.188011616036
6277819,100000.0,78950.20831371137
6276962,38500.0,42720.70139974954
1226934,107000.0,52739.41862091913
6284470,10500.0,9486.443468390004
1226919,18000.0,16036.743529961108
6284421,34000.0,26661.28911657357
6284398,12000.0,11677.264786504835
6284397,12000.0,12536.000895254156
6276404,35300.0,33379.246106252125
1226930,44500.0,41639.89963234396
4313774,9000.0,10821.054638361431
6328060,12500.0,11100.658350331585
4325343,42000.0,45634.41993101479
6328059,12000.0,11100.658350331585
4313882,50000.0,38126.04963007131
6276586,27500.0,27989.43428040659
6328058,13500.0,11100.658350331585
1226932,8000.0,10444.928893618624
6284299,52500.0,70110.96139803673
6327576,11000.0,11079.803934557522
1226735,34000.0,32145.291707320368
1226648,46000.0,41867.872876774185
6324796,6500.0,6715.30008385982
6261787,44000.0,35309.66581347551
6269710,50000.0,44291.996178358786
6269704,39000.0,31436.082059787805
1226795,22500.0,24624.426118332856
1226797,50000.0,49785.35324188287
1227174,30500.0,22977.37165649424
6287489,27000.0,30377.563604600982
6269659,38000.0,31122.775147849406
6287508,45000.0,50014.83557918769
6287514,10000.0,9853.547372165376
4323754,14000.0,18487.227598362424
6269572,31000.0,36066.49116363287
6333205,15000.0,12147.795279130949
6287544,20500.0,18084.87531024835
4321357,25000.0,27258.226159733968
1226809,33000.0,29098.09740936493
4283330,12000.0,11794.718887244699
1227175,12000.0,12767.423984630474
6269364,17500.0,12843.521674258764
1226873,41000.0,44846.86126990963
6269361,17500.0,13196.35300234758
6287632,27000.0,28918.700543577896
6287648,57000.0,37061.2111458852
6287664,32500.0,33609.2381690996
6287673,34000.0,37061.2111458852
6287676,31000.0,32365.688799076426
6321598,7000.0,8361.65042428308
6287693,31000.0,35305.88079959557
6287707,33000.0,37896.724737272154
6287329,25000.0,27000.857210637565
1226782,27000.0,31945.03892631828
1226874,76000.0,70743.81059342399
1226781,55000.0,71531.88621256537
6270198,13000.0,13466.338362012559
6270187,16000.0,17113.227314154636
1226766,28500.0,21737.217982355593
6270163,87500.0,57883.81884044461
6324752,17000.0,15268.716121451802
6286784,24000.0,27052.365605799056
6324746,15500.0,12398.250823534645
6324744,13000.0,9110.469712496122
6286926,29000.0,23613.126735875558
6287029,24000.0,27052.365605799056
6287040,9000.0,9440.338506810729
6270160,60000.0,55526.33553356179
6262005,46500.0,50459.96023366112
1226769,9000.0,8991.718132983611
6269286,40000.0,33245.301272861034
1226772,75000.0,55777.29754511788
6287062,10500.0,14562.898436806176
6324741,5000.0,5652.845967325871
1226773,20000.0,14802.596936633052
4323849,19000.0,24682.072772154632
6266949,64500.0,58219.36879423922
4321034,27500.0,29687.15940810236
4380213,6500.0,8364.386247329841
4350411,26000.0,24009.89087558284
4323813,19000.0,22560.698856459247
6287241,19000.0,14184.163494776712
6287242,13500.0,14571.79817582066
6333201,12500.0,11871.191564118912
6266971,67500.0,55327.033111466786
4283899,45000.0,60251.61749714267
6287059,10500.0,14593.246610763852
6270203,15000.0,14236.700691691862
4321519,24000.0,27690.1885544036
6287726,47500.0,44377.31036393928
1226851,44000.0,57654.94415788725
6267921,45000.0,37303.434112813906
4323350,12500.0,14985.258423124043
6260894,62500.0,58337.893260425124
6267450,36500.0,35007.16701453278
6267852,57500.0,54044.40194189605
6288427,13500.0,14607.096386504461
4323364,10000.0,9066.04921694928
6320905,21000.0,19651.129645888323
1226852,31000.0,33245.36221411113
6320896,41000.0,64064.63462472106
6260869,11500.0,13719.771378354148
6288506,13500.0,11545.167302372376
6288509,13500.0,11503.277396574375
1226854,87000.0,83844.65447658293
6288533,13500.0,15038.534468270598
6260860,15000.0,13425.428169641838
4281165,20000.0,27328.360711910565
1226857,25000.0,20414.35006276709
6267718,45000.0,37303.434112813906
1226858,57000.0,54459.19573528583
1226865,94000.0,100918.98438895484
6289905,9000.0,10330.698889084768
6260700,20000.0,23363.330838104775
4353266,13500.0,8315.771505349938
4244640,10000.0,8656.420206488838
1226861,35500.0,22381.669700419858
6267486,35000.0,31681.420020542955
6267566,22500.0,29858.74101601973
6288243,25000.0,26265.75525616515
6321488,6000.0,8741.68480590434
6268042,30000.0,25378.416899713928
4322533,32000.0,30251.28891343123
6287749,19000.0,24990.531409401814
6269235,8000.0,11069.381118525247
1226817,38000.0,39595.797590197435
6269085,57500.0,50960.70911051727
1226818,54000.0,54418.732588505314
1226819,46000.0,52909.9271392278
4282627,35000.0,37607.02169403567
6261011,32000.0,22204.49023351125
1226868,77000.0,78827.6976608245
6260991,30000.0,24427.015747776702
1226820,60000.0,67138.40759811143
1226821,48000.0,42366.22975075979
1226822,32000.0,31142.45271922029
1226824,40000.0,39220.472106867644
6267164,17500.0,14241.67176833606
6268699,115000.0,82926.73610195737
1226867,75000.0,80979.99423739528
1226830,64000.0,50411.135092461445
1227192,20500.0,26303.361233319007
1226833,44000.0,52338.870139942206
1226835,92000.0,92732.45381296154
4322213,17000.0,17507.02307760647
1226836,44000.0,50248.47281333785
6268390,25000.0,22686.19971310813
6268339,50000.0,41171.75563175571
1226837,46000.0,55551.664608723695
6268306,29500.0,31153.04271474567
1226866,87000.0,89798.99890907833
4281816,22000.0,19513.455768706055
1226846,36000.0,34130.86425734923
1226827,33000.0,34563.043180622335
1226762,69000.0,86598.75309660574
6269458,32000.0,24347.64408190568
4324097,77500.0,48447.18721487235
4320919,26000.0,28427.783288246806
6270402,35000.0,29296.726191146976
6286540,22000.0,24260.965617817074
6270538,54000.0,59239.05042331816
6262208,50000.0,50551.54298285935
6286689,18500.0,19687.118814191504
6331402,7500.0,8577.184934787723
6286550,21000.0,24260.965617817074
6286614,32000.0,24882.345669078255
6286613,32000.0,25127.49602714477
6324791,6000.0,6610.647404181912
1226752,76000.0,61358.80818170051
6286557,22000.0,24260.965617817074
6324783,5000.0,5616.010070491072
6270959,90000.0,94835.38050917121
4246214,26000.0,22288.6184899727
6271372,47000.0,32214.624618439186
1226879,42500.0,28715.755330736312
1226737,26000.0,23371.080130495484
1226739,30000.0,31067.15419774519
6262069,60000.0,63387.51260080342
1226751,55000.0,56582.791674936765
1226750,60000.0,56590.97691069399
1226740,33000.0,32905.78183686147
4324005,11000.0,28983.230757594065
1226754,30500.0,23072.431321321434
1226745,28000.0,27131.118065596984
1226753,14000.0,16059.629086669793
6286537,22000.0,24260.965617817074
1226746,19000.0,26947.997645004212
4320585,30000.0,26260.361900641532
6286511,20500.0,23613.126735875558
6324753,17000.0,15268.716121451802
6266423,27000.0,33241.41176724206
1226884,42000.0,32574.826885775794
6270871,16500.0,19224.46431608152
6270219,15500.0,15269.15169567115
1226736,17500.0,18946.156362263006
6286641,38000.0,32468.86157281704
6286639,34000.0,33058.8930646547
6270595,8000.0,10104.348747769061
6286630,26000.0,24260.965617817074
6286510,20500.0,23613.126735875558
1226757,34000.0,27382.169505222842
1227151,50000.0,58450.76881581173
6286525,21000.0,24260.965617817074
6286536,26000.0,27957.34751118334
6286505,22000.0,24030.639141328713
6270632,105000.0,73803.07220659703
6324754,16000.0,15268.716121451802
4349373,7500.0,9893.50697382981
1226756,25000.0,27480.692546669674
6270601,8000.0,12494.234809773785
6270584,12000.0,12966.587568231813
6270249,14000.0,20091.250983892685
6277006,62500.0,73689.96279811619
6284106,14000.0,17058.571081792186
6268903,13000.0,14722.892526850892
6284615,40000.0,37480.077870443696
1227115,8500.0,15165.325069130458
6277053,13000.0,14245.717707387877
6263792,9500.0,12340.064599051391
6262422,95000.0,99584.70298008493
6258575,22500.0,27777.682541875813
1226748,9250.0,8446.629271919966
6270726,45000.0,56589.8693920683
6284393,9000.0,9967.614819973962
1226810,13000.0,15587.292217129385
1226811,36000.0,29900.50785876338
6287642,77500.0,36491.85410935411
1226701,20000.0,20382.652046801584
6286203,30000.0,26879.720201342687
4353988,26000.0,28840.652577598736
6284103,14000.0,18539.052574813733
6312190,19500.0,13767.130971369246
6320322,30000.0,44127.03959170111
6275871,100000.0,84491.83220886564
6284432,50000.0,31583.50736806564
6275960,11000.0,15773.460276822909
6275598,90000.0,81964.92967123646
6275592,81000.0,81785.39386882714
6286254,26000.0,26197.05719651247
1226702,24000.0,20287.84070349499
6304094,32000.0,39752.63884280917
1227041,13000.0,11334.334503530301
6258501,29000.0,31182.805336011
6319942,25000.0,37485.09705465177
6279655,37500.0,40468.02266467961
6279660,37500.0,40468.02266467961
1226954,11000.0,13301.984282316784
6265005,42000.0,42841.26285946766
1226710,26500.0,23236.762139474173
6300452,26000.0,22175.582458288336
1226711,30000.0,29981.91862896079
6280632,65000.0,73646.78135564295
4310312,10000.0,11891.007729298108
1227003,23500.0,20208.404494643688
1227140,14000.0,13412.793757114643
6258392,22000.0,18385.607299431354
6291816,61000.0,40914.13556130426
6299787,16000.0,21776.860859973698
6260539,37000.0,28469.95749105402
6312533,20500.0,16737.31376174121
4332053,10000.0,11648.564425215978
6264895,22500.0,22938.85522368006
6289976,10000.0,10631.328824112434
6258271,22000.0,17793.986753251767
6264658,100000.0,92418.28979046998
1226860,14000.0,13195.483917732472
6282673,10000.0,12293.762028467643
1226953,12500.0,11204.424536197841
6304224,20500.0,18137.548105419955
6309879,15000.0,18702.17044030944
6265176,17000.0,18876.824542973845
6265576,67500.0,57897.65391642384
6287874,16000.0,14774.479904284448
6263934,8500.0,17860.876508071065
6310421,8000.0,7430.503770494402
1227117,6250.0,7586.094083857357
1226743,13000.0,14030.124558384443
6268575,15000.0,20808.120136417485
6263992,9000.0,10838.97559352075
6268513,36000.0,32091.42897460617
6268467,75000.0,42549.62914204595
1227030,24500.0,20835.572179851817
1226800,25500.0,14658.026219498948
6265414,18500.0,17320.47623227145
1226883,8000.0,8881.695657188495
1226942,15000.0,14655.900818733506
1227024,27500.0,30456.727627468936
6283805,45000.0,44660.04128042926
6279095,71000.0,59034.30852087506
6279100,70000.0,59034.30852087506
6317891,19000.0,20585.395508155314
6265210,8000.0,11206.835828167817
6279266,45000.0,56904.81239971391
1226952,9000.0,8231.67883324564
1226847,37000.0,30919.570785639637
6266993,59000.0,49906.816160596376
6282638,10000.0,11877.604121247292
6285794,10500.0,11067.81257786992
1226587,28500.0,26807.94546950157
6266279,37500.0,39960.77076046988
6272476,85000.0,81275.96004786514
1226755,17000.0,14505.008593060456
1226794,12000.0,15327.171975024057
6274935,42500.0,51774.245878232396
6266215,37500.0,42407.98685836263
6274249,26000.0,30076.987073728153
6274932,48000.0,51774.245878232396
6298215,7500.0,9342.94207475865
1227172,7000.0,6779.846892998189
6274658,54000.0,48721.59848735808
1227173,15500.0,11322.70306170166
1227099,8500.0,11357.907315478475
6302929,21000.0,15102.038127858237
1226639,10000.0,8489.667913168529
6263529,32500.0,39373.309524764554
6266017,35000.0,36957.66768475224
1226768,24500.0,28264.69289011702
1227081,25000.0,19451.67072581736
6287075,17000.0,18664.86623090064
6286714,25000.0,24568.846498072216
4318417,10000.0,11683.308171591958
6287158,32000.0,32400.395380229842
6298565,26000.0,24711.18254336862
6274687,117500.0,106895.09783895146
1226677,16000.0,12599.916114780044
1226765,19500.0,19378.259232434557
6273842,87500.0,75885.0252335003
1227083,32500.0,32403.11985687761
1226902,20500.0,14057.017666314046
4272916,30000.0,25373.927145818147
6258716,24000.0,21399.94633101265
1226771,30500.0,23336.700009208576
6285314,19000.0,21384.58942834417
6262834,37000.0,33855.22261133192
1226775,12000.0,11402.539935074697
1226901,11000.0,11255.09605639252
6266063,20000.0,17868.77991202631
6285695,13500.0,11083.374090550291
1226774,18500.0,15820.024982368906
6311773,12500.0,11524.348910667955
1226776,11500.0,11007.827309631743
1226798,18500.0,20924.914990528378
6269909,20000.0,23906.32856021602
6272458,69000.0,63038.7513685389
4318515,12000.0,11527.242116870348
4380212,6500.0,8220.159273698633
6266054,20000.0,21638.11580493128
6257599,11200.0,8708.62708587778
6332452,9250.0,9056.005348263903
6309781,15250.0,14884.929556710376
6310742,7700.0,7249.315442084359
6310585,16250.0,10278.315696086467
6287515,13000.0,11995.269935890554
6311513,18000.0,13227.60344604713
6287516,11750.0,11995.269935890554
6268041,31000.0,33204.05069958654
6256666,9750.0,9226.349305738451
6256610,8000.0,9938.481059513691
6281027,20750.0,15924.125555670144
4273359,62500.0,54432.3543490297
1227193,48000.0,34808.650055399914
4280817,29000.0,28467.313575871958
4289095,110000.0,67169.21463235255
4335476,67000.0,60416.15617334231
4310450,21000.0,21170.43333916679
4361178,29000.0,27640.36782057964
4285867,65000.0,67508.60887065371
4288002,80000.0,76617.97844083805
4259421,74000.0,63036.52220715567
4283898,65000.0,60605.37526432243
4264803,53000.0,45093.35916765235
4281973,41000.0,56949.55523059441
4287078,102500.0,88655.40876073143
4266373,77500.0,62687.33285662388
4311098,12500.0,11229.115926294675
1226625,8000.0,17959.365007754048
4316532,12000.0,16547.293899044573
4279559,30000.0,29027.334566705744
4292346,80000.0,75233.62152527898
4260020,90000.0,82867.73233531382
4283020,75000.0,53472.96379729203
4267560,22500.0,21903.29744871263
4316633,18500.0,17024.513916172178
6259740,8700.0,5836.798091091551
4262095,56000.0,53098.01600065645
4274607,80000.0,79128.83887189832
4259182,29000.0,42035.67682570718
4302401,8500.0,12193.025337068588
4297841,93000.0,69849.15914489952
4278244,120000.0,119969.68647066025
4352179,11000.0,13130.248864685962
4373439,11500.0,10903.066680333015
4312420,34000.0,33460.93589191684
4311589,40000.0,36989.30609466022
6262080,60000.0,60281.717089156125
4276583,28000.0,28437.054370090646
4395136,83000.0,71713.8839360539
4319292,15500.0,14726.647580502526
4253068,17500.0,15944.216084197013
4323695,11000.0,20869.680713015525
4322429,23000.0,29594.89067505972
4302454,19000.0,18942.055199821498
6273858,80000.0,77205.75359732262
6273856,67000.0,77205.75359732262
4323688,17000.0,16484.98871766727
4302400,15000.0,11772.8226468888
4256601,72500.0,67814.5277895275
6267398,80000.0,64233.25854456791
4372768,19000.0,17859.55090781966
4269335,95000.0,87259.46847954096
4293942,35000.0,30481.763211230027
4288000,72500.0,78585.97339603303
4330047,15000.0,10702.932151444393
4355714,28000.0,25287.041681017436
6283076,21000.0,15921.045968631022
6264921,22500.0,20038.434192104236
6281112,100000.0,79882.98603320502
4267762,60000.0,45113.730792234914
6262066,50000.0,57363.47096066427
6272632,110000.0,60608.98141226701
4319839,21000.0,18298.153296822846
4306595,40000.0,35125.14263965653
6299127,11000.0,12891.523299221775
4308147,10000.0,11449.350720572942
4306743,80000.0,74320.68592302325
4275712,57000.0,51625.099155543016
4307218,76000.0,61895.33055452938
4307090,37500.0,45560.06935180559
4376414,14000.0,6931.0948893629875
6305727,29000.0,29138.737952789725
4252503,30000.0,28097.313188205775
6315060,30000.0,28636.03256010269
4267620,24000.0,15610.382800448066
6263016,56000.0,56081.66925181943
4269680,8000.0,10133.666326738072
4288367,90000.0,89384.90100895874
4284618,27500.0,39531.64436157808
6300370,69000.0,40932.1852448258
6271967,102500.0,90164.05172113658
6283463,12500.0,11861.09459037439
4293731,16500.0,14851.016743412825
6271963,100000.0,87027.86188109501
4248947,70000.0,35877.1709988252
4288842,74000.0,70152.27244038851
6271431,65000.0,52485.934184183236
6280673,94000.0,74353.77137481648
4249793,16000.0,19355.696649599824
4267488,35000.0,26459.69027067869
6264549,77500.0,48744.48872297275
6264551,77500.0,61320.45071786847
4269053,9000.0,11861.392094066969
4252591,12500.0,13340.18646232748
6280840,42500.0,39718.227454238804
6270166,41000.0,65659.30194772936
4281224,22500.0,31415.190236650855
6262275,90000.0,69204.05908579503
4388395,17500.0,18449.38733190522
4299086,52500.0,57519.37853245721
6285318,18500.0,16639.75364839211
4294707,90000.0,84863.83561054246
4263264,31000.0,26687.881880900135
6266985,62500.0,52832.22504322011
4390360,20000.0,16090.251028379767
6272234,80000.0,68700.4541772977
4283900,70000.0,63485.73368343897
6304242,26000.0,17210.46004503974
4314762,57500.0,49184.32110755768
6275610,105000.0,97968.44636598538
4255418,75000.0,82727.31471432906
4299353,17000.0,16870.508470495217
4270760,40000.0,35168.56031706008
4261260,35000.0,29464.400497977087
6292824,67000.0,67894.22289207476
4273742,45000.0,37585.66555144672
4252269,82500.0,71973.54090690476
6270748,65000.0,60253.26949907663
4259420,83000.0,72655.74629167082
4357736,54000.0,58931.04829271477
4321430,22500.0,23903.334859921273
6269280,30000.0,27766.788641649153
4314719,36000.0,39653.284051025796
4290661,82500.0,86192.39334371808
6285289,12000.0,14638.705018834307
4325123,79000.0,80126.49503840474
4249077,78000.0,67486.4525543604
4274836,36000.0,32681.829636475228
4296930,50000.0,47227.870479167614
4313377,60000.0,50981.76971560704
4298230,31000.0,31676.878892082044
6276147,93000.0,74295.9747316609
4324916,20000.0,30969.506507850325
4251101,24000.0,26050.74056087538
6268704,92500.0,89620.73523120828
6269795,29000.0,26791.10058265224
4297039,82500.0,84345.67507030032
6272369,122500.0,75770.57328408748
4286378,19000.0,17094.883901947625
4262454,24000.0,37209.958695048874
6270477,42500.0,41988.84977603485
4265998,18000.0,38683.53092350427
4315640,87500.0,86806.50556049794
6260201,22000.0,11242.81796118792
4300718,35000.0,45253.24794673977
4270058,6500.0,11789.012233794432
4259217,29000.0,41818.66794342473
6278537,8500.0,11647.649800972284
4258838,13000.0,12820.155845458688
6268642,120000.0,106181.77674514585
4374353,15000.0,13166.902156788803
6262090,74000.0,60896.154401062326
4263524,10000.0,9591.926743315775
4263627,35000.0,40544.16258109664
6270489,75000.0,38894.946261296456
4321479,22000.0,24642.658324031116
4283562,125000.0,104943.90196936624
4334359,35000.0,33551.43901636425
6263309,105000.0,55067.225076823226
4249130,85000.0,67312.8087717988
4278935,29000.0,20533.629054801022
4316415,14000.0,13695.423738447898
6263981,53000.0,49988.86174191659
4249037,71000.0,67641.40637796214
4373129,12500.0,12894.835760268903
4246562,60000.0,54056.23460828246
6263980,41000.0,51453.17115236032
4359922,47500.0,41381.328042776935
6265855,125000.0,78779.99611177215
6311190,12500.0,13385.99965755162
4325124,79000.0,81311.41096221228
4267497,35000.0,26836.147448534484
6257334,87000.0,72536.20576697747
6280929,76000.0,60099.45653701273
6311011,10500.0,10566.66233745928
6311788,16500.0,14948.93410223345
6311058,19000.0,16454.81411135255
6311064,11500.0,16299.526293797991
6270648,125000.0,104260.68800874848
6312418,14000.0,7300.5666936649395
6267092,45000.0,34745.96360236565
6274987,35000.0,26432.219424618426
6270740,70000.0,57906.66830088241
6312059,11600.0,17982.072220118636
6281380,10000.0,12258.351974314479
4267771,60000.0,45273.23497334898
6275672,50000.0,55822.672135947156
6272361,90000.0,69588.89386325578
6271659,19000.0,17342.782221720427
6264947,24000.0,13519.251097258051
6258027,85000.0,55534.26087042635
6258007,78000.0,60505.16432837192
4390361,20000.0,16101.841065260105
6258001,71000.0,60440.563984172186
4252587,12500.0,13242.410535111696
6272256,72500.0,71304.7690131082
4263526,10000.0,9703.232091316659
6272462,74000.0,56530.48514293757
6265041,23000.0,27091.42241062731
6318302,23000.0,22565.89133823258
4319340,15500.0,14708.43647983213
6311516,15000.0,13812.31704595501
6265581,95000.0,81624.92994599725
6274366,16500.0,13589.51899935086
6265539,45000.0,65984.41401781728
6277616,35000.0,33741.937979933406
6277617,35000.0,33741.937979933406
6268101,28000.0,26055.564072258512
6277811,95000.0,84030.28237936976
6269923,22500.0,31872.456361366898
6311500,13500.0,12744.196524167312
6257088,60000.0,45611.91753045711
6265466,9000.0,12914.181666414199
6268161,28000.0,24621.41781146057
6278619,18000.0,15255.846884077842
6278630,19000.0,16870.605449866776
6317853,17500.0,17474.46632076082
6257404,16200.0,13403.940669474328
6267438,36000.0,35099.37064862384
6257991,69000.0,55336.18028336324
6279902,15800.0,14216.77964710985
6268918,25000.0,22663.354479155023
6280837,37500.0,38194.74357059723
6254559,13000.0,15826.864267496567
6311245,11500.0,10734.614136394915
6267802,52500.0,50962.67117653319
6257957,70000.0,25034.28745958005
6280708,80000.0,59255.61347702098
6276354,31000.0,31327.31621713592
6318640,30000.0,41954.93458440183
6315565,13100.0,25273.338451074884
6267815,57000.0,50944.21448476782
6265677,8000.0,9466.827689717149
6273173,82500.0,85464.31626881676
6271034,27500.0,40212.03645707594
6274461,35000.0,34579.44389161645
6257823,16000.0,17905.114740795896
6268927,21000.0,21474.208702582033
6280654,80000.0,72871.96501935142
6274448,32000.0,29839.356626508088
6276808,17000.0,15316.237787735967
6268926,29000.0,22803.721401423016
6280583,40000.0,32719.434905008497
6314969,8500.0,8498.37140667855
6278545,15000.0,11955.427026431407
6281970,27000.0,23462.863330678956
6304503,32000.0,34377.6557197017
6258258,16000.0,14195.733956363367
6286739,22000.0,27426.213849533677
6259116,30000.0,29478.540929200157
6258591,24000.0,26585.681656649882
4270753,40000.0,35384.19276719647
6260713,24000.0,20908.934822884818
6285418,9400.0,8265.087857355466
4294705,90000.0,82842.48878093621
6262643,35000.0,28515.8826013984
6261843,13000.0,12033.760192783211
6284239,60000.0,51388.1149678487
6301325,28000.0,24695.064142786716
6262089,52000.0,60580.85358488199
6302831,80000.0,53473.18634411693
6285260,14000.0,14444.829042657753
6259013,82500.0,63057.33114392534
6324781,20000.0,15792.008703348338
6260481,75000.0,93101.78329354127
6263149,24000.0,37114.06040284952
6286020,21000.0,16039.103857445578
6287134,23000.0,28840.57438229295
6304492,30000.0,37735.09442983102
6285929,15200.0,13724.09902785297
6262077,65000.0,57812.757193515616
4299085,52500.0,58062.25092251179
6262041,83000.0,68420.98292104145
6286729,22500.0,26955.792397958703
6320413,83000.0,63011.03948296303
6258231,16000.0,14197.044612469033
6304516,30000.0,33851.797525167814
6292022,35000.0,36349.0353180781
6263444,31000.0,25205.845154043338
6289851,15000.0,10773.609801215824
6259404,17500.0,15820.628837752614
6260904,72500.0,66027.87472743295
6304572,47500.0,41499.836216172596
4270050,6500.0,11800.799155301398
6287967,20000.0,24339.644377876157
6304119,50000.0,31032.140834282814
6283924,34000.0,36825.39496787299
6287530,11000.0,15281.827776966276
6284685,36000.0,38325.1480498439
6284718,57500.0,51811.843751112036
6287527,17000.0,16267.55377339265
6264397,18000.0,31956.21145388572
4297034,82500.0,82967.07588859928
6287528,13000.0,16295.959203778159
6303408,54000.0,56596.96448221676
6300455,50000.0,35835.37410854487
6285008,87500.0,89230.36557914806
6304288,12000.0,28797.434433976025
6303188,52500.0,41908.57096596943
6283640,40000.0,39655.59314323831
6263549,35000.0,36430.531175545846
6304302,90000.0,68910.87155008985
1227246,16000.0,10360.802553407224
1226955,22500.0,20819.383413771546
1227225,59000.0,82824.87049926244
1227162,58000.0,34372.90887415902
1227228,43000.0,38088.312743630966
1226993,9500.0,12012.371206755031
1227275,46000.0,67701.07143026023
1227247,15000.0,12564.530025293448
6283214,60000.0,16669.77204912196
1226998,11000.0,9583.713808035196
1227272,9000.0,6885.401574023654
1227187,12000.0,11225.383087803044
1227229,22000.0,26107.001686371634
1227185,60000.0,51527.03074946566
1226995,42000.0,42823.31936647705
6276471,39500.0,32589.85521511254
1226805,5700.0,8131.005783692043
1226921,21500.0,12695.280668860958
1227241,30000.0,30040.49078694717
6266546,32000.0,17581.49294152698
1226899,8750.0,10048.54070744893
6266552,29000.0,17754.6954557639
1227243,6250.0,6189.742818390208
1227154,18500.0,11711.048325787557
6266555,32000.0,19536.196524670024
1227153,20500.0,18352.948795522614
6282576,10000.0,10561.22555186941
1227163,13500.0,11539.939472267683
1226715,21000.0,19212.513080885547
1226713,12000.0,10736.324913147238
6282357,61000.0,50723.28132039289
1227038,14500.0,12627.899580848924
1227244,7750.0,7057.069649910598
1227164,13500.0,13052.747249724905
1227284,9500.0,11833.130454194394
1226895,6500.0,5856.629661566811
1226703,19000.0,20580.33324018431
1227230,14500.0,24491.729746522247
1227279,18000.0,19750.367219242155
1227168,8000.0,8732.870860794179
1227227,54000.0,43311.77225215813
6268145,26000.0,28174.996798876586
1227280,12000.0,11210.069861284173
1227167,30000.0,26356.154066112507
1227226,25000.0,23913.527307469238
1227245,18000.0,13909.267379544495
6318291,102000.0,23421.357181520867
6259736,8600.0,8645.44751791825
1227511,40500.0,50115.76242772298
1227336,75000.0,60869.99249438824
1227512,24000.0,26747.104839752494
1227510,20000.0,26747.104839752494
4252436,32000.0,29041.878839891982
6277013,90000.0,76165.15330475927
6268913,16500.0,17593.093690939888
6260986,22500.0,18802.45175617024
4254299,27000.0,26703.12481466273
4314721,40000.0,37446.88012500446
4301210,82500.0,89116.80230069734
4300493,87500.0,57409.19649877064
4369848,19500.0,17430.514653098275
4300242,35000.0,39928.01563679152
4254671,22000.0,15720.58530338179
4299064,32000.0,37124.63084404274
6277537,105000.0,81295.09134884454
6320774,65000.0,62002.15040792536
6261000,20000.0,18802.45175617024
4313758,22000.0,25439.83539903295
6260966,22000.0,17255.781685015085
4353724,70000.0,80234.10181945935
6256958,15000.0,16011.392763580436
4263801,16000.0,17464.136626345393
4265174,40000.0,39782.01266182134
6260969,17000.0,19513.34979132331
4312672,54000.0,76724.11947399222
4245947,23000.0,28331.839436654172
6260987,21500.0,22123.55569055925
4359882,45000.0,49849.83929259331
6284060,26000.0,23563.854165850935
4394637,21000.0,19184.379303054455
6297929,68000.0,66508.5493931514
4314837,52500.0,51679.09419303017
6301570,16500.0,15383.2088167391
4375295,12000.0,12057.615319580662
4319323,16000.0,14211.829864101983
6259096,33500.0,28670.074605685764
6300688,54000.0,47060.89846486953
4290291,105000.0,99374.62874359824
4324249,56000.0,40215.34022886964
6259409,32500.0,29119.27697757897
6272224,50000.0,49608.954070909764
4356583,10000.0,9070.60693726959
6262109,65000.0,64577.584005129465
6262137,41000.0,36738.48672145086
4367424,35000.0,44913.174654257964
6286018,14500.0,15714.428641828317
4319422,9500.0,10091.965638618023
4324213,46000.0,36880.294857408706
6320722,110000.0,102181.43009035915
4258625,35000.0,37015.44817021823
6259162,32000.0,27583.716950940623
6259163,32000.0,27583.716950940623
6259164,31000.0,27583.716950940623
6312428,7500.0,7004.043470329959
4320211,35000.0,24334.133520253854
4257888,11500.0,11201.817560513464
4257572,35000.0,43569.9213561643
4349220,13500.0,12442.669604301396
4285946,95000.0,91609.89765566056
4407968,9000.0,8313.893932431361
4374815,12000.0,11849.24457743068
6294774,32500.0,34933.17837373912
4318720,9500.0,9633.77361396143
4336135,54000.0,43587.862554754625
4255764,52000.0,68820.59229756331
4297542,15000.0,15091.546820397098
6269544,30000.0,36030.58417176472
6267057,16500.0,16503.51332335722
4297431,82500.0,90306.37566976128
6311063,10000.0,13276.983492227426
6275197,73000.0,73560.24422412932
4273395,74000.0,65984.0407653158
4369600,13000.0,11351.21529084772
4256157,100000.0,70388.74830781171
4273736,24000.0,33815.4284809412
4317251,62500.0,71512.01948480707
4269928,52500.0,39752.51499359119
4320924,30000.0,26740.802993508772
6302978,12500.0,17079.664019166565
4323804,21000.0,21853.780714419023
6274068,34000.0,30421.868992333606
4248941,30000.0,42097.480389998076
4284459,90000.0,89425.18769796754
4369132,10000.0,8912.411684154129
6298985,27000.0,51395.4668178757
6298986,43000.0,51395.4668178757
6259514,15000.0,14096.512724864539
4246418,70000.0,47325.00198987931
4336130,52000.0,41934.50269082417
6285889,10000.0,10884.766661991842
4274527,52500.0,44790.96842385793
6266854,37000.0,41711.6568130778
4321058,30000.0,28575.510620267807
6260957,22000.0,18802.45175617024
4298490,31000.0,31201.4668885839
4370448,8500.0,6899.643655959017
6304808,47500.0,45355.78340613249
6304812,47500.0,45389.616551399995
4371623,10500.0,8230.462145476657
6304816,45000.0,51585.81989913714
6267482,48500.0,33526.461604406
4323634,32000.0,36523.60424709663
6306069,69000.0,74807.39695673304
4388393,17500.0,17506.393774439748
4309331,28000.0,11615.90165960375
4266863,40000.0,41411.13539393612
6258428,21500.0,20729.526752856516
6306028,63500.0,82402.98106113651
6264648,108500.0,89201.08118890665
4253336,14500.0,15212.586030045246
6264808,21500.0,20026.115786727773
4245139,14000.0,13399.387987070313
4326637,26000.0,23866.269870208584
4250717,8500.0,11007.047850308914
4329825,16000.0,11542.237629215988
4281213,21000.0,37351.980551666406
4268629,67500.0,63489.15297032428
4252873,42000.0,46810.19176800265
4323065,30000.0,25294.937553750973
4269454,77500.0,65421.20651198281
6264386,41000.0,64087.77948086356
4323619,29000.0,31824.15537409158
4323109,30000.0,30080.645453279987
4267332,23000.0,23017.409703904377
4310335,14000.0,13630.331897278593
4269748,11500.0,11014.903801489207
6304642,52500.0,85421.3854993076
6307449,56500.0,78995.87294523431
4279729,14000.0,12207.06154780293
4352948,32500.0,32175.556872119876
4280141,22000.0,27316.71440377365
4311061,12500.0,12173.110190615433
4252665,15000.0,14046.221636029613
4250530,20000.0,29963.1232677303
4353691,70000.0,61065.15549024416
6280696,48500.0,33954.50701541374
4254187,24000.0,30488.809356591406
4361123,19000.0,13263.650313279539
4370152,7000.0,5611.627480862125
6310007,13500.0,12182.278281669562
4301822,50000.0,49248.03146045364
4326523,15000.0,14718.02021868492
4250388,23000.0,21869.897292906415
6282403,100000.0,98086.97719965324
6305717,17000.0,23169.229966167586
6305714,17000.0,23169.229966167586
4374474,10500.0,14441.815066803356
4306771,62500.0,64957.021752390414
6287944,38500.0,21093.395740314823
4369598,13000.0,11193.921933905884
6311360,15500.0,13863.538363781023
6311324,13000.0,12023.501500435545
4317252,62500.0,72126.73672430334
6271417,62500.0,62144.49451451156
6263466,41000.0,39693.37254291001
6257932,30000.0,40471.46388121211
6298163,13500.0,12619.623455584804
6285467,62500.0,68914.05209542658
6261792,35000.0,36589.754962925064
6271446,65000.0,54228.942747761386
6288521,15000.0,13448.955938095994
6311554,10500.0,13683.766332701925
6285653,9500.0,8656.124776801142
6315068,14250.0,13997.53700891604
6259241,15000.0,14114.538852649324
6291928,38000.0,28369.328984337648
6271438,72500.0,58835.80916875217
6271132,51000.0,49388.32223518794
6302751,10000.0,8625.829485978255
6269934,21000.0,30092.806430016844
6267896,78000.0,45127.88185394334
6258372,22000.0,23563.428240097877
6259838,24000.0,29718.323152375186
6271433,46500.0,55648.11876013364
6287325,30000.0,25357.57039035027
6286603,29000.0,26222.466107623248
6269797,34200.0,27760.733413660266
4320201,35000.0,24738.208859804323
6308493,11000.0,13240.141310796324
6271265,82500.0,52595.47886090957
6256530,14000.0,11892.025809579003
6304577,19000.0,23535.485864002057
6286584,30000.0,25959.16827218585
6286583,30000.0,27182.996193936433
6284688,40000.0,36545.66419108485
6267010,74000.0,58273.11567185877
6280621,62500.0,64651.53802537237
4252870,42000.0,47390.219413461695
6308220,8000.0,9418.778587138499
6287505,32000.0,32337.982997171694
6264698,40000.0,45669.05468612202
6283443,12500.0,12891.709361910433
6284719,49000.0,42545.47315434653
6265824,12500.0,12027.629137121803
6305671,19000.0,14971.598319341938
6265830,13500.0,12698.897623380048
6287494,29000.0,30860.015373628947
6265854,62500.0,67442.56742723979
6284734,33000.0,42545.47315434653
6284745,52500.0,47778.85425876797
6274952,61600.0,51935.966055769466
6308114,8000.0,10730.282015791669
6261465,11500.0,11690.80656081805
6287364,30000.0,25357.57039035027
6265992,13500.0,15663.111334319457
6297046,22000.0,16183.124777437248
6327544,12800.0,10527.92650735958
6286582,30000.0,26222.466107623248
6315053,18300.0,18697.773364134737
6271948,122500.0,83107.94041947408
4326522,15000.0,14842.954047679219
6305719,34000.0,27568.04547373605
6270953,90000.0,70713.66045916591
6319715,67000.0,44994.1206787311
6299295,46000.0,32648.247840143238
4367426,35000.0,45267.30474598418
6271487,95000.0,93266.82610776693
1227291,18500.0,15346.069043872176
6264856,23000.0,19639.97292262194
6264844,20000.0,19962.125116056104
6312119,12000.0,11976.798110599866
6266778,18000.0,17622.49553410971
6272273,100000.0,86135.0978953822
6300198,70000.0,53320.68756548364
6327470,9000.0,8532.120831685388
6312196,14500.0,12780.074252862123
6270872,24000.0,17507.055011979428
6299323,32000.0,27265.55546642777
6319007,51400.0,40733.478924376264
6286370,30000.0,31159.91029623198
6327757,23100.0,15353.781637292712
6327789,13750.0,12938.26990559995
6300222,70000.0,81355.15726871513
6260622,52000.0,69891.20774720648
6312247,16000.0,13132.170827455584
6282306,28000.0,10929.207197388363
4388397,17500.0,17134.352880809656
6300345,35000.0,32317.208792032383
6271960,120000.0,85396.51661920095
1227297,32000.0,39986.15368318226
6260759,100000.0,65671.2656766545
6262653,42500.0,35715.745252850305
6286108,30000.0,22662.68936155743
6286107,25000.0,22662.68936155743
6280928,68200.0,54748.41319047098
6282773,11600.0,16344.262688086672
6271454,90000.0,60081.86711339809
6315035,16100.0,15769.55474241959
6311634,12000.0,11929.786015246813
6272739,138900.0,127988.6008222951
6271455,93500.0,58835.80916875217
6324772,11500.0,13033.322451391063
6271456,70000.0,54228.942747761386
6315017,11500.0,10517.847396990754
6271463,70000.0,60081.86711339809
6315015,11500.0,10372.087054314443
6285915,9500.0,8648.842402337137
6282973,14000.0,14017.828802867542
6259541,14500.0,14542.984910386776
4336131,52000.0,42074.708492337675
6311825,12000.0,12152.005525294624
6271465,68000.0,66145.69412613077
4318723,9500.0,9756.256912242765
6288563,26000.0,26687.84801708948
6271466,75000.0,55377.43553574944
6327844,26900.0,20885.78202110957
6259006,32000.0,27528.942689199197
6271468,52500.0,66145.69412613077
6289779,16000.0,12598.374729502313
6299445,32500.0,29642.61923536821
4319301,16000.0,14354.160071673474
6271470,77500.0,67604.17860002715
6319758,31000.0,33716.57243667948
6271471,68500.0,54228.942747761386
4336134,54000.0,43177.471541164945
6273053,105000.0,95999.10632163753
6258450,23000.0,20922.44047333475
6275953,15000.0,16661.356458071295
6260096,22000.0,15391.683983725045
6287687,46000.0,36552.440222823316
6310193,7000.0,5847.2136161690805
6257046,70000.0,38300.452499566156
6276643,31000.0,28037.84992614451
6292292,46000.0,45163.98099555446
6304548,45000.0,41673.75254818605
6268418,19800.0,21587.16164333553
6265704,11500.0,12645.830149020665
6258492,17000.0,17991.89029224944
6265773,52500.0,45171.18945704879
6328061,13500.0,11518.827998452529
6258499,20000.0,23790.659139992273
6261312,35000.0,36076.044553206775
6327663,15600.0,11765.277564066622
6265319,67500.0,66528.89106496771
6259896,27000.0,26727.18016911784
6258483,15500.0,12991.68410330828
6309794,10000.0,8809.073133155554
6292654,36000.0,28304.898332848665
6287706,56000.0,41650.346804812114
6328033,12000.0,11177.146521116389
6328029,12000.0,11136.731479421682
6328062,13500.0,11518.354682220088
6293060,54000.0,41776.7979210953
6284009,54000.0,86355.64563833161
6257257,14250.0,12712.452963861455
6309827,11000.0,9985.200088466585
6260090,22000.0,15391.683983725045
6265541,77500.0,71228.0689194603
4252428,32000.0,29431.222065954553
6310688,10500.0,9022.642083635443
6320255,21000.0,20264.335451495586
4250738,8500.0,11555.54801356372
6258494,22000.0,24989.055193233744
6278295,47000.0,41627.68651512588
6267117,24000.0,27531.741074653426
6279199,18000.0,12316.685025074503
6327651,15800.0,11802.22199607078
6277511,87500.0,60078.86992035611
6284385,22000.0,26391.70813165102
6276667,32000.0,34092.445835666345
6287962,38500.0,32605.277582302264
6278297,50000.0,41627.68651512588
4301221,82500.0,89852.08141803896
6287566,21000.0,17283.49269669756
6257664,9200.0,9709.96704885826
6287969,47000.0,34028.020821752296
6303952,51000.0,36239.510177152086
6303888,97500.0,55954.33769563251
6310076,19500.0,16540.185023046866
6264115,40000.0,40279.41793880279
6265597,77500.0,68435.66321434626
6277023,10500.0,12526.97898021422
6287923,47000.0,22835.02567220632
6277033,11000.0,13499.948804625366
6267367,52500.0,46812.8313075323
6294802,26000.0,28632.14430915963
6328037,13500.0,11136.731479421682
6269537,22000.0,27384.797582385174
6263625,16000.0,16697.25371754547
6317839,17500.0,19004.736462664256
6269378,14000.0,13780.939923548329
6277022,11000.0,12526.97898021422
6256780,23000.0,24746.598380137828
6327664,15400.0,11765.277564066622
6277306,35000.0,37518.83322493234
6310290,8500.0,6692.2714796868395
6328004,12000.0,10402.959354444196
6328056,13500.0,11518.827998452529
6284471,12000.0,10804.13151296258
6275845,82500.0,81983.80752149357
4313814,30000.0,28136.77909569865
4289958,102500.0,86170.59383921944
1227398,44000.0,42290.914726360286
1227306,40000.0,34883.6869205201
4303906,13500.0,16155.686154452304
4323921,50000.0,30868.535910821487
4263802,18000.0,17359.56883733492
1227362,48000.0,44069.639162190164
1227355,10000.0,10598.326131714986
1227441,12500.0,10603.706253071114
1227526,31000.0,32379.10219500303
1227365,30000.0,23772.733681044563
4375187,7500.0,6831.895540397756
1227422,28000.0,26350.80487999955
4276130,27000.0,31700.171194619004
4311075,39000.0,22560.78037523736
1227344,68000.0,62060.25942451981
4293478,26000.0,30311.02298275625
1227361,16500.0,18415.713140655622
1227553,8000.0,12104.929283001447
1227360,10500.0,12534.882539320899
1227499,22000.0,20975.940616382675
1227453,10250.0,8664.608694166991
1227359,18500.0,15221.486296364279
1227442,62000.0,71917.73248995969
1227457,24000.0,23316.011498793712
4285830,67500.0,68352.08047532034
1227423,25000.0,23803.473230477102
4259428,51000.0,73248.00336085714
4320925,20000.0,29208.570918930385
1227527,32000.0,30331.81529760687
1227497,9000.0,13591.087595808609
4283002,50000.0,54028.4862241768
4264267,12500.0,13722.193982039369
1227321,58000.0,47120.672042295824
1227356,55000.0,45552.17390404362
1227450,8500.0,8566.65807816281
4269688,11000.0,10946.081097174534
1227456,11500.0,9853.512623540295
1227416,23000.0,25524.897333865556
4278888,16000.0,16428.14984027915
1227463,13500.0,13528.614040808367
4298680,30000.0,32796.245727971786
1227428,32000.0,30558.860888693725
1227366,17000.0,14918.39804070184
1227539,15500.0,16753.145317835595
1227312,51000.0,46103.21614147679
4283870,80000.0,65515.18176907985
4376325,5500.0,6292.096084250154
1227380,16500.0,19971.7555049452
4277920,26000.0,23332.690158305206
4249890,12000.0,14116.77170644368
4250190,13000.0,12395.082120648382
1227395,15000.0,14040.346390397854
4288352,70000.0,92194.56692370083
1227455,23000.0,19695.012629121993
1227436,8500.0,11803.280957429211
1227301,35000.0,29938.39535703175
1227386,18000.0,16767.629130540434
4272088,24000.0,20922.634679953924
4272111,25000.0,23889.997375443763
1227385,22000.0,22023.765966890147
4249782,16000.0,18959.241749565088
1227381,17000.0,16269.356871647067
4371097,6500.0,7114.120311209577
4354833,17000.0,21201.796167445427
1227435,29000.0,19616.959155394336
4314763,80000.0,54275.08481569451
1227313,6250.0,6173.80218753468
4281978,50000.0,73584.12144626562
4277758,67500.0,64814.851000834424
1227454,20500.0,20053.850581097548
4261267,37000.0,34741.00264198725
1227371,19000.0,22700.337520426747
4295203,47500.0,50657.23029214549
4323494,30000.0,28750.100060546098
1227459,12500.0,8028.210720690929
4317652,28000.0,36788.787629417704
1227337,76000.0,59690.189051711925
1227472,56000.0,48792.48394978017
1227514,11500.0,10457.489313475387
4270065,13500.0,10837.548356004034
1227369,29000.0,26473.267344280295
1227307,37000.0,34775.7932016463
4280017,72000.0,57482.74437653273
4267619,20000.0,16706.393123462418
1227490,48000.0,43139.0141157777
1227437,61000.0,43842.870261558084
1227550,60000.0,53730.304856380346
4251097,15500.0,20462.906421428568
4322127,12000.0,10744.590761782014
1227367,63000.0,50299.427375320316
4304960,14500.0,12573.666444274546
4267475,15000.0,30387.631255723572
1227370,31000.0,23468.574683473413
1227515,75000.0,72006.6035764195
1227468,29000.0,21247.89771035282
1227530,30500.0,24694.42420202763
1227396,12250.0,18435.423907669952
6264743,13000.0,12571.486948201777
6270750,80000.0,64060.155249432326
6292020,35000.0,25030.42502030408
6267488,35000.0,37620.81867574486
4375182,7500.0,6822.466244940357
6312167,9500.0,11423.569691246272
6268847,35000.0,40568.263165722674
6286363,20000.0,25175.644969132903
6292273,36500.0,34856.541396602464
6270735,80000.0,48601.947727539206
6264660,13500.0,13565.096047773153
6268902,16000.0,14912.821901820262
6268328,45000.0,39985.021288616925
6279201,13500.0,12412.380834635676
4376314,5500.0,6278.824521942687
6265535,62500.0,60168.24707021786
6270486,50000.0,60966.813525454556
6264948,20000.0,14954.925831878065
6272354,70000.0,74754.68105464616
6274241,26000.0,27701.10451558975
6284400,30000.0,29623.714344425047
6274282,38000.0,30042.422672107543
6271390,67500.0,70577.48331318346
6269310,24000.0,25929.83809326519
6267959,27000.0,33585.294504787096
6287611,50000.0,26374.025838378268
4250168,13000.0,12392.506194591837
6260685,24000.0,24230.940542946242
6274876,45000.0,44711.37897371284
6275851,107500.0,83196.19613264092
6275833,75000.0,80067.22281253879
6283449,39000.0,22209.497372201262
6274936,47500.0,51618.72510583222
6287464,30000.0,28643.75689857588
6265806,13500.0,11390.330381518048
6266551,25000.0,24380.688462236005
6266536,24000.0,19900.430931870414
6284716,80000.0,49839.769259486566
6263629,18000.0,17977.378140506844
6267966,27000.0,33310.4124116087
6269511,72000.0,48135.09097539401
6310997,11500.0,11197.469334892723
6310710,5000.0,8639.911801859509
6279732,14500.0,11718.851914560262
6265688,11000.0,11124.554263781274
6268522,67500.0,42290.36904032104
6310510,6500.0,7476.287973170853
6264875,15000.0,22256.736289451914
6262660,37000.0,33363.27744641969
6270461,41000.0,44784.015408932326
6333271,11000.0,10979.050968560608
6263793,12500.0,14703.113964401538
6268578,26000.0,23720.097282561546
6265650,27500.0,25150.494618384677
6291986,36500.0,40447.41595662429
6283826,75000.0,52110.99785538332
6284378,8750.0,12113.468186047374
6301025,17000.0,19955.79459503058
6269264,24000.0,29054.621648815522
1227560,31000.0,31754.049730553597
6272944,102500.0,68111.46994612472
6263653,18000.0,16348.726371650717
6276496,30000.0,30773.249318890623
6258614,15500.0,18492.33114291241
6258244,16000.0,17479.97512634282
6270171,50000.0,70529.16722959784
6285609,28000.0,31354.62219448279
6262047,51000.0,58883.32235184942
6292289,36500.0,37835.64555394319
6287050,12000.0,11466.49571817746
6258303,12000.0,13342.833048462075
6294874,17000.0,19581.626933604373
6282646,22500.0,10061.911527375298
6315268,13000.0,9144.364872744969
6315223,17000.0,7946.2045739560745
6314956,9500.0,7450.415807802585
1227800,41000.0,34808.650055399914
6304331,17500.0,15889.761341539346
4260591,95000.0,99020.08017877686
6283180,22000.0,21736.66755376546
6264580,23000.0,25409.598251424588
6321432,11000.0,10093.235273986842
6259854,23000.0,25409.598251424588
6302986,23000.0,18365.287429752687
6258813,22000.0,25429.727291508127
6264978,50000.0,30766.52975067894
6282611,14250.0,10621.571201613608
4370351,6500.0,6760.196271618879
6285034,56500.0,44638.199355771096
6299488,14000.0,11873.868678256511
6269367,10000.0,10333.152725691438
6263547,42500.0,41797.634847202855
4332849,13000.0,18263.779520991884
6264984,50000.0,31151.141044752283
4312428,24000.0,35110.0317192383
4251552,12500.0,15349.53120395457
6284540,57000.0,36872.642522682356
4250387,17000.0,20642.153371585002
4318395,9500.0,12792.591581830397
6283158,21000.0,19410.937356977436
4320210,27000.0,24733.8439638495
4349596,22000.0,19418.299098281313
6282341,12000.0,16106.103855591113
4394115,85000.0,78337.56974153375
6262513,37000.0,75748.68041487176
6288045,15250.0,18836.888760332447
4266862,39000.0,43428.18820554899
4313376,47500.0,47043.32445819712
6262655,29000.0,33470.71090229784
6271483,17000.0,14811.16461156963
6263798,11000.0,10456.52137046135
6265171,26000.0,17899.023308538344
6281259,25000.0,19018.832501330493
6265411,31000.0,18185.308913000023
6263672,21000.0,18944.35710822792
6271478,17000.0,13712.263370616263
4320926,25000.0,29634.35239203776
4264234,10000.0,12629.692210563728
6316067,12500.0,15420.467277109077
6258288,11000.0,11671.875434015034
4250715,12500.0,12419.829059652428
6267286,16000.0,13919.153872059911
6260691,21100.0,24535.29499425448
6298285,22000.0,14896.094259431065
6267102,22000.0,27158.692458812842
6270224,13700.0,13824.616405315528
6294950,38000.0,32465.057273921517
6266998,55100.0,64914.97962632139
6290263,13000.0,15471.876757265865
6267747,38100.0,41740.717215603436
4251568,12500.0,15214.550022016445
6310903,11200.0,9853.400559366324
6264213,39000.0,41694.71813867201
6302497,46000.0,37440.58419016331
6302474,27750.0,20365.745010348965
6284238,44000.0,32445.42038557512
6263069,52000.0,60283.22405453317
6303433,30500.0,31986.777200511424
6285770,9500.0,11998.398085456678
6285771,9500.0,12048.138983044444
6263047,49500.0,51561.078294883075
6263038,47500.0,51433.29033051446
6264221,50000.0,44023.49972140415
6303525,21500.0,26667.874605332305
6302035,30000.0,39930.204920784374
6302026,36000.0,39934.9087561926
6263788,10000.0,12233.618623529377
6258577,23000.0,18367.656003351854
6258422,17000.0,18930.92616317009
6263837,10000.0,13961.041795990952
6301704,27000.0,29655.213838866734
6284237,47500.0,33159.97465697488
6301686,23000.0,29655.213838866734
6304419,31750.0,34081.26161873347
6283877,13300.0,12843.903941558738
6303289,22000.0,24857.6195015586
6263407,37000.0,37165.35999179831
6263336,99000.0,89960.75812584604
6258544,20000.0,15724.963723357681
6310442,7900.0,8760.171328728675
6263328,81000.0,84721.45992938659
6258536,18000.0,15724.963723357681
6303393,35000.0,34007.11459850591
6284092,15500.0,10489.468752772163
6274053,29000.0,31600.702203828274
6274873,45500.0,57651.2813585108
6258520,18000.0,15140.841366910558
6302744,8500.0,11087.390845683658
6302739,10750.0,11029.370927343401
6258515,18000.0,15140.841366910558
6310282,6800.0,7173.836573729718
6310254,6500.0,6611.858315274458
6283932,24000.0,29074.420099502608
6278535,14500.0,11114.564682656328
6277010,85000.0,65844.73979683458
6303572,30000.0,29658.582480488134
6301708,31000.0,31952.914114003597
6303628,27000.0,31371.348421264433
6286412,22500.0,24797.15973030448
6307464,13500.0,14754.632123092924
6301679,24000.0,29579.882309568686
6286414,25000.0,24797.15973030448
6262366,95000.0,90759.35288806286
6312286,11000.0,15674.96969995974
6320106,85000.0,66292.03862350836
6304761,32500.0,32403.800303191743
6286410,25000.0,24797.15973030448
6264608,70200.0,86566.03866118116
6320588,61600.0,36926.44386987677
6280984,14700.0,15190.976543413133
6281265,23100.0,23253.416545325435
6281415,47500.0,27010.28578197138
6258262,15500.0,14528.89888026573
6264690,39000.0,47821.968523370175
6275926,12400.0,15790.775143972087
6264710,55000.0,53524.174366062194
6320544,42000.0,26167.588107491047
6262412,104500.0,108626.02353125041
6311264,12000.0,12551.994164927015
6304546,46000.0,46210.31953026131
6286096,27000.0,21373.702551583916
4250730,12500.0,12777.678699315602
6304558,70000.0,60615.80209580257
6301351,27000.0,23909.640907425226
6309091,7700.0,10107.744136423818
6264331,28250.0,30200.22543931589
6310995,10250.0,11150.412473633594
6303632,21000.0,27357.963473549546
6303695,23000.0,27665.877513285202
6312122,13500.0,13423.53543231192
6304639,61250.0,67065.37550545136
6309079,9200.0,15365.268543223598
4314328,12000.0,10844.536099868183
1227745,22000.0,14077.015225864283
1227706,12500.0,16540.464715163573
4263797,15000.0,19207.21911761457
1227784,32000.0,32070.933500370487
1227783,43000.0,44409.61324172513
1227777,93000.0,56539.79233012995
4325293,70000.0,28367.44647126354
4298689,33000.0,31266.441591339953
4314020,46000.0,32677.14695810303
1227607,17000.0,18590.09888968572
1227684,52000.0,46927.0165432733
1227743,12000.0,11118.729623572788
4285882,17500.0,11853.097343435698
1227769,76000.0,63560.18160742398
1227686,35500.0,33720.56282540318
1227681,31000.0,34364.53570348824
1227629,58000.0,49380.8908865841
1227615,25000.0,24770.6137277961
1227622,9750.0,8745.3394139742
1227620,53000.0,49317.22922622957
1227618,40000.0,32511.49558289711
1227785,45000.0,51136.20797797391
4247659,6500.0,7271.405807362859
4323114,36000.0,30906.25814058178
1227700,9000.0,11201.616496111581
1227579,8750.0,10911.54995119361
1227786,57000.0,47556.3995897315
1227698,64000.0,48340.17635683383
4267757,69000.0,54966.37395980156
4326365,10000.0,11822.31354310915
4268059,112500.0,98240.14908722782
4306766,70000.0,56788.072410184555
1227699,23000.0,31152.420831269894
4254834,70000.0,69472.61505340689
4266929,8000.0,9162.466281704976
1227757,14750.0,14957.106924374797
1227606,76000.0,68274.57056564865
1227788,46000.0,36638.521329733514
1227787,8500.0,6791.131545238521
1227603,51000.0,53946.322979808974
4312648,100000.0,80778.32126337316
4269926,45000.0,39723.42665519132
1227697,88000.0,51019.07481788023
4312354,26000.0,23195.563592720704
4312179,85000.0,59143.3261568143
4269693,11500.0,11475.322312387329
1227688,41000.0,37968.01178427616
1227767,55000.0,41817.3544078557
4247453,6500.0,7813.253504115501
1227616,30000.0,27651.078403740692
1227674,9000.0,13945.624677647937
1227687,77000.0,53002.19858153418
1227614,48000.0,39845.86997404068
1227564,13500.0,13168.498211834454
1227613,39000.0,34277.657577175196
1227567,15500.0,13018.144077894978
4259711,21000.0,16439.565691063177
4259850,19000.0,16841.927475626835
1227566,51000.0,54884.3885840117
1227602,53000.0,59539.718151494955
1227612,31000.0,19428.269177054037
1227711,69000.0,52278.71238492811
1227774,66000.0,56545.61142077949
4276750,52500.0,37157.25659507388
4317537,22000.0,21714.30496423207
1227597,57000.0,41378.62465923551
1227647,46000.0,50564.49650098853
1227654,15000.0,12267.687679902687
1227617,72000.0,73309.38686847381
4352058,28000.0,24445.383759806053
1227646,81000.0,79992.09760777227
1227725,40000.0,35985.134268739974
1227738,15500.0,13013.830811458178
4275738,57000.0,52595.31269562095
1227644,69000.0,69210.87869050732
1227739,12500.0,12312.154347577738
1227771,12000.0,11288.443083946635
1227578,9000.0,13205.730821948417
4324340,57500.0,39828.823238466706
1227598,26000.0,30326.807351047166
1227575,24000.0,26856.448435630737
1227645,8000.0,7043.43058483413
1227727,10250.0,10991.435768123483
1227574,22500.0,26856.448435630737
1227572,9500.0,12780.950758022356
4274828,45000.0,42378.81738980512
1227601,69000.0,63577.60160693592
1227709,36000.0,40233.869636493575
1227766,12250.0,10701.979487530713
1227707,47000.0,33980.71020486326
4262382,60000.0,34898.4005828209
1227662,13000.0,10898.290822673922
4321313,28000.0,21059.92641710318
4335093,47500.0,39515.17307165467
1227791,81000.0,85554.5118051726
1227670,19000.0,23015.558423064165
4262225,59000.0,60184.659171339044
4314842,79000.0,57681.24879353608
4380263,8500.0,10892.282760320506
1227795,18000.0,20787.57314822138
4321217,25000.0,19478.034552718498
4315165,72500.0,59799.738637493705
6299073,28000.0,24552.201111599978
6265693,11500.0,9912.383362075245
6267781,57000.0,49227.37056403616
6262187,21000.0,17788.60167002704
6264996,40000.0,44590.74011216242
6288072,70000.0,35963.00756217928
6264716,8000.0,11098.628921830092
6287332,36000.0,26864.67322608244
6284463,46000.0,31514.867945641745
6263626,15000.0,20163.48372809128
6287762,57500.0,43935.43968873621
6265009,69000.0,44965.27650335272
6268132,52500.0,32421.43516654972
6265132,112500.0,89813.67430066613
6314998,8500.0,8755.823752709051
6284904,92500.0,64482.85881350033
6286696,28000.0,22853.648277195964
6265044,45000.0,46837.344636504895
6286674,25000.0,20355.013473563115
6260173,70000.0,59785.448129155935
6288473,10000.0,10545.031362096883
6284750,79000.0,52955.72038053844
6267468,45000.0,41135.90878174337
4268056,112500.0,98309.78611212407
6262221,19000.0,18416.633401950905
6271477,17500.0,12920.710781528513
6284842,72500.0,60891.56740104881
6284005,100000.0,81519.2536535085
6283905,26000.0,30000.180753518645
6292649,47500.0,42113.435165698094
6267760,49000.0,50761.19649773176
6257449,6500.0,7598.22486930067
6257443,6500.0,7660.44579129173
6280624,70000.0,68410.11391592505
6285584,22000.0,22658.011880262082
6283836,85000.0,70711.681159716
6276460,33000.0,32484.11736723728
6263124,60000.0,36866.82599019727
4269915,45000.0,39777.29624846386
6267471,45000.0,42515.701149185275
6284561,12000.0,12734.594993675886
6263037,59000.0,62400.23654734559
6270588,17500.0,11201.28853846577
6264575,29000.0,27793.281500436264
6300977,23500.0,26701.781824421425
6258394,17200.0,17702.824910151186
6265656,19500.0,20364.146808360347
6256254,21000.0,32002.376100853293
6258923,27300.0,25722.853515887284
4361904,55000.0,43885.00961401915
4286952,16500.0,16387.10516231211
4408251,9500.0,9310.100347755031
4249552,10000.0,12306.25665480539
4287688,65000.0,54025.69012332543
4268017,30000.0,25218.276487906915
4246248,16000.0,20680.37831825026
4309831,10000.0,8765.701032000889
4305247,12000.0,11484.489641351856
4408697,23000.0,14059.143516948141
4272864,40000.0,33038.47853388639
4381234,21500.0,18721.783244736085
4258294,11000.0,11779.2083576553
4246451,59000.0,42755.61221308135
4381203,44000.0,46561.799173506035
4388195,10000.0,12113.715032965702
4354237,37000.0,32626.740782393463
4245632,10500.0,14788.064204199078
4261153,15000.0,13775.16266954228
4284327,14500.0,19329.20085860625
4296755,100000.0,91968.30475358397
4383239,15000.0,23430.939637972693
4317649,47000.0,38244.06037423408
4381124,16000.0,16828.02527473469
4379948,24000.0,18757.1791667984
4294170,10500.0,11072.973054379978
4393827,48000.0,45115.27292042098
4322236,24000.0,18662.814617421784
4313775,14000.0,11131.564894882005
4325853,15500.0,11069.492933341211
4375565,13000.0,14455.067271638154
4321364,26000.0,25097.804317693142
4314843,67000.0,54916.01767870587
4303996,45000.0,38948.97840918745
4310583,24000.0,19529.368177216667
4353686,62000.0,55615.77296525767
4253063,62500.0,53046.2099004628
4302472,72500.0,54556.516429735486
4358369,25000.0,20683.989008797256
4363692,45000.0,42339.6540007939
4375760,19500.0,19127.98249259944
4303759,65000.0,57026.4065128143
4303160,16500.0,18610.961947954493
4247192,52500.0,49953.09974068651
4249696,11500.0,14715.725480919074
4371176,9000.0,7177.2633049903425
6327824,23000.0,13991.574195873995
6319988,48000.0,37125.6257955309
4244866,11000.0,11695.722006517051
4371349,8000.0,8524.38957615256
6328144,16000.0,15108.03968319157
4371968,6500.0,7891.190401053814
6327633,9500.0,9441.593303687463
4371716,9500.0,10111.13785173668
4284733,47000.0,51937.62551431436
4370784,8000.0,7897.581850514079
6265079,30000.0,24430.588524460247
6258223,11500.0,14014.20891277718
6279879,12000.0,11185.083406808477
4268711,8000.0,9412.385091176355
4310184,11000.0,12624.016411843948
4269692,7500.0,10882.357315147305
6265081,20000.0,24829.706743671093
6282647,10000.0,9312.647552465143
4306765,82500.0,78356.34382085595
6283175,24000.0,21526.514453309966
4332275,7500.0,9081.940120180248
4304487,90000.0,89242.35765647853
6304052,36000.0,29071.380293847298
4303159,25000.0,25726.366457221768
4269925,52500.0,42177.87164074305
6305942,55000.0,46455.08639739965
6258162,10000.0,11543.305599138279
4311268,41000.0,38633.97916129577
4313067,32500.0,41403.18347961454
4313047,90000.0,67332.20423275843
4312622,87500.0,73845.28420878727
6278643,72500.0,55370.059423778
4312487,50000.0,51347.57985805634
6278953,16500.0,16323.788766328375
6308414,8500.0,12154.844737423009
6308376,12500.0,9457.029198643888
6278966,16500.0,17002.76466888475
4312399,37000.0,35457.33924213553
6279179,65000.0,64712.473877096694
4311775,85000.0,65646.59523320974
6279241,45000.0,39194.30739596435
4311516,38000.0,31097.292800166444
6306525,45000.0,36297.18639094782
6303994,25000.0,19279.36810595434
6303993,25000.0,18626.949430573037
4272865,36000.0,40732.98855616297
4298688,31000.0,32454.461140530424
4275964,72500.0,64602.10189574215
6286707,26000.0,25364.025379050006
6259399,62500.0,53729.79786969061
6287082,24000.0,18120.8123129816
6259700,17000.0,11968.118969073246
4276981,65000.0,71033.83051160879
4277058,10000.0,11293.749038708433
6287083,24000.0,18120.8123129816
4283877,52500.0,64310.73754802916
6261659,11000.0,12098.73128342461
4283113,10000.0,18627.426697516636
4280978,20500.0,19156.372080286903
6287936,11000.0,12661.346640178546
4281447,11000.0,16506.277371843273
6288226,15500.0,10887.3791238382
4285947,72500.0,92312.01180090544
4266035,42500.0,35132.89515878455
4355533,19500.0,17490.45702517303
6300206,57000.0,51185.0425065336
6303166,8500.0,10581.413069100718
6284395,14000.0,10594.498189002245
4273942,17500.0,16563.64102559992
6284749,67000.0,52918.68528540739
6302591,20000.0,17167.05404736689
6302203,22000.0,13485.715743959312
4358577,53000.0,41194.232880230295
6285617,47000.0,35626.90785306943
4274701,22500.0,21206.45251127414
4293294,42000.0,36396.14716462517
6262902,21000.0,24020.696554628877
4274829,41000.0,38646.07375558949
6300587,37000.0,32633.40309069196
4289222,77500.0,94244.41185355725
6300211,62000.0,50614.83811270149
4275739,51000.0,47389.55708507324
6257336,52500.0,51413.423757733886
6265100,20000.0,24048.60706468462
4260596,120000.0,107231.44520871929
6272133,65000.0,52143.05496813543
6271925,16500.0,17002.76466888475
6315522,44000.0,47111.44644341841
6315454,16000.0,14506.635798450088
6266866,40000.0,35359.565143559244
6268130,24000.0,26455.99820759615
6271423,52000.0,58769.71562835329
6271395,73000.0,65386.370661482084
6271391,73000.0,52830.18455242321
6314906,32000.0,27555.165303789265
4261161,15000.0,13851.927367106171
6270912,14500.0,19630.2106069874
6314900,31000.0,37154.69527583682
6314881,24000.0,18520.43879158005
4256625,23000.0,31682.477581777453
4322212,18000.0,17210.149016827636
4323950,42000.0,34872.518941747585
4313300,32500.0,30255.439540151416
4321368,26000.0,25185.28279617956
4259435,92500.0,75235.90949984512
6312046,19500.0,16404.02288483745
6256698,10500.0,13939.28550070575
6315545,21500.0,16400.982023323144
6311958,13000.0,12702.58221232784
4316646,27500.0,23574.67439017431
6317772,10000.0,12760.525146479124
6275602,100000.0,96736.69836144758
6257028,59000.0,38696.107349759775
4315587,64000.0,49152.488600161836
6274570,10500.0,11529.848641000355
6256981,16000.0,20362.55780693158
4263692,90000.0,74666.40695538318
4313437,29000.0,35103.88072014091
6315741,32000.0,26901.917890408124
6316110,15000.0,17310.876035719353
6285748,11600.0,10244.615591711421
6260928,23000.0,34397.72165612314
6268559,17300.0,14094.52153700904
6268596,62000.0,49936.4587437546
6285517,17800.0,21435.133001315924
6267423,21000.0,23200.46942168127
6285327,27500.0,21209.503161771016
6267589,28700.0,37072.44209911962
6267763,51000.0,45872.68517128169
6284981,64000.0,47236.22515817296
6267529,14400.0,20977.4492157133
6269828,20500.0,15893.962231204676
6269899,38500.0,46652.00465064723
6263574,90000.0,63680.07161851925
6267173,17500.0,16802.200013682937
6267831,50000.0,46191.123724686695
6287507,36300.0,31317.973590360278
6262814,23600.0,28941.709226466533
6267895,72500.0,64388.18961642347
6287070,18000.0,15696.128809401489
6324719,11900.0,14143.687882942777
6286708,31000.0,33128.92816329122
6262075,92500.0,72232.46683746511
6287239,14000.0,13457.513608358915
6267407,21000.0,23837.498121811488
6268298,10000.0,10315.774908669806
6262421,126000.0,99505.72344270043
6268262,65000.0,72834.48754375074
6268286,9000.0,9901.033203647125
6261574,9100.0,9562.501482862697
6262434,100000.0,100262.84077856889
6262435,120000.0,100262.84077856889
6287617,42000.0,28995.396990645597
6267856,67500.0,50493.116178808974
6267448,32000.0,37945.31479192187
6267414,15500.0,17218.748607161586
4313069,32500.0,41041.89953150221
6284253,35000.0,33515.92043643359
6280576,38750.0,33748.1974675451
6271526,23500.0,21380.320260844575
6279926,18250.0,15114.947665478825
6272341,57500.0,57607.43934222517
6272679,77500.0,94966.03585537049
6328150,13000.0,16781.309341635348
6288241,25250.0,24343.394234937103
6274198,42000.0,31954.167611358356
6279467,90000.0,83085.99886004545
6274364,11000.0,13179.21491572905
6280643,82500.0,75115.71355438845
6265809,10500.0,10113.983701548483
6278967,25000.0,20611.032490263766
6265746,52500.0,46831.318039802165
6265690,7500.0,10323.08079983097
6265330,7000.0,9636.003297349498
6276481,31000.0,34829.38404978544
6265331,8000.0,9636.003297349498
6278512,29600.0,27180.82448418573
6276807,18100.0,14019.850711916995
6278194,105500.0,84426.38425457766
4313439,29000.0,35269.988538821184
6275248,56000.0,58900.691836748505
6270284,20000.0,30802.45239253384
6271484,72500.0,87972.33867072825
6282245,7800.0,6433.301079867922
6284213,32500.0,31300.11565776446
6284141,32500.0,42736.69615834371
6284128,90000.0,61331.362902389825
6283987,87500.0,70607.78670977491
6270523,10000.0,18076.668984884014
6283953,50000.0,46915.5013413179
6283920,37000.0,36820.46829089882
6266841,36000.0,41811.25660450706
6283706,85000.0,67301.34713976158
6283647,31400.0,34512.56501102617
6281327,15300.0,14817.754166902636
6264334,26000.0,25571.40367568858
6270725,52500.0,52500.626984274866
6283536,41000.0,36677.883853373416
6264426,42500.0,36289.28231140928
6264519,50700.0,47684.66481507349
6283243,9800.0,9695.420912345893
6283149,26500.0,23636.707458557925
6282835,11000.0,13090.805509375077
6271079,47000.0,47366.46678434623
6282370,80300.0,71443.67386493436
6282268,20100.0,12872.960347044713
6283618,38000.0,33651.28699131562
6288323,39100.0,50306.294833059226
6282419,17600.0,19522.470300505192
6303837,15250.0,19796.477980319614
6304344,55000.0,42205.610946052475
6256376,11000.0,10751.758353948038
6304445,43100.0,41773.56926257183
6256831,38000.0,47349.4230761272
6299426,13400.0,9937.427393392385
6310807,6500.0,7291.023450813247
6303774,34100.0,28019.96281797289
6257521,8750.0,7069.585327935885
6303379,40750.0,56364.25877781054
6258035,65300.0,74415.66883903001
6258216,18000.0,14034.188714445872
6258766,32000.0,23260.68136941649
6258275,19000.0,17176.299757988523
6258299,10000.0,10654.812041117542
6256768,29200.0,26745.489289934223
6304485,62500.0,35323.291481332206
6300319,45800.0,35368.56250635707
6300444,18000.0,17926.932772324402
6310408,8000.0,7399.470801295441
6310930,12600.0,10648.744179305151
4274841,41000.0,39040.95345397864
6311265,14400.0,12592.270117098595
6300954,14500.0,16995.730947830718
4274688,22500.0,21374.7182589458
6301653,19500.0,17963.31393538137
6301957,32500.0,38802.81842117865
6311247,13750.0,11857.797001819676
6310700,9500.0,9562.170504086307
6304051,53000.0,43868.26353320888
6311008,12000.0,10823.126600352512
6314825,23400.0,16424.370100824755
6290028,7500.0,9354.380374157497
6258547,20000.0,19238.16178848659
6291331,15100.0,12237.618706602672
6257323,58100.0,63511.204487477524
6310533,9000.0,7472.293102259534
6291768,26000.0,22321.874608641327
6316105,13500.0,15608.580033473294
6315386,17500.0,16021.670530693389
4281462,11000.0,16502.045594287567
6315202,56400.0,55693.625481844734
6304269,10500.0,14324.247852283039
6310572,8000.0,8538.113012072366
6304153,46000.0,26368.47501955363
6292869,15100.0,16647.83651286563
6318475,22400.0,22396.541682958574
6294704,45500.0,38944.41478348121
6292825,56600.0,69567.61627846846
6315395,28600.0,34402.59306646522
4315777,72000.0,52974.1590702619
4267337,25000.0,23008.953533964155
4247809,9000.0,9142.016924260408
4373448,12500.0,11851.257536185549
4296934,37000.0,41110.67873034749
4264572,9500.0,13747.197610924177
4251557,10500.0,14294.976992448817
4332772,11500.0,15127.072892646302
4314019,24000.0,29009.53219940752
4312621,89000.0,73145.66365484256
4298482,29000.0,30356.883296074277
4389226,5000.0,7558.389844056319
4358752,19000.0,27140.638726452384
4248141,11500.0,11455.9774974118
4326646,19000.0,23218.64888212625
4266293,35000.0,48922.41785580214
4298982,33000.0,33014.60675960938
4359865,53000.0,39876.18645093008
4312649,100000.0,83747.09067147553
4375493,12500.0,13115.634661603986
4263795,17000.0,17088.0263260075
4364010,29000.0,27482.64800205478
4326324,15000.0,21799.55688994315
4319318,9000.0,10160.23262139625
4250194,8500.0,10582.445536081948
4321755,32500.0,30467.353465719316
4353169,59000.0,49405.88348386819
4246648,70000.0,76889.19626417865
4323734,12000.0,17854.374266175935
4321842,37000.0,32604.135596754793
4322211,18000.0,16237.40689118594
4284461,86000.0,85861.67436449848
4323723,20000.0,16582.662228413832
4311457,31000.0,26444.415872059646
4284326,21000.0,21637.12889299408
4311481,24000.0,32938.48669986069
4394777,25000.0,30508.814509942455
4322397,25000.0,26352.918686659737
4322473,28000.0,28241.323499579343
4394623,39000.0,18606.819495386346
4253307,18000.0,19300.213016413956
4321652,30000.0,30463.660004854242
4321474,23000.0,25082.78995308132
4257879,14000.0,14865.628335855326
4260600,100000.0,99649.88783873657
4293033,31000.0,34098.946020746436
4320124,19500.0,24119.336222998194
4290665,85000.0,68570.13964699255
4252932,13500.0,12854.576426866646
4356264,50000.0,38481.239193410525
4247688,7000.0,7458.07292206693
4374363,16500.0,16336.446319235425
4282909,12000.0,18401.494611517162
4375563,12500.0,14111.805961368176
4320931,29000.0,29226.294903031638
4393043,38000.0,30237.13160129391
4275740,55000.0,52154.85891701354
4361524,92500.0,98114.50134390415
4321218,17000.0,17695.33746672678
4281808,24000.0,20405.22299761388
4321265,17000.0,18122.840977054802
4267114,27500.0,22716.0094670759
6309081,11000.0,18998.523745250925
4312616,89000.0,73420.47493813121
6257520,7000.0,7239.592288868467
6319997,47500.0,37027.35017303058
6278653,118000.0,76971.72059143527
4246651,70000.0,76969.76546613578
6257671,11500.0,9931.97687051484
6257750,8900.0,10000.376300417693
6257544,9000.0,8502.69304251596
6288333,10500.0,11614.84068641256
6276533,33000.0,31484.007418507495
6256242,23500.0,25461.51309141437
6311520,16500.0,14199.873794229099
1227956,49000.0,35135.67746430889
6270459,12000.0,17669.591922924024
6319760,38000.0,28962.17198006781
6311943,12500.0,12803.302769996653
6256301,7750.0,8683.490412139523
6270119,24000.0,22207.426319159247
6312077,8200.0,14241.474597669836
4321673,30000.0,30395.365419032634
4251606,10500.0,14331.62418935404
4394780,25000.0,30552.588342207495
6318079,5000.0,7887.887788711718
6267767,55000.0,54093.41841661751
6311964,12500.0,12839.524608861348
6276594,32000.0,32880.367954512985
6270916,21000.0,14388.419292477345
6311248,12500.0,11411.478184869122
6276432,29000.0,30377.18924108062
6276382,27000.0,28947.964695616884
6276374,27000.0,31560.820256258598
6275663,37000.0,46940.28727004756
6275486,44500.0,45714.414359028684
6274683,103500.0,77707.65702178449
6270929,86000.0,89199.22193472458
6274465,44000.0,39278.26718336644
6274104,31000.0,32679.78145468916
6273153,85000.0,73918.84012976069
6272726,128000.0,122099.01165145409
6266253,53500.0,54145.60993360582
4319303,9000.0,10076.50760183355
6266328,15000.0,15154.123061447412
6266076,11500.0,17046.658244871367
6279169,75000.0,52439.18340473025
6264861,25000.0,22511.056915462203
6286731,23000.0,25252.565230096923
6285045,72000.0,48083.85389961751
6302182,40000.0,43511.571210983064
6306637,29000.0,26305.681037998762
6303040,28000.0,24546.821764776338
6263621,17000.0,17634.23775580456
6284456,24000.0,28517.373518051423
6287122,25000.0,26442.744372233876
6263782,35000.0,29878.53097482176
6303490,46000.0,38266.11125581636
6284119,21000.0,17334.08963545081
6263900,9500.0,14222.899772735214
6287141,28000.0,29473.6118942634
6284003,100000.0,65170.31326873429
6283999,87500.0,65170.31326873429
6283997,97000.0,64999.6187144796
6283989,85000.0,60357.90903220767
6283982,87000.0,56536.50833836166
6287074,18000.0,14304.347340088523
6259342,13500.0,12062.328518323911
6285046,56000.0,47529.25019518913
6302057,50000.0,34885.77875547053
6286766,26000.0,26169.75853119701
6286693,17000.0,18717.257027408014
6286671,17000.0,17930.668343465448
6286809,26000.0,27817.431040475512
6286819,32500.0,27530.88589539569
6262351,90000.0,91588.07529136987
6262352,80000.0,91588.07529136987
6286421,26000.0,26875.83704455855
6262389,90000.0,94033.56150340183
6262390,97000.0,95594.26273217774
6286417,29000.0,27674.82062406318
6299644,59000.0,52491.00047247126
6262428,100000.0,85547.77783118589
6286838,32500.0,28497.06680614509
6286874,37000.0,33016.43618630533
6286091,19500.0,23180.488519528688
6259528,18000.0,15639.169565891105
6285053,70000.0,51555.2876918739
6291712,25500.0,23580.367568311445
6292287,62000.0,53634.825554520314
6304085,40000.0,42292.5938192571
6304458,14500.0,40668.8009296797
6264766,27000.0,19599.338004268015
6264781,27500.0,19251.97397165864
6320250,39000.0,18887.35542740855
6304478,36000.0,32639.416206794278
6304482,53000.0,41174.03495078506
6288334,10500.0,11614.84068641256
6287945,30500.0,20485.069779684116
6288564,19000.0,20485.68745805973
6304533,49000.0,43278.66573967427
6304547,43000.0,46579.41415366799
6305829,92500.0,85295.13870539659
6288458,15000.0,19458.49537502155
6260880,12500.0,14027.408196617496
6257968,71000.0,46624.947774068176
6306622,19500.0,19602.39129645766
6288332,10500.0,11614.84068641256
4250172,8500.0,10589.980201236847
6258546,28000.0,20630.38319894631
4326645,19000.0,23372.487534832737
6287701,68500.0,42315.72315250774
6261461,14000.0,15342.5776814441
6304089,35000.0,29102.910030117353
6287539,20000.0,17460.810848348206
6287542,12000.0,17460.810848348206
6304097,56000.0,41955.30932776928
6283607,24000.0,34999.251908250495
6287563,16000.0,17947.927813225564
6283596,31000.0,27314.23926567979
6304113,50000.0,35180.29829802565
6287804,45000.0,53619.75580245882
6283540,24500.0,21969.827616309634
6290232,11500.0,13626.874631921775
6264498,35000.0,49006.149922010576
6327711,11000.0,12082.254451557259
6304171,12000.0,13671.455893755277
6304185,19000.0,31991.896946574314
6298418,15500.0,19912.899944708854
6312473,11000.0,9171.16857910528
6321656,14000.0,12460.662001591129
6313029,16000.0,17636.5070915312
6318085,5500.0,5879.695337852492
6267915,47000.0,42290.06978942468
6312472,11000.0,9171.16857910528
6257884,16500.0,19524.608013926165
6259304,37000.0,29555.671280828486
6257872,13000.0,23076.284429315543
6306548,36000.0,36584.72721128512
6306476,53000.0,43278.687480440545
6281219,39000.0,41021.32398323981
6309986,16000.0,11572.580066444185
6282337,7500.0,9248.121817595791
6327732,11000.0,13333.129814140244
6310222,5000.0,6028.992326814276
6310488,7000.0,6980.7286736929045
6258623,22000.0,26250.43049056237
6310504,6000.0,6643.322672790841
6257011,15000.0,28001.502582212477
6283634,35000.0,34709.61350818613
6319596,20500.0,22462.213010624735
6283635,34000.0,35996.35259279077
6283945,47000.0,39842.805848744465
6258697,31000.0,25583.95142989375
6310833,6000.0,6936.169910322684
6266251,55000.0,55268.82947143806
6258767,27000.0,26030.981152729808
6311067,12500.0,12464.463941845326
6259091,26000.0,27639.569895018743
6311321,13000.0,11754.894891887923
6286207,25000.0,24002.311174604944
6286233,24000.0,25380.054824006933
6324811,6000.0,7451.306920778451
6286551,23000.0,26121.47780708553
6286556,23000.0,26121.47780708553
6256957,11500.0,13666.606807837068
6302984,16000.0,18942.536174070938
