SalesID,SalePrice
1227829,13160.587533001999
1227844,30188.125184582615
1227847,49073.04073849888
1227848,95369.50840823486
1227863,26022.461328753972
1227870,30748.752903653345
1227871,23292.667310290795
1227879,18179.597575333155
1227880,15531.740065753496
1227881,32501.163255013154
1227882,67734.99703953708
1227883,79508.99376583996
1227885,43535.8137423149
1227886,45861.72498269746
1227887,19517.312939553878
1227888,19499.07962983924
1227905,21581.932662700838
1227910,39729.9859731933
1227911,33755.798169841204
1227912,52247.80988635184
1227913,24250.745140606625
1227914,40953.67056138493
1227917,10609.829739969136
1227918,16954.734236622146
1227920,41970.32861060219
1227924,31439.739160780566
1227925,22382.981792383333
1227930,10698.213267372443
1227933,15620.05450964397
1227942,19785.185990783928
1227949,28688.678903447973
1227972,17527.753386603763
1227976,45141.432384490145
1227977,11152.531058050145
1227979,40487.03540760703
1227980,10315.244887048553
1227988,18609.335861688603
1227990,9976.367627183174
1227991,12412.340540424106
1227992,19095.76170617107
1227994,33756.31326163373
1227997,12376.569532019575
1228007,48167.850796863495
1228012,79047.49251690743
1228019,34021.10759696797
1228031,26877.07458661707
1228040,74368.7464505819
1228042,16281.550203275996
1228046,10083.777875666428
1228049,58325.739340374006
1228050,37806.40700563085
1228056,9739.908433798868
1228061,31065.76896365851
1228065,6900.017429740929
1228069,6152.4000121576555
1228071,89996.01105682952
1228072,86314.01912942366
1228075,28025.152299932863
1228076,30141.060498877432
1228089,58679.41235775207
1228104,15544.988691425779
1228105,57053.879115034535
1228107,29296.887426408844
1228113,62462.12712066297
1228117,48378.75035894854
1228119,42067.10516416317
1228122,62944.94756775148
1228123,62005.9500149867
1228124,11978.442586557325
1228129,43123.41040283471
1228130,58067.5463334614
1228131,51166.37295055114
1228134,55492.74194246675
1228135,62410.323166768474
1228136,32339.33191657438
1228142,13667.433300783367
1228145,67649.9102550212
1228149,33832.21411434376
1228150,20791.27985828384
1228152,65997.69016757017
1228153,15307.809694642785
1228155,6193.355877535143
1228156,48503.299869678514
1228157,52165.50851498079
1228158,52819.80847397919
1228160,26306.97919183561
1228161,20582.935806631496
1228168,9527.963750226405
1228179,18699.14477515869
1228182,21266.37698569973
1228183,10913.430285688648
1228188,79226.51174012189
1228192,19788.507315134997
1228195,27388.070406095037
1228197,25567.161490729944
1228198,18227.01037712888
1228200,12025.443491732058
1228203,20722.90295199967
1228214,33740.34907024829
1228217,21089.566110646847
1228219,58382.17008022031
1228222,10567.84718378855
1228225,12679.35493552817
1228228,14977.859833657372
1228229,12950.309464364807
1228231,11974.924361380075
1228236,14758.87381698701
1228237,6495.701550732528
1228238,32676.85952134726
1228244,30562.92538805788
1228245,31660.716246924312
1228247,16932.207887381282
1228248,17027.802875287136
1228253,13796.777426505112
1228254,16275.293520947127
1228256,35693.6004109848
1228265,12720.513360350667
1228270,56782.14294328885
1228277,27168.914894128528
1228287,128254.88464850007
1228288,60624.51960672574
1228289,16337.625883034898
1228290,17775.338432230936
1228291,22729.494440292936
1228292,41875.771481383876
1228293,21905.638175467357
1228305,46287.599827020385
1228314,41185.78007987394
1228315,88334.80144846583
1228320,19538.95452879185
1228326,23728.388175289972
1228328,52865.87024357512
1228329,33132.44560433536
1228330,29665.318949086126
1228332,60613.13072740485
1228333,29265.16404347679
1228345,20787.631630737935
1228351,14411.531465418844
1228352,23604.248435070866
1228353,15466.62489678496
1228354,38712.58187395339
1228356,37296.51196382442
1228357,10930.357717940187
1228359,68766.91643223359
1228360,66287.16054883739
1228361,62065.34942099865
1228362,40413.39139415126
1228364,68559.59634234894
1228365,47737.19504065563
1228367,70106.39140264524
1228368,67132.15328034543
1228369,6778.244480441836
1228371,29563.5859751573
1228374,13021.574376298153
1228375,9042.592571904303
1228376,31969.872351887858
1228380,14218.971870912495
1228381,42186.347840688286
1228384,14170.951481306707
1228385,14163.587487952584
1228386,13537.481066203647
1228387,14569.855889635333
1228389,13540.980481142802
1228391,24577.9778388524
1228394,21749.259803746158
1228395,16941.350555920984
1228400,52809.48284443431
1228401,17607.052464468314
1228402,31109.559732902035
1228403,45558.79378940701
1228404,74318.47796451417
1228406,15101.330824317603
1228411,17808.51214483036
1228415,65657.11562730135
1228416,49519.1948126154
1228421,19218.86989066228
1228422,51008.70923541108
1228424,23269.264914835916
1228426,57626.424041761595
1228429,22813.12793162484
1228430,22828.689668837895
1228437,69909.29937013218
1228438,13318.272369313087
1228439,13756.151006970134
1228442,128272.98844887094
1228494,10975.863276626322
1228496,23547.811593984217
1228498,64559.21430680396
1228499,72978.03411500782
1228503,55238.396720522636
1228506,9759.771359153523
1228508,16845.58216227687
1228509,21156.12602586987
1228510,21277.859782094973
1228518,12901.108992248564
1228519,51201.323540608384
1228524,14019.56859759006
1228525,80349.00966525543
1228533,78036.00018094838
1228535,68775.6394174552
1228536,85363.5968523797
1228542,14483.831492818723
1228553,32932.150094755074
1228561,15572.024799592973
1228562,11024.13399186934
1228568,31570.05004917261
1228569,24236.733460378233
1228570,44264.45698789764
1228572,86258.8847463828
1228573,53657.857925074226
1228575,56283.756135880845
1228579,22683.47642154538
1228582,20497.837867330727
1228583,44795.55646836045
1228586,69940.24186455988
1228590,86159.73158992123
1228591,89529.29207240495
1228593,73766.07369425143
1228594,88263.72846987202
1228595,13022.207775731998
1228598,22186.030459247897
1228604,19920.659495851844
1228605,23283.028180864516
1228606,39303.74815786441
1228618,7047.223324037811
1228619,22998.267785617212
1228622,12223.491381339927
1228623,25852.914121230308
1228627,64198.81154253548
1228628,57801.014104182716
1228629,56768.28156341304
1228630,25785.075409817266
1228631,39285.04812724852
1228633,59032.189731161125
1228634,37906.847848949175
1228635,40336.22665201142
1228640,25703.805823560477
1228641,53475.99068098242
1228642,54575.733139003285
1228643,34498.75772622063
1228648,15825.518162004728
1228649,82643.20263860027
1228650,11518.319846661268
1228654,45593.56641658308
1228658,20621.447315288766
1228659,42263.82717415632
1228660,33749.682055602585
1228669,15672.446940873579
1228670,15048.263892978935
1228672,46690.25914796739
1228674,9827.061377218197
1228675,16661.370041189148
1228678,11374.7710692793
1228681,27904.336426850605
1228682,41323.28843285742
1228683,37513.26070634755
1228684,39909.49831119378
1228685,40064.02235450528
1228699,38695.676138171766
1228700,40798.36104157558
1228702,81485.23523067914
1228703,39170.12071602823
1228706,50928.74823442223
1228714,85631.69312234626
1228724,32524.263836728474
1228727,6707.921361746845
1228730,37023.84044843667
1228731,19498.94945319798
1228733,19358.661654522883
1228734,25758.358280394295
1228735,24727.582179233184
1228736,31144.351641421188
1228737,73553.15144422869
1228738,71864.14212146074
1228744,7670.809085155245
1228746,9482.724713481084
1228750,81846.7708838548
1228751,18667.83694171856
1228757,41818.7406618048
1228759,61434.87374960741
1228760,64346.28973676352
1228761,67961.33844794851
1228762,65214.16490266078
1228763,72467.93022569171
1228764,74702.19868452629
1228776,30740.015220939935
1228779,36714.765982280005
1228781,44159.4246547232
1228785,9730.613927056897
1228788,18809.18108284671
1228789,55137.07999050313
1228794,42144.04395964749
1228795,42176.61258052054
1228809,17598.524018030817
1228816,54674.14123478177
1228818,17670.052240679383
1228822,12988.580918514184
1228824,22663.10671899383
1228829,20353.41117505021
1228831,66647.78124143793
1228833,40757.759944813864
1228835,34923.71060010924
1228837,40169.694676925814
1228846,40117.7802173234
1228847,81514.61540859395
1228850,31756.518545946314
1228854,17752.314449464095
1228858,27247.69544297097
1228859,48086.701912627796
1228863,78820.67896243458
1228865,41661.85907274198
1228866,71178.91774114995
1228867,38911.27739172967
1228871,54588.64267587801
1228872,61065.641545976854
1228874,13641.192525624681
1228876,9154.572563430116
1228877,9147.729677321613
1228878,9144.571805564568
1228879,9973.68471305676
1228881,11534.007083185597
1228888,5920.7881687050585
1228890,10717.515395312288
1228894,12482.311855265896
1228896,10288.195467306716
1228899,30098.46074401383
1228902,77884.77279219317
1228907,72738.2454259722
1228914,20094.24323268647
1228919,35089.70524204787
1228922,13215.982206522545
1228924,16819.04573364077
1228926,14736.945462825754
1228929,49435.91079211802
1228933,104809.36128528176
1228935,11310.317320117512
1228936,11303.2430560094
1228940,71837.5550958736
1228946,55123.14705192228
1228951,29666.875050250568
1228952,27948.175169683473
1228953,85536.68698927155
1228969,68865.36012140072
1228985,39529.33411322961
1228994,28775.15906689015
1228995,19240.345720167996
1228996,13077.992900181831
1228997,14506.337845339347
1228998,66998.2225487423
1228999,22310.370493216546
1229003,10736.053623054804
1229004,10729.983225910419
1229005,10773.534579967725
1229006,69855.1829408199
1229007,23783.874079682268
1229008,10771.685167266605
1229009,7280.499938354151
1229017,28133.09950463177
1229025,76970.32879614051
1229027,15294.092202607457
1229028,32610.765205843858
1229043,19365.08777941956
1229047,45296.72617860362
1229049,23115.40649016792
1229052,16366.727273341308
1229053,15065.25200424962
1229054,29133.52856524282
1229055,58701.409546543524
1229057,19156.212051930477
1229065,57442.280520041466
1229080,11729.297074064
1229083,27962.545590056394
1229086,36924.54189900731
1229087,32108.565519250616
1229092,39758.717295698276
1229096,15849.459201834865
1229099,30674.444675047416
1229100,81747.3098160862
1229101,83797.56399349344
1229102,93816.2771203778
1229103,39466.87845472296
1229104,21026.363717267977
1229105,63056.70233200361
1229112,21099.585028146477
1229114,47862.28387944844
1229119,41116.98191256473
1229128,19021.54632357978
1229129,29609.212439082545
1229133,94539.47178702331
1229135,98045.0624994086
1229137,34461.566153675354
1229138,64823.33177296551
1229139,13009.905470364281
1229140,90545.86637485094
1229142,16072.036194760383
1229143,16329.52539326805
1229148,14212.111547993232
1229150,91151.13701927656
1229220,6199.97569815134
1229223,66918.14556166857
1229227,33426.78996988382
1229236,34862.94530818723
1229241,37540.10259481153
1229242,22872.47172333366
1229257,56328.701994097115
1229262,43513.481743516546
1229289,23233.296904777155
1229290,36358.2360370085
1229291,12564.271946205194
1229292,16725.739243612577
1229293,17294.79634736798
1229295,12417.432046458349
1229296,22598.205992652136
1229300,69270.2566183397
1229314,100731.00457166502
1229315,29192.01874185896
1229316,14262.406860162375
1229321,14390.215220008502
1229322,23566.503978942495
1229323,27245.772518630012
1229324,24360.7606782221
1229329,23179.537529002362
1229331,22636.96864931028
1229336,81835.21939377641
1229337,86678.46027597133
1229338,42886.88407954472
1229344,25574.014228295484
1229353,57186.85296866083
1229368,18395.64152052797
1229372,10688.116505238851
1229387,6401.5400488416235
1229388,12831.984088238718
1229395,101388.79016803326
1229396,111801.56522873108
1229397,35515.43329947775
1229399,21219.67797330387
1229402,10299.112801219027
1229403,10793.528479588684
1229409,85032.00822715943
1229415,54257.5035735753
1229422,31135.204608117478
1229425,14136.731257503363
1229428,10119.136285201967
1229429,11850.94319818653
1229439,59244.477837449034
1229443,21691.63019507552
1229444,6407.208867419549
1229454,12358.640191563714
1229455,5979.118138891383
1229459,11362.670270605748
1229463,7121.904537040154
1229471,20886.956425860768
1229473,25360.713652316586
1229474,44610.1461874379
1229475,36203.84549058927
1229476,86385.91128437592
1229477,55087.30563933716
1229480,24629.389316995468
1229497,11170.543113114061
1229498,10611.600761015321
1229511,11508.897988922547
1229513,32945.62666862157
1229514,30099.379320674903
1229515,43161.26351739873
1229516,39246.25242109575
1229517,13511.438228496927
1229518,13036.399026545712
1229519,40116.173318992674
1229520,43256.41301179623
1229521,43403.27663931215
1229522,58144.739821012474
1229523,12705.054230690941
1229536,40012.053662603714
1229539,62201.282404257436
1229541,10146.950920650266
1229543,10530.981302389464
1229546,10894.90792630928
1229547,13040.04253132111
1229548,12031.592613527533
1229549,11637.789183604484
1229553,39645.01297430429
1229564,100770.6874481224
1229567,31708.309051871445
1229580,60474.03557677939
1229581,47193.7188820563
1229582,55166.219096429966
1229583,58470.65457065267
1229585,10458.901665258914
1229586,57827.36952449434
1229589,6564.920932498785
1229590,18674.37214975148
1229591,15484.720293246379
1229594,9726.447744273328
1229597,13070.249398522032
1229601,21840.240199286734
1229604,12135.92711238495
1229606,11767.843145046192
1229609,74463.98808613565
1229620,10352.402177264617
1229622,62760.685774547375
1229624,23696.885364656857
1229639,11484.128327801896
1229646,19908.14323659323
1229648,33527.36051289026
1229649,14035.971099530783
1229654,36117.146998528086
1229656,11588.500560641109
1229657,23242.20610925198
1229671,19123.92012661372
1229672,21282.466814918436
1229676,17844.913053695705
1229677,44922.104558972715
1229679,10137.770805139482
1229680,23061.414020239798
1229681,25390.16609435141
1229689,119997.58768225364
1229690,43290.54310012285
1229691,73971.35801648407
1229708,23403.98309054979
1229711,15611.848199373344
1229726,30991.817798500466
1229728,104038.4590726971
1229729,103037.31789525964
1229730,12110.80138560477
1229734,95366.05227949201
1229739,7030.99566184604
1229740,14542.035197582472
1229741,11300.89313684651
1229742,9162.906142245427
1229743,11810.06347754772
1229754,18236.57385696674
1229759,46223.37040396764
1229762,9522.839762588808
1229763,10762.134924188296
1229772,41969.408000202005
1229775,28055.772370565348
1229777,29134.028696864512
1229783,51955.19320895243
1229784,76690.13707981686
1229785,69784.33516130169
1229789,31313.340550550027
1229790,29815.19121327334
1229795,38566.17566097236
1229798,10605.722109266559
1229804,16310.971729832794
1229807,32085.790781375683
1229809,19717.146331638905
1229810,29195.833157647063
1229811,14680.957774724438
1229812,107649.49772633659
1229814,27822.914430195953
1229816,41244.62239819427
1229817,54642.65636772099
1229820,85438.60842185307
1229821,14730.537684990088
1229822,41688.7271043888
1229825,27187.83669238418
1229827,59193.81820997534
1229832,49349.23691004821
1229841,26275.93703622255
1229842,32236.20634827666
1229848,14224.424527282667
1229860,34585.034541581386
1229862,13108.937791182043
1229869,15935.734427402538
1229873,54019.843625800226
1229874,60230.16604304931
1229875,53015.41881881293
1229876,10874.280266514299
1229877,13082.633716393193
1229878,95388.97420906305
1229879,12845.576001957093
1229884,14824.501363104218
1229889,62116.39311265074
1229890,82173.53990577433
1229893,75610.6773524274
1229896,17537.150702404553
1229902,64965.98660599335
1229905,23251.65093481939
1229906,20215.65033621685
1229907,22085.920064020185
1229908,26625.670834642064
1229910,11604.615405213566
1229924,50077.55694223583
1229927,25810.244808314103
1229928,23027.941424070785
1229929,94747.24998455482
1229930,20429.510195111063
1229932,83429.87785828632
1229934,51859.35429080815
1229937,38200.0458194298
1229939,43159.12310787973
1229942,16514.00579504537
1229948,24304.29986604373
1229955,18185.823115446823
1229970,9174.519393863142
1229974,106251.95316126563
1229975,114041.57969034744
1229977,9882.290373395495
1229999,22081.791959080096
1230003,25526.32705404176
1230004,17845.678933631534
1230005,17842.479475622305
1230008,11940.083583226455
1230010,12301.112137532933
1230011,9996.398086690051
1230014,10502.424591293113
1230018,24328.8127815193
1230019,24148.042436435037
1230020,9692.821874750534
1230021,9679.287774209042
1230022,20501.94361363916
1230025,21662.56277498263
1230029,10489.040602358993
1230030,10476.423044867337
1230032,54905.09652735962
1230037,11439.646639644154
1230038,22670.456730551312
1230039,29033.093131924634
1230041,20258.13040475808
1230047,34696.73279445711
1230094,16367.944858153987
1230106,89419.8130078574
1230114,29038.797640448876
1230117,91278.49062048398
1230120,23079.6762935327
1230121,10999.284997033566
1230122,29658.0770794897
1230123,55911.07915289812
1230133,11387.927393410795
1230139,14819.214432261855
1230140,6840.660548100225
1230146,51962.3287962371
1230149,56682.048910772515
1230150,20369.082268316997
1230156,107531.9096067069
1230162,79112.65330938334
1230165,55103.96216477158
1230166,61409.685294193325
1230167,44299.67816062139
1230169,86705.66099076395
1230170,30755.498450831048
1230171,96771.92814465128
1230172,30588.790629524905
1230173,33217.1745807149
1230174,33198.74233228894
1230175,70965.20581665325
1230176,68006.59363645673
1230177,67950.58018605517
1230178,28409.544711286846
1230179,28451.38215574651
1230181,48089.17841673271
1230210,14910.230859544976
1230216,56556.12766951717
1230217,45954.192947399126
1230221,19181.861654527314
1230222,24440.8606966934
1230227,53756.61037245605
1230230,81204.63758183074
1230232,65227.53798960135
1230233,59502.5694327169
1230234,48060.98133013661
1230235,68721.81068078583
1230236,81221.83191018297
1230237,38181.98013979887
1230238,29860.77879555546
1230239,26577.36610398956
1230265,18669.047652316316
1230266,29353.829839183265
1230267,32229.750797627312
1230268,36941.09663110489
1230274,13087.775466940988
1230277,41378.73593539402
1230286,10547.87894189351
1230287,32427.78455818713
1230294,26095.179935408498
1230300,76885.6653538491
1230301,79391.09501326056
1230303,88617.29972585427
1230305,76527.35779336364
1230309,85249.21106442066
1230312,89787.69088728362
1230314,73376.94388150034
1230321,104937.88212881441
1230322,55216.170067158804
1230324,87951.98804939789
1230325,117781.47077863626
1230326,87579.01846972431
1230327,35868.624528397915
1230328,32804.600617661206
1230329,15051.091521591085
1230338,69269.4638762562
1230339,79733.90979037603
1230341,6205.181948384097
1230342,18778.226296608093
1230364,87822.4074285457
1230366,79565.73232655054
1230369,13671.52697709443
1230370,18412.21089572539
1230374,26830.028117675705
1230376,9899.478454056476
1230389,76986.99366643246
1230390,34771.19966588875
1230391,44998.08478434294
1230393,25638.925707032377
1230401,103082.33309427829
1230404,83482.56710489097
1230405,10946.444824378046
1230409,10197.925893911626
1230410,13978.33951464277
1230411,13931.118446087852
1230412,13940.74134117807
1230413,10178.841017606394
1230414,12755.526399159018
1230420,62240.5651192558
1230421,68919.4984793473
1230422,22835.766694346403
1230423,22824.27036262764
1230424,22729.602827995084
1230425,22760.319033385353
1230426,24237.334455330314
1230427,24169.838951276295
1230428,24163.40854757994
1230429,24125.00008476291
1230430,24245.518715631668
1230431,24128.083400220345
1230432,24161.426760931092
1230433,24252.156005898745
1230434,24177.93124462475
1230435,24124.033753557094
1230436,23740.77007368042
1230437,24232.596245719345
1230438,24202.75527556171
1230439,24255.625695860585
1230440,24181.436440182923
1230441,24070.554837568492
1230442,25236.09592167905
1230443,64210.81290358044
1230446,70825.24920569872
1230447,75585.58761371259
1230448,28210.101670443222
1230457,67361.04126076259
1230458,64345.92153967163
1230463,21529.263160085786
1230464,10141.155549859153
1230477,12560.773345637468
1230481,35603.5395468707
1230495,123567.65043054397
1230496,128355.34404724484
1230498,37824.04247846612
1230499,34199.931634418645
1230502,28159.27166952027
1230503,18686.522672637086
1230513,57498.4048736835
1230514,57082.724643973015
1230519,38297.00319944531
1230520,38305.69685566806
1230521,21542.161657656296
1230522,27505.916586915366
1230523,30371.78979182975
1230529,6418.059568168497
1230530,6589.644922461949
1230533,71198.81008084703
1230534,40560.23337959344
1230536,15928.228159270013
1230538,12910.648434833216
1230544,17451.29118789295
1230549,39129.647202966255
1230554,11917.272649793018
1230555,49882.89002379843
1230557,7410.566645891451
1230559,78698.92218724059
1230560,26979.133121834515
1230566,20241.116093889676
1230567,28504.28891278209
1230568,37085.330224752826
1230570,64090.90018174252
1230571,12252.94039293793
1230572,41793.22370569768
1230573,65303.91038553668
1230574,66213.36383192091
1230575,19844.60097112833
1230576,31098.850944014754
1230577,38492.79485137975
1230582,58931.05187732728
1230583,68332.3051745809
1230584,66476.19648338012
1230585,35776.177181791136
1230591,9657.654083054485
1230597,13165.697134845492
1230598,13279.776784433769
1230611,29752.926937038963
1230613,47398.86160782163
1230615,10500.862079508273
1230617,28272.130142186514
1230618,9669.912765525747
1230619,9669.968103090794
1230620,10184.162530634743
1230634,44017.9359625212
1230635,38644.67151318716
1230636,12951.779356183015
1230637,11035.716411771557
1230646,54589.996271903714
1230650,90623.96244185332
1230653,24009.636833097276
1230654,13032.657100428609
1230662,16047.85079952935
1230668,20051.30361112665
1230669,20026.802435460195
1230670,20297.369879245256
1230671,20874.171502644644
1230673,42819.40954096391
1230676,22745.129284316445
1230677,22194.516921498976
1230678,23657.052365210726
1230693,33591.371812000914
1230697,9342.240045109447
1230700,11705.135949716847
1230701,10880.079466955172
1230706,45382.64452389679
1230708,20930.92691955714
1230710,23897.46886474665
1230711,24720.41398220799
1230712,12032.441806407369
1230715,12960.021250152367
1230716,29213.4081794726
1230718,12905.785515364465
1230740,18841.39081180384
1230742,15394.02873324268
1230746,11406.754757621175
1230752,17530.010289341244
1230754,47672.63635912254
1230756,48351.628511183015
1230757,14419.86325859188
1230760,30645.964134826063
1230761,40898.01253845145
1230762,43968.13421798805
1230767,11308.397341403484
1230789,22179.429770556962
1230792,11488.181679497196
1230810,58619.6753664137
1230812,62206.02824282657
1230822,50584.532652611364
1230826,75380.28056176526
1230885,32735.999984141898
1230886,34423.56108864767
1230887,13441.568667625881
1230888,21402.2942295237
1230891,33447.74118349654
1230894,54548.830734037205
1230905,26663.889568002593
1230909,44592.28107372712
1230953,41668.37576132007
1230966,53227.081557284866
1230983,18620.627140405348
1230986,84569.01132710352
1230987,37441.419046720555
1230988,23459.87386655592
1230989,84205.72958504863
1231007,8331.555670877622
1231014,92338.34768049172
1231015,73995.91193793158
1231016,98478.00409776739
1231017,12076.406087566858
1231019,53876.19588432545
1231020,85816.62032773174
1231021,41120.07986916381
1231022,18005.784377602416
1231024,37566.462105877086
1231042,22288.295084715224
1231045,17198.8179014854
1231046,85118.09228937578
1231047,23023.30788507531
1231048,24313.06323610636
1231049,23304.221752608813
1231050,24402.59305367443
1231051,24458.325805151224
1231054,16663.8332467652
1231060,9454.990041679433
1231068,58787.96700348
1231073,27379.582639305958
1231074,39018.63496637411
1231075,37718.53276004782
1231079,26532.387746536708
1231080,35530.746341498765
1231081,40352.65607937299
1231082,49007.93745290408
1231091,22232.629568999397
1231098,30347.613018440275
1231102,11052.675375065424
1231105,16795.85063794417
1231106,15033.904299552345
1231107,18904.785812776445
1231108,9941.915763026864
1231111,17640.214955361014
1231112,12878.57471042598
1231113,15295.769746305099
1231115,15970.62261554674
1231120,15932.421508754267
1231127,23224.081024876585
1231128,23356.777770612756
1231129,15464.633629630604
1231133,28667.78301084511
1231152,61261.04977932227
1231153,58763.023136832606
1231158,16433.343248860318
1231159,32068.903834406625
1231160,108099.07345161504
1231161,24062.223098039776
1231164,14440.562321239686
1231168,8110.643012017042
1231183,31638.37985491685
1231184,19033.08769897666
1231185,18620.342999092645
1231189,21019.70708990317
1231194,44947.302725867026
1231195,29314.83081150122
1231196,32053.798776449996
1231197,42289.994436459405
1231198,63637.99882572179
1231200,14443.923213744727
1231201,45797.212957788804
1231204,13482.140441340951
1231205,10119.879463670653
1231206,34488.49397501329
1231207,19654.51357128311
1231213,36594.51214727888
1231242,10235.783254380107
1231243,8232.169715045731
1231244,12349.26124306718
1231245,13536.90007009514
1231246,12747.645544126448
1231250,19002.86994456344
1231262,36127.30968801457
1231264,23432.839249191016
1231265,18937.917821386476
1231267,13248.618178500648
1231269,20560.25560202495
1231275,20504.642123248155
1231276,36645.25728828986
1231284,13023.983942366518
1231297,11271.678586135404
1231298,23540.401654102123
1231299,19245.81479048573
1231300,6491.006878834223
1231301,27060.356918843172
1231318,12580.843615151965
1231319,28094.14139670418
1231320,13853.343394471322
1231324,36712.80520118961
1231326,19788.394078989804
1231331,35770.41140446794
1231332,56730.50483288553
1231333,38111.80185898319
1231334,64919.53521038197
1231336,9809.849315998033
1231340,11242.08920953215
1231342,32557.905286201873
1231344,33995.06342436586
1231346,11365.694262985631
1231347,9111.036692780317
1231363,56164.7185265408
1231382,11409.768717012634
1231387,62096.314079098935
1231394,34214.67749301485
1231395,31336.55323100465
1231396,40633.75744672635
1231397,27714.25424803694
1231398,68820.45233198984
1231402,21666.1165835921
1231405,9344.797682226003
1231418,15227.562259332752
1231427,7200.205951046919
1231432,14112.940687786866
1231438,36202.74062324753
1231439,10578.455863054121
1231440,18523.561857394958
1231441,19131.39955627363
1231444,10841.938334906483
1231445,10734.85565057479
1231446,104603.85573380986
1231447,22958.382873507584
1231449,30784.638607353652
1231451,44786.585888339534
1231453,32761.641999275376
1231457,49785.31823492033
4244769,7367.519451117113
4245421,8915.980521800348
4245631,11779.341769578958
4245744,7232.707909923872
4245803,25141.589919432376
4245945,29080.424599714603
4245946,29453.82976480954
4245963,36573.57801713439
4245974,38865.43689960842
4245977,31441.238407796438
4246000,29368.27878682251
4246035,15153.472003008248
4246304,24302.72372201467
4246330,24205.34065360723
4246394,34453.97492904036
4246516,40258.287770947776
4247100,62770.02372556185
4247186,45252.08014143136
4247558,6752.626197925324
4247587,7049.186336539663
4247591,8490.942847573571
4247806,9838.474659932268
4247847,8214.851263688395
4247848,7941.976922614091
4248148,10472.257188724212
4248188,10243.312953927478
4248195,10215.165998179838
4248592,12882.43212471249
4248639,24285.06862589398
4248804,27509.82552797511
4249085,59511.706405321784
4249434,11632.418209932337
4249500,12218.898919913488
4249501,12994.875460627685
4249564,13658.858807557692
4249598,15188.28447537824
4249657,16198.268516236907
4249784,19052.884015805725
4249870,19222.591138604523
4249900,19190.02260429224
4250006,19689.053351946928
4250011,20518.88361911529
4250165,11244.169517578786
4250166,11456.690849228771
4250170,10347.397384014968
4250180,10182.744483483531
4250181,10306.433501554407
4250187,10139.849871621182
4250189,10242.765863199917
4250195,10302.197670336633
4250196,11277.678941476099
4250532,19564.594120813956
4250533,15729.559992474817
4250720,11161.40570818609
4250723,21452.91395346555
4250724,10722.29011980057
4250736,11589.097416896884
4250737,10740.969781279886
4250740,21407.561114624576
4250761,13764.65529178783
4251102,26440.238373878077
4251551,21978.189915817788
4251556,26366.960580790826
4251567,16884.442738957776
4251571,25380.23992485933
4251577,16974.764826183684
4251578,25195.309637622704
4251599,14409.67602861392
4251600,21679.800055205855
4251932,19253.672416588102
4252078,28436.32660058281
4252090,28511.140296034933
4252210,27306.644254331884
4252211,29604.60992146564
4252220,28595.039878196345
4252230,29013.993959023745
4252433,29614.49350930683
4252435,29805.809160870336
4252518,30534.839598711776
4252528,24509.276634640963
4252745,31419.17670906097
4252771,31835.998307971277
4253077,102172.5015522644
4253122,32624.359176592043
4253168,78295.86658911445
4253319,16535.36075426737
4253334,16450.655365061702
4253816,22805.16616849507
4253821,26684.953609071268
4254197,32156.43283304724
4254420,14581.588709151016
4254430,15987.813247497537
4254432,15914.349364593258
4255593,26210.03777614737
4256309,38285.390385031664
4256767,19619.510448258177
4256944,22502.80201377179
4256946,20932.224505445884
4256949,23129.6081677304
4257562,52747.11869910982
4257625,10476.592911081729
4257911,17296.6768290585
4258258,22380.953916535782
4258379,20872.539101050595
4258743,94787.28746626421
4258746,84765.70859282403
4259415,68024.10730692591
4259422,67988.9547943672
4259441,78925.23484015666
4259443,82257.74998587562
4259495,35113.70792725193
4259919,27427.48808490745
4260544,111428.04962018518
4261266,36440.36940616756
4261719,32721.61052645866
4261850,34384.71251911366
4262040,27209.05513113109
4262383,35980.796350394754
4262648,84485.65800701675
4263175,59770.10709208494
4263629,47225.64062227258
4263635,44091.88232586542
4263640,55308.87532994467
4263743,17150.120776872
4263815,18406.55737738682
4263994,14541.605255044227
4264243,11602.988526583697
4264883,11574.361852427888
4264937,69121.64414546006
4265049,43052.648443767175
4265438,55107.48327380034
4265461,40524.081636888586
4265929,58885.04042337031
4265934,69786.46487321611
4266464,27410.54303798825
4266504,27704.582070776185
4266674,99771.87067685454
4266675,111075.80104350738
4266764,57490.78321577743
4266861,50475.767278008774
4266946,11351.296863481351
4267214,22130.008264348675
4267312,22014.419370364856
4267490,30068.99505618241
4267760,45194.97672909598
4267763,55441.90627987314
4267780,58972.880991465965
4268060,99308.70818323642
4268061,110352.74853513084
4268197,54401.285957953274
4268315,18294.23467307471
4268505,38775.10119315427
4268714,9009.147832925564
4268732,11148.596122970877
4269337,67665.91234731062
4269357,76929.0859138904
4269612,27038.9707730986
4269613,26999.982684302417
4269930,42171.14251126642
4270060,14318.232256200878
4270062,13026.667282746579
4270063,12978.46400346563
4270064,11651.816442644078
4270066,12944.530331129305
4270914,19625.648805482768
4270948,20694.186222830525
4271189,45351.449493108026
4271195,39555.05323815343
4271342,51350.57083630891
4272082,19362.576166389485
4272591,21396.906200018107
4273027,51322.66399769433
4273392,66904.93631796133
4273722,37279.51353187022
4273931,17487.812561416024
4274690,23520.765371773497
4274691,23176.199660167167
4274696,20704.984886963357
4274697,21432.811151813145
4274815,34572.404048090524
4274826,34117.6413865045
4274831,47659.31693919749
4274833,43691.08390441998
4274835,44270.283017724345
4274980,19460.176944600586
4275096,40732.11343247078
4275711,43983.35825394179
4275938,68830.75752393922
4275974,69591.13502781854
4276745,34904.59772894875
4276755,28287.098766926974
4276783,9655.664666533814
4276968,60649.32817471344
4277375,15127.422232783458
4277918,26478.847519543913
4278243,128336.98383820079
4278560,103034.95956231155
4278585,104589.89041111662
4278605,100143.17232172062
4279417,10898.420700305638
4279545,30099.752500450933
4279558,30129.44946938317
4279647,13385.483846453622
4279787,30078.68943846045
4280254,40786.10645198589
4280261,41310.40340067541
4280269,41089.30673709146
4280387,68217.18572748345
4280816,35555.62716273704
4280951,19747.106135152462
4280967,27236.939204772145
4280981,26935.272987455748
4281010,22574.963040741215
4281148,29103.231056518915
4281444,14770.63205201125
4281446,14238.662824812847
4282082,14762.815654776055
4282086,15982.888863046603
4282094,15246.483065223048
4282098,15395.262057496257
4282101,16225.527706449984
4282165,14471.252575350276
4282169,14355.424478119645
4282170,19521.687746493393
4282688,61701.683560615165
4283019,55564.33992768029
4283027,41790.87214527006
4283115,15244.360207599644
4283328,12401.66699963124
4283540,97404.41810827644
4283563,94748.15357858883
4283644,10706.99193264803
4283896,71222.17200473143
4283897,56075.445126475126
4284166,75562.81218972024
4284323,20186.44282309426
4284463,84994.47008772998
4284586,40920.71936406292
4284685,21420.284557211773
4285836,73582.1979138422
4285868,74117.531513576
4286326,68105.18295687228
4286331,65406.37837961191
4286844,97442.13998709038
4287990,70269.58479625535
4287993,71381.08673848948
4288012,92451.66445381948
4288368,76465.49311855597
4288437,77193.36383848672
4288817,101090.35268741407
4288823,83196.91653414715
4288924,128084.98034963667
4289099,64318.80348069597
4289100,74375.48458493681
4289105,65162.12927222956
4290669,95199.21581993098
4290711,72086.8169809208
4291384,19391.331440766768
4291393,19341.093033873287
4291629,79371.86593502318
4291634,86724.43363353184
4291989,35931.00557523357
4292332,83444.83758577361
4292360,88795.54763426076
4292489,27896.859287424435
4292494,27678.911687285654
4292500,26670.45121725509
4292638,27018.19417473919
4292922,30954.657319741018
4293144,34553.81297149756
4293743,16050.805009121013
4293747,14643.690340053101
4294223,103755.0771979899
4294433,59149.8579831943
4294505,32549.771047429163
4294701,86784.3347715202
4294924,55716.04860292586
4295041,59387.65431807769
4295047,47112.1442412863
4295181,47310.88590025107
4295201,72689.3563300098
4295202,58623.14158090297
4295212,72510.93049115728
4295951,54839.57775719876
4295962,66707.36473250712
4296045,88331.01056848215
4296384,35112.904224567734
4296544,67692.89218260354
4296553,55045.03014573795
4296561,47069.928406497056
4296714,26442.306193784472
4296754,98794.07099475431
4296762,101388.79016803326
4296777,96770.17465327198
4296937,61845.96158310364
4296938,55957.48846812514
4297025,103642.43489974349
4297030,107739.98228955906
4297417,99576.33728381898
4297442,93395.81313754259
4297547,14596.393309964105
4297561,19290.175269323674
4298119,71024.17840831513
4298148,104616.62566063693
4298165,28573.694414028396
4298236,32617.14153471235
4298467,29882.886222169163
4298468,31171.92778255487
4298487,30009.06261496793
4298488,29647.89619123375
4298675,31597.671619320234
4298676,32084.138405117166
4298687,32354.293816294117
4298963,35180.143901775074
4299065,35608.836941962596
4299362,16878.018779233727
4299374,57393.32612182955
4299706,70680.98474638698
4299840,17065.846749556466
4300136,42138.73886430006
4300137,37600.656734796416
4300245,41626.7103808061
4300714,29638.28411679751
4300924,11742.471427962046
4301144,26479.605124895945
4301150,39122.10971457798
4301208,82317.2351110697
4301628,97197.67212614501
4301720,16967.643006102422
4301724,15662.793917652412
4302437,14195.51676100575
4302509,104702.46403909063
4303647,71718.85591338114
4303674,73919.73670294162
4303907,17218.677017195725
4303919,14659.047311665598
4303999,62089.80015328286
4304301,104318.83434885181
4304825,49353.66112937494
4304827,40181.03596649973
4304963,12429.221563139232
4305132,58266.30682210516
4305140,70854.90774546744
4305249,16934.598073344852
4305267,17112.65610950846
4305316,15406.74846149052
4305391,16051.76945432603
4306330,20624.200892874254
4306772,74783.81592529887
4307058,46162.399785062145
4307219,86520.55076757156
4307332,36582.40378145917
4307356,77973.58519474477
4307366,14558.201933598866
4307367,14474.951934655872
4307933,16055.581876336339
4308370,11684.735081649587
4309548,44153.82375978408
4310375,10017.901872041593
4310436,14553.121006661786
4310490,15164.199501691093
4310677,21880.74930129353
4310923,14674.392396058247
4311125,17533.655382824694
4311132,11964.375884209392
4311270,27629.9083357335
4311349,13243.842699134684
4311588,38245.06505075435
4311763,54449.55767976794
4311772,69730.98047757457
4311815,68434.82565635706
4311967,28599.185417589644
4311968,30542.703347502687
4311973,30581.81914931086
4312078,39440.12583979384
4312082,45475.44764438879
4312117,52717.6987588229
4312550,56185.45154413981
4312551,53084.73183270737
4312552,43868.57418587559
4312605,74944.45902096652
4313048,70017.52448067722
4313072,49088.2533078833
4313083,49357.09723288939
4313086,48849.423449987116
4313096,49036.03538193383
4313112,66558.41056265676
4313113,73839.83710178571
4313251,14134.655060124685
4313273,29243.90405281933
4313343,55299.11788332593
4313366,74651.42003231509
4313471,58714.1750538522
4313963,32815.83416384977
4314012,29804.160499142716
4314023,34485.007626306324
4314024,29652.477158404243
4314109,12925.223534443321
4314149,10678.171852714064
4314159,10124.17552534615
4314160,10706.001420585108
4314541,34178.93302513495
4314610,31087.523220193118
4314611,32071.870643259725
4314720,42696.74869255539
4314725,47027.48129939945
4314727,35366.71266092395
4314814,53629.66896788003
4315157,60963.171047668344
4315158,52512.51859473358
4315167,65937.60863240037
4315221,100516.62263982126
4315589,54377.32172458521
4316069,49877.56213405507
4316392,78920.79403963221
4316477,22970.209636377982
4316635,25904.052304603996
4316647,18646.466590097756
4316688,21687.534416339622
4316916,9497.233949726782
4316920,10491.171688328226
4316921,10487.640124330994
4317459,6525.391004639678
4317644,32954.4883993579
4318172,10979.046117168618
4318381,11402.012376369301
4318650,15426.892362323266
4318691,8742.159625232283
4318721,9597.014406794142
4318722,9622.421143318124
4318743,10197.643830655375
4318746,9437.38540503931
4318773,10038.906132237125
4319291,17859.998427426384
4319305,17878.37006374082
4319308,23031.7192168166
4319319,16776.09515797389
4319325,22772.174079027078
4319329,17512.18032367466
4319332,13996.1487181463
4319339,14760.380037880741
4319345,18464.051222566308
4319371,25653.13633615446
4319407,9226.503808670755
4319441,14042.478543093295
4319485,12200.79068532843
4319490,12371.730768308671
4319529,14671.537582627096
4319579,13894.72064607092
4319584,13620.950662781801
4319645,14386.098449244206
4319669,15638.001278897837
4319768,16416.237229534974
4319847,18492.741991411807
4320025,20709.03336972263
4320028,18973.65920760082
4320029,20825.393973185208
4320122,24460.51856913214
4320193,23019.377793829415
4320212,24651.99645934444
4320575,26464.60857238323
4320584,27121.590391885795
4320915,29095.18294176523
4320928,28543.73408421636
4320929,29110.448500274644
4320930,28449.157229643286
4321032,28030.41817543982
4321040,26634.356715904276
4321056,27732.656557694936
4321263,20766.944021352992
4321307,20756.885083911704
4321358,25230.657146545313
4321420,28130.12144699942
4321475,26954.340549356708
4321748,33233.17649027711
4321769,32147.356469718678
4321814,33433.51716312373
4322339,21965.34458468223
4322398,27310.863481281373
4323066,32152.01698490689
4323113,40717.23808376744
4323217,46163.412367688215
4323382,14373.864872595526
4323706,18256.76055950696
4323922,24468.451484663547
4323996,26007.822882482695
4324084,35475.01421055712
4324085,43608.2015920261
4324248,49438.409631010625
4324250,46331.058155633036
4324505,67730.60451248023
4324637,16643.788568241016
4324669,14823.879273361646
4324711,15247.77728098289
4324791,33135.06838497226
4324834,11863.699722575195
4325039,41057.342771381765
4325230,17276.085153962475
4325466,104943.3865365893
4325637,16655.72987759672
4325987,16881.222403470405
4325988,16898.812916335075
4326147,31104.78333557159
4326150,29758.60258948057
4326233,10938.15836631346
4326437,9860.315861331097
4326699,14660.73909945771
4326700,14670.893926922014
4329901,23563.155334101382
4330204,10153.22409922492
4331970,10012.390286670616
4331992,10853.277592381059
4332248,8717.230880127161
4333483,20708.06561161558
4333649,22008.730314207693
4333858,28619.13058575314
4334240,64890.69014048818
4334319,54670.23070378931
4335058,25623.158927348984
4335121,42801.77170938234
4335122,34644.324230624996
4335126,39164.18148414329
4335530,92263.96554880215
4335531,92404.50567902603
4335620,78220.038904931
4335883,79653.19498534406
4335931,71657.25633872427
4336204,63716.095175608214
4338675,93106.42814584837
4338677,93190.37645213674
4346657,31183.79183906046
4347823,64104.83769515155
4347826,65901.39741949053
4347828,64820.920787090734
4347926,11350.051896447596
4348340,56061.43546643976
4348342,56036.41928680489
4348984,69927.43641309318
4349003,65799.28344960112
4349362,33658.26580433022
4349834,21159.677477266367
4349885,30711.795990270508
4351836,54515.59830930029
4351867,39187.943816183724
4351918,37142.70654542062
4352532,38451.921021814545
4352646,19476.274793365712
4352753,45312.3238027721
4352787,81596.04915569954
4353038,13742.19857555592
4353103,43532.32620695655
4353104,37415.21863882567
4353105,43827.133021204
4353240,28074.990492170604
4353242,35873.277109903276
4353290,17630.947381050642
4353529,41202.1625860723
4353777,33318.63969393114
4353789,27272.393691421603
4353975,32731.254821791685
4353982,34323.37921682245
4353983,32556.911682427402
4354007,50269.81925808811
4354008,44011.55550622628
4354273,26127.553432743207
4354444,54848.051019902916
4354785,36116.66477245921
4354842,19757.97591749021
4355716,21382.320430433654
4355725,21549.45642421253
4356277,12597.365050962317
4356291,16995.110833877654
4356663,49952.91899307606
4356667,36053.858251391845
4356986,18672.609020930515
4357080,92022.13255107088
4357256,33029.846410204875
4358068,20922.52450294062
4358383,25383.120535272054
4358578,24287.894432266814
4358750,77101.98406072814
4358832,21321.006014706534
4358845,21381.280426827198
4358846,20241.63731902838
4359132,45187.30518113885
4359152,27426.284850447275
4359169,76016.7274153809
4359825,56938.045370284686
4359874,50292.2611167775
4359883,81125.52864706943
4359885,61152.06913955823
4359917,42692.758343890404
4359919,81027.56222635212
4359937,14024.4632583276
4360167,26927.362112377803
4360242,58390.74520349291
4360344,23236.133295777083
4360989,37465.42242832968
4361131,15110.3207869188
4361480,31550.214781555253
4361518,102750.09730887263
4361797,34638.11320052219
4361902,49687.51081257017
4362065,75238.21777501199
4362139,65978.24418491378
4362237,88754.65517036765
4362238,88707.77478596593
4362276,76371.33316325785
4362801,10794.146165134762
4362802,10744.894080409147
4363091,88724.01933494284
4363093,88864.76059473284
4363646,89064.48382578907
4363907,93857.0848270673
4363919,18578.24926065278
4363920,18666.857747932194
4363925,18951.75803059012
4363933,20447.891921184117
4363939,22293.014577965187
4363941,20419.439422689917
4363942,20401.686447013293
4364082,18609.70857760676
4364085,18424.26113858532
4364522,23226.96059459914
4364527,22978.513909999772
4364552,19455.815921515346
4366781,13681.022765388563
4366809,13140.231608898923
4367025,21986.97432513663
4367062,18629.721952014792
4367110,23056.311969274528
4367120,28811.269360019294
4367122,28866.772389043275
4367162,76904.87886168012
4367177,20665.528995030578
4367342,44231.33074805993
4367353,50510.48699716296
4367401,52876.76160500172
4367475,78794.67436011927
4367538,28750.498307530946
4367540,28592.694641815786
4367572,28548.79789595746
4367573,28677.16239874837
4367578,27072.43762802752
4367628,21489.28178631749
4367635,30359.076489261333
4367638,34351.01806998174
4367659,45944.20164019611
4369537,11603.89600898409
4369540,13803.01600619047
4369542,11397.163264725217
4369543,13547.20676804246
4369708,17803.027004480846
4369712,15017.510112256039
4369846,19301.124887175392
4370052,7593.631359008877
4370053,7566.584302512868
4370231,5994.559181567219
4370561,8105.76314924175
4371353,8082.001371643722
4371386,9317.048701634447
4371458,8187.130023482393
4371543,9010.943895947637
4371712,9730.372629501715
4371730,9068.10568457496
4371930,7912.738294108392
4371969,8522.212079974543
4371970,8681.43644417095
4371973,7934.572013607083
4372022,9468.111214020151
4372100,10325.925008154645
4372101,9371.833726876781
4372105,9396.124592985338
4372256,9159.035413758142
4372260,9440.284219036188
4372508,12441.674899427398
4372513,12650.666730888144
4372514,9570.980951318848
4372720,12300.689785281338
4372835,15457.850495899902
4372837,15073.357903859347
4373001,6352.732983194981
4373165,9875.704186182717
4373351,10498.57882655011
4373357,11785.882127147588
4373517,15140.614796838581
4373835,12321.014312121964
4373840,12214.669321304053
4373854,11412.598428653691
4373856,11508.996779593377
4374225,17219.169683154578
4374466,16361.717396776778
4374688,11258.484743530562
4374693,10958.66678918012
4375186,6646.570453100453
4375209,25559.164888234962
4375293,11751.154207769507
4375294,11997.124750320445
4375296,11820.881780590655
4375297,11817.973388350696
4375301,12349.873720855085
4375395,13968.211065435942
4375489,12103.688235400337
4375491,11942.725869417636
4375564,16505.565986157257
4375753,17114.337240066558
4375765,17185.536581988013
4376303,7135.421693667566
4376539,10358.081154094667
4376548,10353.833973451574
4376613,26659.592308472707
4376623,20204.991251763247
4377062,13262.259246108939
4377065,13264.827207102315
4377076,15447.622441168853
4377153,18085.538341676325
4377274,10820.719466224287
4377285,23689.067032280105
4379950,20339.63368979872
4379952,19869.466689027722
4379997,22359.235154663977
4380508,7087.506942683328
4380509,7102.103544659121
4380531,7355.961806667308
4380907,10765.995077765145
4381019,12809.875968514514
4383337,19192.51183572445
4383338,19267.66986909982
4383417,7073.797159916805
4383572,9662.666281522965
4385638,17372.395355016237
4386476,16463.133263996355
4386630,24566.026172234266
4386676,11755.660578041257
4386721,14232.919643002206
4388054,51397.21399256939
4388406,19196.905384734102
4388453,21668.554998757674
4388455,21717.33954667031
4388626,21621.673984129608
4388671,24824.8406241929
4390262,11409.931950536005
4392603,26076.39681966473
4392690,30287.269689756242
4392913,32011.487499731822
4392951,48999.151390352024
4393021,55090.19521174079
4393040,40260.322717558694
4393127,72033.07585248942
4393131,72270.88453189062
4393195,84924.46482370658
4393328,61935.088347923374
4393343,43849.91872396917
4393490,19013.60208741484
4393536,25236.168125692944
4393568,27900.29160442195
4393914,71786.73822366017
4393915,69582.17589326444
4394767,29437.569962193644
4395137,75551.49910376902
4395150,79290.91267156044
4395155,69876.10476814226
4395166,84738.71238838627
4395170,25898.00029081189
4395258,9563.589679041113
4395260,9596.556748714234
4395261,9456.640467768932
4395563,76884.78546082762
4395607,93327.61032343548
4395637,78026.32593589165
4395660,79432.3699787719
4395717,19427.984092513758
4395719,19502.706328447617
4395721,19586.232095059167
4395727,19584.027997937883
4395869,10635.989905089737
4395936,39454.49700106012
4398799,10837.771860992625
4398905,11671.113443586177
4403585,17552.327460555294
4408235,13926.070413493753
4408493,15956.189464401716
4408495,16955.154668289226
4408824,32620.06573166085
4409244,9424.77423147137
4409306,10436.08306364622
4409367,12287.018102712307
4409613,11865.600804842994
4409636,10568.875316080957
4410505,12279.988853629939
4512375,25156.028724818025
4512376,46829.66216190926
4512377,22362.00749617149
4512378,27032.447366725097
4512379,60367.37611815992
4512380,68616.50444478427
4512381,14723.472687825642
4512382,17205.83982898717
4512383,41189.433167884265
4512384,47354.98881072271
4512386,84049.03833293651
4512388,65669.20171604252
4512389,32748.30314725559
4512390,92195.79792900752
4512395,25310.47908029707
4512398,28659.062659803367
4512404,18645.79082516435
4512405,21362.854245343828
4512407,9586.60351094711
4512408,10598.663938511758
4512409,12283.90130596717
4512412,7388.102611776589
4512414,10163.620159208573
4512415,11883.132260888302
4512416,10981.161541292999
4512417,11878.07855383055
4512418,10934.048775061943
4512419,11727.339532885922
4512420,10753.505919242896
4512421,12919.430951261511
4512422,12830.221867068409
4512423,12821.267650319158
4512424,14219.351590196966
4512425,15609.183193400608
4512426,8949.85619397975
4512427,9082.872842385023
4512487,71883.40330139529
4512490,41525.71902321331
4512499,37651.288878407264
4512504,33067.16426810358
4512505,33528.25582866015
4512506,14031.259772371795
4512507,19068.190310656104
4512508,27120.29711682756
4512510,31800.160820757104
4512511,12857.857821649368
4512515,12184.46392391298
4512539,48540.59759034995
4512543,24475.429909898252
4512545,86864.32254689638
4512549,28991.865717727742
4512550,31641.306835700605
4512552,13171.838813104921
4512553,13444.132878657296
4512554,13454.84374477171
4512557,19525.933177218267
4512558,20903.197787464105
4512559,22201.122099985085
4512560,18085.331358855623
4512561,20921.48690881632
4512562,22955.952571255002
4512563,40644.066872630145
4512564,20959.05263402558
4512567,15942.879302071608
4512568,15530.969799739076
4512570,54885.202369413906
4512572,15847.947656327715
4512574,17291.72863189992
4512576,44952.018237807475
4512577,37388.180784491
4512578,76004.1141310942
4512579,74287.51135341874
4512580,66575.29732055844
4512581,79780.84097723509
4512582,27808.562723465835
4512585,60080.66087338935
4512588,44721.62420895268
4512596,18919.503988149452
4512597,25685.353397970524
4512599,39651.44109070288
4512601,19786.714485588785
4512602,13049.435777624763
4512603,57453.950309871965
4512605,54528.02559354099
4512606,18085.331358855623
4512611,16089.658227494949
4512612,107821.39087769763
4512615,67169.29698722463
4512623,10255.532408534651
4512627,51667.02388397488
4512628,64731.03651659841
4512629,127809.45719599997
4512630,127830.78964738821
4512633,61761.38050447326
4512634,20672.487491926404
4512635,20016.548360930705
4512638,33141.958122924814
4512647,69462.10221855399
4512648,12189.031818712552
4512649,35759.08725754992
4512662,48309.31561395898
4512672,6612.771415734482
4512691,39254.11331851769
4512692,36628.66046539014
4512693,46645.93006287277
4512694,21163.633204304482
4512695,27948.574988701053
4512696,29360.941417088045
4512698,48465.66103462407
4512699,54623.482423885456
4512703,7903.83769096063
4512705,10486.64989915381
4512706,26518.777573160696
4512707,25563.284776528537
4512708,28872.003649065067
4512709,28865.340840978402
4512711,36887.162563871505
4512716,25538.989466707404
4512717,30610.794753875798
4512788,34144.46329515159
4512789,34135.8024624632
4512844,24852.414518239504
4512869,61154.401988509824
4512871,27730.408494356256
4512872,32396.656523046317
4512873,15666.782913666417
4512921,12202.222063008541
4512922,21412.032859660834
4512930,57515.73556793194
4512931,65969.75016578082
4512932,17536.966720846875
4512934,33648.893915925706
4512936,47122.52435219722
4512937,46627.33862944445
4599064,15554.628455495405
4599077,35559.45913616767
4599093,61505.33908719276
4599098,34780.55242523642
4599118,40448.24853658523
4599121,69715.81976136078
4599131,10293.456334008448
4599152,14175.993632002395
4599161,18663.706872877745
4599162,8283.040765483525
4599167,14564.895915206274
4599226,18867.014762606246
4599241,49513.95298875348
4599251,25249.722070040963
4599295,29130.333482516926
4599296,59356.115644527126
4599297,37191.76434417597
4599311,10024.477710444347
4599334,15904.547357570236
4599344,12730.174242517973
4599358,11410.225776762529
4599361,19419.981246373365
4599363,21191.9503330927
4599398,52080.55525382325
4599400,28308.500121611556
4599433,45135.19039521983
4599447,24294.612832753308
4599464,14864.61045802097
4599480,12347.895055910616
4599529,92112.48201605193
4599578,12041.281559634033
4599603,22388.810289873934
4599606,14354.794689682036
4599610,24121.572084674623
4599612,18941.06079350479
4599616,24021.042908604322
4599617,31069.591156539806
4599619,34234.84915546194
4599621,24266.014601462375
4599626,49071.40274300712
4599669,28682.414007901785
4599670,27754.56487571838
4599678,19061.226422274936
4599711,24280.94631781177
4599782,15137.192863480892
4599845,72267.16274036051
4599857,43465.78446353309
4599861,63749.16010619885
4640299,10312.93313672464
4640302,38852.9106367339
4640304,19450.157327499615
4640305,30247.347867234777
4640306,48503.90121837147
4640308,9339.798912256325
4640310,66366.48248474761
4640311,23524.30991116818
4640312,10314.989093437282
4640313,13185.136749439163
4640314,19430.44859558296
4640317,27625.982332422485
4640318,18667.943765966036
4640319,29793.36117797313
4640320,14162.57439393735
4640323,29508.43170259898
4640324,29767.260043959403
4640325,29025.313546001027
4640328,30167.23044808339
4640329,26011.74220128633
4640333,78521.39462224825
4640334,27036.31480900516
4640335,81884.5587648205
4640338,50207.533290460604
4640339,23070.301321097028
4640341,37851.61211841316
4640342,31898.42323854174
4640344,13123.61155978802
4640345,13391.68972858543
4640346,20111.325896193106
4640347,51150.41881626016
4640348,19936.681902901662
4640349,39012.71870317064
4640350,34573.72294394516
4640351,47690.46201893586
4640352,39009.51908557207
4640353,35154.251789509995
4640354,41933.31998179757
4640355,43912.357821618556
4640356,45073.97858331721
4640358,37448.41844404867
4640359,25908.474874042193
4640364,31185.011208435986
4640365,39644.02994249939
4640366,41470.944675010556
4640367,46067.31611962281
4640368,13947.045013256627
4640369,16757.833235881335
4640370,19786.75222769495
4640379,124307.56186294023
4640382,80950.01539926874
4640386,9584.372768401481
4640388,22919.944212014074
4640390,114523.96649752109
4640393,68919.76139068586
4640394,77603.10251262333
4640398,31576.76495858006
4640399,32685.58661638368
4640400,103439.11873575945
4640401,25964.650279150137
4640409,69308.84769940085
4640410,68979.73136590265
4640411,84121.77160601557
4640412,64610.27553627244
4640413,12569.66553317081
4640414,39622.90065327591
4640415,10108.216892819586
4640416,10293.613416144599
4640417,11785.050333838668
4640418,10822.886966403415
4640419,15242.891828362825
4640422,16823.650086420195
4640423,16717.70143720722
4640430,18637.790207561422
4640432,10821.121969150103
4640433,12400.85088723997
4640434,17675.799853374047
4640436,14163.803624054204
4640438,63807.91696299032
4640440,15831.133882008264
4640442,15725.120077180747
4640443,13350.75345140445
4640444,24394.37903915089
4640446,27246.34418466444
4640447,26085.7244913276
4640448,27016.15861800863
4640452,26507.196718821284
4640454,21959.41689159068
4640455,22697.49932849257
4640456,40401.29096553602
4640457,28193.909988540323
4640459,13248.289651239136
4640511,36057.91586158717
4640512,62913.97974225223
4640529,24103.496869133367
4640532,71863.52530064528
4640534,12988.927782376975
4640535,21679.014365399966
4640536,53696.81476956366
4640537,60110.23409104363
4640538,39956.15103799911
4640539,34897.14188520728
4640540,35847.8321297418
4640541,57881.22042687962
4640545,46986.86488039895
4640546,22871.599186275707
4640547,74802.71820865005
4640549,47012.369326882304
4640551,70385.14699410502
4640552,13956.465933151541
4640553,17639.743890389273
4640554,29800.522395943186
4640555,17985.97808902911
4640556,69978.40533969957
4640557,30621.131062132416
4640558,45556.751722528534
4640559,64276.492703429845
4640566,33109.29198567721
4640570,13788.437404575337
4640572,12207.250671365058
4640573,23525.925321465296
4640574,13405.017827682033
4640575,14759.197571126862
4640577,11838.36975151345
4640578,13777.119357510293
4640580,12766.309650632764
4640581,10214.367112016995
4640582,10276.72119648607
4640583,10933.350089547765
4640584,10878.367395667576
4640585,13930.826141676484
4640586,16027.889706600816
4640590,16315.188034252717
4640592,18330.439521782147
4640593,16443.502498817616
4640594,12661.953069668181
4640611,9350.904977198525
4640612,9989.859722104286
4640622,18931.832053832146
4640624,74378.10907613483
4640630,38870.03334578838
4640631,62024.99422720028
4640632,56424.45895084855
4640633,31352.994743396404
4640644,15837.64275906635
4640710,10476.532957985713
4644290,12371.140804596736
4644325,12939.666991883858
4644359,28080.560317595813
4644373,15406.101940199991
4644376,10338.164120864363
4644377,17152.14911314014
4644396,12339.112669614158
4644432,12853.578690112998
4644436,29851.780973392746
4644437,32532.764018656602
4940196,36464.04402097791
4940197,48510.516546072475
4940198,67264.42723121308
4940199,23712.642846206225
4940200,5691.609416149842
4940201,10854.457721348024
4940203,8916.703382199123
4940204,9325.7080605081
4940205,18985.823378545407
4940208,10922.989758879168
4940209,19064.917148135828
4940210,19532.619739928206
4940213,19505.66398190691
4940214,25213.145519888778
4940216,26973.73030826523
4940218,29311.895394208404
4940219,14576.291089292763
4940220,15093.526575342701
4940221,29249.03628405215
4940222,16614.06780681943
4940227,89049.45080941467
4940228,26639.86940216944
4940229,20883.570248073454
4940230,61819.956052329835
4940231,63279.11765980629
4940240,48751.22288356516
4940241,71656.91464634579
4940242,87153.25516254829
4940244,18077.88155466515
4940246,36981.7752722172
4940249,39604.72865094747
4940254,50719.69436478366
4940260,25849.906238121825
4940261,59990.5409468522
4940262,44591.430532501654
4940263,21834.4087375569
4940264,25491.683649998202
4940265,20910.076768859726
4940266,60908.892498556954
4940267,19032.869872376177
4940268,16002.442884019627
4940269,8317.708416184814
4940270,77021.2891304128
4940274,17254.991372715853
4940275,37058.9902139176
4940276,37715.72703673285
4940277,16760.518505752356
4940278,38840.0920758024
4940280,37331.42214678805
4940282,49388.032931587244
4940283,37589.47016204502
4940284,37986.50139926997
4940285,35221.43628005482
4940294,45234.56191279794
4940296,51478.794198372736
4940297,54043.289534736025
4940298,66821.21084918834
4940300,10918.469313483665
4940303,14158.37420389421
4940304,24796.256766171304
4940305,23448.443521158584
4940306,45342.756781561424
4940310,61165.01757493592
4940311,17467.792992171588
4940313,18766.96474644011
4940316,9925.32610504004
4940319,16345.075646838728
4940320,17252.06234728164
4940323,17723.234109882076
4940324,39420.42103360827
4940326,39121.736609307954
4940327,16681.897277493677
4940328,18806.795375534002
4940329,55374.162622457734
4940330,53263.38894628663
4940332,26118.73390342853
4940333,31221.048726069635
4940334,29496.92371078051
4940335,67585.68189596325
4940337,89139.17691747742
4940338,84509.02733763159
4940340,66550.79387845099
4940349,47128.05235728316
4940350,20552.1391854653
4940351,81299.94926114504
4940352,84697.426450489
4940354,32804.256475020135
4940355,30860.6853346022
4940356,78742.61579493008
4940358,31365.256755299615
4940360,16374.377706475458
4940363,14462.229002267206
4940364,101580.422859599
4940367,18251.711790073994
4940368,13376.473839829065
4940369,13481.600394117413
4940370,16156.101849181805
4940371,78574.28108677761
4940372,10355.117821131593
4940376,42943.323764201436
4940378,13241.948144700957
4940380,10784.565723922664
4940382,18074.726660176566
4940383,42997.45927816684
4940384,24481.499723454664
4940385,57867.4770627651
4940386,53914.12862940417
4940388,37752.43375037725
4940389,48331.896320071806
4940390,76543.99975607486
4940391,44997.56981363258
4940392,8669.082877538454
4940396,13050.070532197411
4940397,10561.086178481239
4940398,27496.21222240183
4940399,23081.4813028601
4940400,22161.985486261063
4940401,26287.36671711061
4940405,28340.862260718117
4940408,14442.80742090747
4940409,23511.43546755457
4940410,33623.42327512456
4940411,30633.63272845816
4940412,30402.682981449016
4940425,10899.51217719917
4940426,21688.444522556547
4940518,12428.56958917022
4940534,24979.925774664534
4940535,42057.31720078978
4940536,52554.00186844147
4940537,68123.371698116
4940550,17984.81167395618
4940551,33164.6917718956
4940571,15412.039200287352
4940572,25694.835260413056
4940579,24573.290217935293
4940580,33041.75580989012
4940581,34820.18028906377
4940582,33382.63455296292
4940583,32821.71844684774
4940584,47083.262724457294
4940587,15674.03144152289
4940588,16198.747436932439
4940589,15541.994166223112
4940591,18344.658080502206
4940594,8766.57433285246
4940595,19018.770905047575
4940597,29039.573097058867
4940598,84148.81202091833
4940599,84116.6373161941
4940600,87388.70999744823
4940601,94312.08959819126
4940602,16567.42127791422
4940603,25664.07483133482
4940604,20325.516599467937
4940605,25017.714840638673
4940606,36430.22288516595
4940607,14880.099752365846
4940608,15700.243762503376
4940609,38483.58160770501
4940610,88238.98425238067
4940611,74718.3012297161
4940612,83838.97098705136
4940613,89033.74104664693
4940614,83538.47634376428
4940615,84202.67802012233
4940616,82087.69372596957
4940617,97669.43025335796
4940618,98244.99063075068
4940619,87954.67220253873
4940620,87962.05404605831
4940621,97253.58381499787
4940622,87641.59940577878
4940623,97184.51020280873
4940624,97499.12213062351
4940625,101119.47216501192
4940627,40439.18433110831
4940628,73232.3007813383
4940629,76909.42627212795
4940630,9510.041844735366
4940633,64481.80642191749
4940639,11944.377595185175
4940648,31613.647122392893
4940649,42794.873701492055
4940664,10460.01896295986
4940665,11582.599970023008
4940666,11907.354129830177
4940667,11850.366764619546
4940668,11686.094775767795
4940669,11518.144077130604
4940670,12029.309270469641
4940671,16650.742704367225
4940677,22383.323347445734
4940678,18800.895188950388
4940692,7023.602575209575
4940693,9257.796869318398
4940694,33296.054555707124
4940697,39965.48812539475
4940710,41052.44852723534
4940714,18777.74275265693
4940728,22745.389594597502
4940729,24624.17522889487
4940730,26501.736760939766
4940731,44455.17110084587
4940732,31345.221317296506
4940733,47146.84343295076
4940734,63245.090188499475
4940735,29516.819325760327
4940737,17271.71937687434
4940738,89794.79838955442
4940893,8636.945300353327
4940916,7890.565760107986
4940917,7959.069366334285
4940918,8030.495755257147
4940919,13075.959942959442
4940920,14570.078224948093
4940964,9782.809355994685
6074115,49377.05960563543
6074121,59121.09554484447
6074135,13843.992079559212
6074140,10981.664276258827
6074143,15864.975988366745
6074144,20551.35516038098
6074151,15951.700797121013
6074153,19061.64454744291
6074156,10638.303039651413
6074184,99223.31729123846
6074202,48285.271854795436
6074230,89948.47499318095
6074254,13816.199998157013
6074259,83106.11756243707
6074261,60274.00941149129
6074270,20293.711540523233
6074278,32219.762612845894
6074283,66968.70935869218
6074284,61198.217751743505
6074291,15316.995609616386
6074297,109239.89078950438
6074298,65602.84959538546
6074299,11887.85930850039
6074301,11290.32454433217
6074311,14026.97811989461
6074320,10668.714686853908
6074321,11104.693718830877
6074325,10975.873744983895
6074334,24063.324650188362
6074342,19527.590635341105
6074369,21433.608360771195
6074376,31787.24373798512
6074377,34530.68697912605
6074378,22868.654619427314
6074380,69889.56734485559
6074381,71099.13271755546
6074384,11238.465674621451
6074391,76934.29509379124
6074433,66695.53282386129
6074434,57863.39331852307
6074442,13773.269922654565
6074460,36138.647043423036
6074464,53681.70987751865
6074480,102791.75195991526
6074507,55476.49697304932
6074532,15112.943867245476
6074550,31427.507976532404
6074554,77664.18399587374
6074582,11239.934244751119
6074584,13421.93022345762
6074587,21971.923473607403
6074589,31356.19436709035
6074591,43052.894799424495
6074592,49061.38875961027
6074594,52916.91766267085
6074595,59179.93250472257
6074597,67167.37525710347
6074652,9936.521796021363
6074653,16649.31353516074
6074660,18485.05385495021
6074680,20415.798025508135
6074683,30469.677633040825
6074688,31479.28321699369
6074705,41534.234533749586
6074717,16200.477849047811
6074721,17389.502526894197
6074772,24433.02993425392
6074784,75239.93988374977
6074790,91615.038973724
6074808,17173.36285914076
6074809,52246.36488424033
6074903,33702.978644649935
6074908,11598.894671348524
6074923,53567.40907333098
6074925,42443.81680080353
6074935,46339.18903667534
6074938,63359.91565612964
6074944,39492.10497960102
6074945,54871.69939179878
6074947,26975.788395372983
6074950,34242.09818951088
6074952,31199.85564793003
6074953,40281.56141026687
6074968,11521.440202178594
6074969,11811.494080482653
6074981,27436.383194118145
6074990,25453.979773884872
6074991,22261.357843623904
6074993,37019.603534150905
6074994,20923.701835510372
6075006,20271.524014515588
6075007,15203.937015732257
6075019,7265.786219739371
6075031,8533.61567444406
6075042,8541.823976867006
6075048,12315.480745181241
6075058,9820.174805332683
6075100,18895.917152079706
6075105,12058.336496627438
6075118,7097.965807323661
6075174,21337.564520084987
6075175,26107.377540874328
6075176,71441.69944184589
6075188,75730.40072686996
6075198,83309.42258073796
6075288,9672.772287545502
6075289,9889.701546701697
6075290,14073.920049105913
6075293,14929.583229555281
6075294,19697.899728646866
6075296,27211.90972923802
6075297,9976.224900815263
6075299,17965.13125672278
6075310,16289.51814443099
6075337,10343.489997566245
6251866,10547.12445425788
6251926,40328.11059885814
6251932,51809.129412877315
6251997,16219.803032106542
6252015,9759.082547284628
6252018,22226.90532280529
6252025,37474.28470597225
6252027,15232.137719490704
6252039,10899.148339423935
6252149,27176.63754394959
6252161,16716.569437604325
6252186,6146.616548948717
6252203,14276.846570448612
6252207,13730.669662710972
6252221,18098.686602839203
6254472,8769.233664603544
6254481,11699.577676798668
6254485,7212.137988096565
6254491,7891.679684287965
6254492,11635.058998750645
6254498,11289.839983650063
6254500,9507.556869865566
6254513,16577.236529215315
6254514,16574.390930551937
6254520,7417.220826930972
6254523,7737.213193854125
6254537,8881.504519192775
6254568,15476.20130877908
6254574,13632.829525885254
6254579,16229.040871465402
6254583,17145.149096245896
6254590,17077.618509736178
6254592,17269.578078263927
6254594,15925.949627880813
6254596,14737.240624982729
6254598,14990.893378773164
6254613,12114.498178112046
6254617,11791.548875669692
6254628,12164.237010807863
6254630,11983.859017396313
6254639,13798.580270552238
6254647,13906.586241961952
6254658,15878.311977867279
6256234,17481.842630558785
6256236,13666.625140181348
6256243,29714.53122935117
6256252,9614.715038310804
6256253,26077.665187032388
6256285,9340.208692925395
6256292,9396.339678559725
6256302,9892.078824376142
6256332,6814.832399992856
6256333,6784.660984928885
6256334,6816.4576148020615
6256339,18119.446469165126
6256348,33263.71239110439
6256372,9658.17913631397
6256380,10511.393495810305
6256475,27244.49930556825
6256478,26398.664147894207
6256490,15999.116098058017
6256491,10561.428658904408
6256510,10833.896307157505
6256516,9974.750181227897
6256528,10451.4826449523
6256531,10618.515631746457
6256554,10788.21784264986
6256558,10600.94873448532
6256559,10307.455865451926
6256607,9920.433140046642
6256609,8716.515875101246
6256629,8756.245718104945
6256633,8703.381865210993
6256634,8954.637743608346
6256654,8963.507443651735
6256657,10314.221750657598
6256691,10268.618470015424
6256693,11525.913452958634
6256694,11357.978714213737
6256701,12221.124999165559
6256749,6767.682129444271
6256761,24620.347569669404
6256763,25103.63769021952
6256765,22105.64451589594
6256767,24629.34233830088
6256770,43680.1265898145
6256771,43748.832239424846
6256772,43553.75405219948
6256774,26711.842038444967
6256776,26488.49598040569
6256777,28953.89983901101
6256782,25709.518223259503
6256786,25153.773614355494
6256787,25784.067177297256
6256788,24885.61956841079
6256793,30992.527175922474
6256803,25626.164867223397
6256808,25998.25032120439
6256815,36397.856309285635
6256819,26672.994926347383
6256821,32846.08058240155
6256825,30395.956836477064
6256827,31764.696907876096
6256837,30222.63602597974
6256840,33698.70394745453
6256843,42738.30304145188
6256844,58941.1691028428
6256847,32945.02968734852
6256864,11518.616463826047
6256964,20057.730091996385
6256965,19182.66661632487
6256966,18645.32847379367
6256967,20981.272253104373
6256969,22195.617648102078
6256970,21801.802105483966
6256971,15713.815953900243
6256977,19911.751062776635
6256978,19691.682433196987
6256979,22372.16146501106
6256984,23739.162552043872
6256995,22140.6481313654
6256999,21031.758735310395
6257009,25188.46228230045
6257010,23358.35939976402
6257013,24856.301960583172
6257016,14373.494735996277
6257022,34594.30423499411
6257031,42565.06092754469
6257034,39946.24467795477
6257037,46544.43466488457
6257040,45770.83990023409
6257041,42925.63489204777
6257042,52208.51010713399
6257055,25792.232534582417
6257064,36429.805965292624
6257065,34601.23338598166
6257067,38895.546085317575
6257069,69461.70474863202
6257074,37353.395644773795
6257077,39451.22352747211
6257078,41703.997134291145
6257082,52182.12761468011
6257083,52078.91620784187
6257087,77971.2056355587
6257090,44685.002158784286
6257092,53614.78749117768
6257094,76454.55528132679
6257095,77098.087009029
6257096,72849.32142893762
6257097,62965.120857350346
6257103,55417.37795047998
6257105,63952.545466909265
6257106,65294.44457003142
6257107,66395.41367313251
6257111,66989.91665671616
6257117,61536.84597173548
6257125,76867.99609847472
6257141,20173.60565848747
6257258,12018.059523638594
6257263,18802.186256962166
6257276,28143.028640525426
6257288,10198.373320594917
6257290,10911.411162978915
6257296,55545.26635653742
6257299,64378.69933263093
6257316,60320.35830160079
6257317,69111.03176124697
6257319,68631.68791479385
6257321,47317.97029107934
6257322,57003.40732714807
6257335,42805.200718667365
6257408,11141.53799053377
6257410,10621.493551639247
6257414,6191.518949147092
6257423,6585.617257898496
6257451,6934.080592432382
6257452,7018.452792030598
6257454,7691.520475344517
6257460,7645.20788910243
6257461,7733.066893919177
6257474,6912.526686154342
6257475,6723.6150975143255
6257477,6487.243683738717
6257479,6741.017056372576
6257481,6918.944898513809
6257488,7445.324584947483
6257494,7704.656066446673
6257496,7778.2941452934
6257504,6635.820823566665
6257508,7599.282848521969
6257509,6537.227422896749
6257515,9596.629972540533
6257527,9667.247714378615
6257528,9621.567663476006
6257533,10837.317057567658
6257536,8500.44775952245
6257537,10022.623040141709
6257538,9655.646247925231
6257540,9471.92283008743
6257541,7543.697753937605
6257554,9158.275440211455
6257556,9703.024197827346
6257561,10476.532957985713
6257572,8062.114688801974
6257573,8170.88821231346
6257574,8149.570163802002
6257577,7108.012970817685
6257582,9224.031330594249
6257583,8724.317587469659
6257587,8582.664797182999
6257594,9998.44816314071
6257598,10370.190233246423
6257602,11169.56298684764
6257613,8320.556972329587
6257614,8585.080013002165
6257618,8733.625551117371
6257622,9873.001257436048
6257625,11086.40717133254
6257634,8001.6639152429325
6257638,10226.513024975853
6257649,10469.38101772395
6257652,9266.524898833066
6257667,9139.50578707401
6257676,9782.454800846619
6257678,10651.237447478681
6257679,9753.145887778079
6257686,10755.249630922124
6257698,10201.515586899417
6257703,9450.617354614444
6257704,9681.282057441182
6257708,10432.65959438411
6257709,10437.128241671096
6257710,10081.989161896921
6257711,10067.537233518486
6257722,12029.446947221068
6257725,10652.802012217382
6257731,6289.588832680579
6257733,11386.46120857678
6257743,8762.010191133677
6257748,8884.690192496384
6257752,9775.123988293019
6257753,10620.804706824436
6257819,25800.769572225694
6257821,18006.454121760835
6257822,15623.07897428813
6257825,11720.999343038611
6257828,27855.916933247732
6257831,21737.149460597982
6257838,16703.899463513942
6257839,17725.02593401378
6257840,23537.011822834418
6257853,22336.046259526367
6257855,29297.278598018882
6257857,21507.140111951485
6257898,26628.81977416948
6257906,22603.81028083482
6257907,26399.01662379047
6257912,31430.745179813275
6257913,30194.978123485293
6257917,39457.77074625841
6257926,30511.958876020075
6257936,41304.848709108024
6257942,31632.044019951474
6257948,26423.550431837182
6257954,42720.943074055875
6257967,42022.43602807903
6257979,49974.4091503455
6257986,54503.589692697096
6257992,48866.24439465087
6257993,49196.140188260375
6257994,48949.96920359706
6257996,51389.51887508145
6257997,55611.04482565899
6258011,50588.343923919194
6258015,55430.06366227909
6258026,58104.88342822775
6258044,45905.659067850866
6258061,58294.709007502366
6258063,58903.85639383794
6258064,46459.817107635885
6258067,22330.359278223088
6258070,36092.66494080326
6258076,18265.050532661662
6258090,10551.913851526686
6258095,12051.001294869817
6258097,10265.034538605185
6258099,10740.744408149016
6258110,10233.32338554445
6258113,10641.489495762455
6258116,11832.30808897182
6258118,11037.495353298074
6258120,10819.00641610252
6258125,10914.190155403174
6258127,12362.035334360568
6258128,12780.563351991435
6258133,11942.76004074033
6258136,11434.039939382952
6258163,9004.94695945821
6258168,12876.265728535514
6258174,14063.9235478519
6258177,14762.632617577257
6258178,13799.89636383558
6258180,11550.51985121394
6258182,13160.976646661624
6258187,12508.959868570535
6258200,12764.605144680867
6258201,14042.6794381022
6258214,14012.684194410102
6258219,13720.14488348001
6258224,12412.174805553748
6258226,14074.698598243567
6258229,13017.054537569504
6258232,18397.255676554792
6258234,17609.252399394903
6258237,18270.434063592438
6258249,18741.190684536457
6258250,18234.06947930019
6258252,16611.722858522735
6258255,19518.206437464265
6258269,16951.047820816977
6258270,18074.15780337115
6258272,18363.458177688524
6258273,17248.7389993076
6258274,19087.040106711276
6258277,16451.18881743049
6258279,17752.788520434202
6258285,17771.558351458116
6258289,11331.458610968344
6258291,11058.759555722383
6258305,11941.085760894573
6258310,12007.347079483197
6258312,16374.83059927522
6258313,16251.360251582748
6258315,16340.633433288882
6258317,16651.139717583486
6258318,16984.481216349748
6258319,17281.869448068024
6258321,16193.7735315265
6258322,16215.982549374923
6258326,18462.149478833748
6258327,18374.880668836584
6258330,20084.26110343287
6258334,18401.67778577142
6258336,18372.637656246286
6258338,18763.510648820655
6258364,15586.73482048431
6258365,16686.066231577068
6258366,19173.79560752489
6258368,18024.47787135474
6258370,19163.08270635835
6258376,17384.793060014206
6258385,17385.058348187176
6258386,17871.567970662392
6258388,18341.998914236032
6258389,17569.32694673452
6258393,18150.578990696707
6258412,17498.373322387022
6258420,19949.61565371606
6258425,11973.017184299124
6258429,18834.79715772266
6258444,18518.209711862644
6258449,20681.440391366075
6258451,18402.994094932546
6258471,17003.99555271337
6258478,14351.892543498687
6258479,14344.14723456543
6258487,14557.160615568388
6258495,24559.818287106038
6258496,24551.340616748043
6258500,26090.277606390144
6258503,35104.86820938592
6258504,35115.9516946055
6258506,19897.532422419354
6258508,18409.787746709335
6258517,19974.49864962588
6258523,18026.62680384941
6258528,18721.664640090406
6258531,19512.678575501304
6258533,18863.884076617363
6258539,17352.921649478147
6258541,18469.088267963496
6258542,20560.86348199336
6258545,20029.954183558806
6258564,20504.563900580415
6258565,20485.056666847195
6258566,18145.871092381643
6258567,20505.61993177246
6258568,20492.56025872969
6258569,21427.29282600268
6258578,23290.223835511028
6258579,23259.90166790251
6258585,22138.241047204887
6258586,26363.716888686016
6258587,26551.11947113783
6258588,23313.51390179279
6258590,23305.822050132538
6258596,23901.434889733962
6258599,21894.484795473458
6258601,23909.1636908784
6258602,23916.666893380236
6258604,23904.238856191336
6258612,19854.50186355391
6258615,19846.89117829727
6258622,23406.728701523065
6258624,22708.02219715751
6258625,23419.0767696771
6258627,24162.440677980023
6258631,25611.480654483687
6258635,24091.293416501056
6258636,24119.80075874914
6258638,26341.67538652938
6258639,24104.531344111463
6258640,27876.32742221158
6258641,23751.36885557602
6258642,24118.834635794632
6258662,16133.897900064203
6258692,21959.437834686236
6258695,25693.83055627229
6258696,28052.10689784385
6258699,20759.77553936806
6258707,20078.075056605023
6258718,19351.09338128257
6258721,23716.646055375444
6258722,23286.403643217684
6258724,22435.792500441177
6258725,22383.387389600146
6258728,23389.76910261267
6258730,24582.596019614513
6258732,25353.845527011945
6258733,23400.25582524789
6258737,23394.16402906523
6258738,23398.31431142364
6258739,23396.953116187302
6258740,23110.42473881308
6258741,23367.583990214378
6258745,23800.052575279016
6258749,23713.072536849657
6258751,23674.973438500772
6258754,24440.16141945294
6258756,23673.867085129514
6258760,25138.28119493183
6258761,23679.647787599915
6258765,24587.613706861284
6258768,24571.673196148437
6258771,20233.49229736683
6258773,26062.399137370554
6258774,26655.44827046456
6258775,23874.232984827544
6258782,23781.60588548704
6258784,24694.211169050806
6258787,26886.79122275976
6258788,31091.31843757474
6258789,24598.731296399157
6258799,25453.68846642653
6258811,19540.40809357072
6258880,9284.271298627382
6258887,16354.026086256603
6258893,47716.57590405255
6258900,28756.695797182318
6258906,23923.944283310797
6258908,24555.579086083664
6258910,26950.998896429795
6258917,23913.314107699633
6258939,25970.3463417984
6258941,28540.168175218703
6258948,25793.265685696384
6258953,26422.41643749211
6258956,26523.937486146482
6258957,26605.84615105031
6258964,26907.312806858637
6258966,26907.2358216683
6258967,27486.144286141935
6258968,23928.713429003987
6258969,25133.055256465315
6258972,23945.515693783884
6258977,26360.523876177172
6258980,28322.812701318286
6258982,23852.52104968498
6258985,26249.687653205892
6258989,25440.122088106706
6258990,27354.291645421214
6258992,27350.039625548925
6258993,27291.283442864024
6258994,27338.43471531046
6258997,25548.63659370605
6259009,25795.971753789276
6259010,12709.041493142371
6259014,71646.93794725822
6259015,29578.89981748619
6259017,27844.628489929954
6259024,27821.773450630077
6259027,28331.02544635358
6259030,26933.526230737327
6259035,27814.875501099792
6259036,29584.485843833416
6259039,28505.75692772555
6259046,29258.661645305663
6259047,29707.87232490514
6259054,25626.62923084026
6259063,26341.27343226899
6259064,26304.094086978643
6259070,27848.2402940071
6259071,27458.05746975855
6259076,25456.674525920967
6259079,26452.874773711188
6259080,26303.993741199552
6259082,26455.978046573353
6259084,26753.654303901494
6259086,26454.161452429278
6259089,26347.906461929495
6259090,26389.199412631304
6259092,27650.62789799944
6259094,26494.913395030642
6259098,26172.51946963941
6259104,26171.196569368247
6259106,25966.235145037834
6259108,26414.63099059216
6259112,26351.44978698171
6259122,25553.242188848297
6259126,26091.596416530097
6259128,26097.320327244695
6259130,25731.742454633582
6259133,25607.768176890866
6259136,25571.06318022669
6259146,27723.242356042578
6259151,27645.27517474013
6259159,29022.0749736659
6259165,30300.87764898701
6259166,30419.330789062602
6259172,27459.60254610022
6259174,28865.09308025086
6259176,28545.803060056485
6259178,28744.110258528886
6259184,29691.925359071163
6259193,12481.573766225101
6259219,13962.164151263638
6259220,13078.903468149301
6259230,13171.135326399397
6259238,12492.554366894517
6259240,13960.56628537278
6259247,29816.66986659724
6259248,29168.47506591985
6259251,28608.051251715486
6259252,27612.469553543193
6259253,29747.195626804547
6259259,28804.263443999564
6259260,28797.369088370317
6259261,28793.826416112555
6259262,28652.394338458766
6259264,28651.984451296637
6259265,27401.839239148263
6259268,27233.458626683634
6259269,27604.886329058645
6259270,27281.9149892457
6259274,27230.67967847502
6259276,30772.8090131775
6259281,29012.942485604242
6259286,26674.16511399304
6259287,29987.262229721808
6259292,31509.52982947704
6259293,30433.549544222304
6259296,33518.888172398474
6259312,31913.63769598817
6259324,44203.03484996036
6259328,57351.304652477236
6259341,13195.930755145915
6259349,15009.14794496816
6259352,13329.404187753633
6259356,13186.042200681448
6259373,13557.430800110538
6259377,13558.892005819092
6259391,14291.464462267157
6259392,18118.616999939142
6259401,17428.25473937344
6259402,17625.836320826922
6259403,17524.343507041507
6259405,102605.85777921478
6259408,30585.81515908427
6259413,32622.80351532668
6259420,30687.72904090732
6259421,29727.853516129915
6259424,30647.68858947207
6259425,33186.08005095154
6259437,30921.197903835768
6259443,27458.81690319815
6259447,85582.38124316088
6259448,83529.3148590607
6259449,86313.19596918016
6259454,83945.78026108569
6259455,73645.73316515228
6259456,87419.3016157988
6259487,13607.47277599949
6259488,13509.453858563833
6259507,13670.888074269422
6259510,13574.341274654207
6259511,13571.182707310634
6259516,14286.912648247857
6259517,15668.322011359232
6259519,14551.400001889193
6259535,14226.18827147436
6259536,14661.228495965806
6259537,13494.258614082379
6259540,13133.102576389803
6259560,34940.56790765724
6259561,30943.618204407172
6259564,32774.70496689483
6259581,80167.45409194991
6259629,13474.607450955073
6259641,14185.393309852609
6259644,14495.53651819152
6259652,13253.913645250977
6259654,49378.001426362105
6259676,19103.13902770279
6259732,27372.141685413975
6259739,5973.001858508303
6259743,6091.25260444604
6259745,20759.379562775986
6259823,27720.624929715246
6259826,25882.37040816294
6259827,25809.900193317186
6259830,24614.712835303177
6259846,24562.020149827473
6259848,28911.461338828092
6259849,30344.25585177722
6259850,32177.631210010346
6259860,28182.645848134074
6259882,11444.502909669689
6259884,23652.765958952623
6259892,20995.80472794204
6259894,20766.36965950575
6259897,24050.56809475538
6259898,25341.661601811957
6259917,11899.92916932523
6259938,13385.483846453622
6259946,13202.791675766326
6259947,13640.151748637185
6259948,13773.755969425567
6259952,14649.585290037194
6259954,13647.582033902521
6259956,12928.478379714088
6259957,14512.53737303217
6259959,14260.611424062108
6259960,12589.918115733799
6259971,11867.026816441907
6259978,13727.762760409583
6259980,13756.833255648991
6259982,13756.426526402289
6259983,13764.23520373709
6259984,10140.913744910182
6259995,17020.25298109075
6260084,12213.632535766345
6260087,10966.811885530775
6260093,11001.981434604437
6260175,55106.011738184345
6260194,51475.01402543836
6260195,68546.19383413941
6260484,103977.0601656702
6260518,22892.199939801
6260525,23040.529152086317
6260527,26411.860025966565
6260532,23131.946547016014
6260533,22028.658949594457
6260546,29460.347438805264
6260551,27661.49473942697
6260553,27474.796061105233
6260555,23801.528020424495
6260695,19368.634140669426
6260699,19869.087693567388
6260703,21418.629877881176
6260704,24235.80888185772
6260705,20050.50044580045
6260706,21910.52740176212
6260709,25060.746995684614
6260732,66464.08864551743
6260733,65100.82160496323
6260739,75501.15120497307
6260742,83712.09691165319
6260744,77340.88842566569
6260747,65240.16718866201
6260755,65451.80484825282
6260757,62678.49995085638
6260758,58482.14285962416
6260760,75836.78777408141
6260763,82138.59532225972
6260767,38993.37618126065
6260780,34069.64897777157
6260786,33198.330732199945
6260790,37991.03013225175
6260792,33588.29647928709
6260794,32748.271915101188
6260808,13367.316908425464
6260809,13566.886164766147
6260820,12659.344850363437
6260874,14091.12527818646
6260877,12159.388477501998
6260879,12982.611356719795
6260887,12608.471560896818
6260906,66817.00502421964
6260921,76394.71656302056
6260925,31501.387119555136
6260947,26524.87346026987
6260951,17112.460260377626
6260955,19555.415945555545
6260960,17703.687954586847
6260965,17391.857738700575
6260970,22200.698632151274
6260976,20206.879793633158
6260980,19487.367211868874
6260981,21155.44001873
6260984,17797.288945109485
6260998,18125.84156901243
6260999,17266.580706169305
6261005,18645.861957161997
6261012,20851.846543947715
6261013,21800.887242693363
6261014,21809.53838902173
6261016,19755.074211887095
6261021,22396.19950403108
6261023,23692.772509836843
6261026,23400.23350808188
6261041,16850.386626903037
6261042,17083.580753199356
6261057,11815.595351380913
6261063,19136.472638438307
6261065,21841.13588313382
6261069,21771.36196334039
6261071,21298.690694352856
6261073,19850.639360128273
6261090,39274.40919704999
6261091,44037.964848344665
6261101,50645.74066563351
6261102,40848.27327309374
6261131,27728.425060387315
6261133,26446.543207925784
6261298,51596.75704273521
6261301,38788.26822694501
6261302,35843.046113783406
6261310,39186.93474496665
6261313,39176.92018760142
6261317,44356.96177210586
6261321,42105.556988701064
6261323,42679.12068232342
6261326,41049.82545253461
6261327,50682.5590197453
6261356,10620.845225871091
6261462,15563.472630714004
6261463,9767.127921625895
6261467,9657.571182517286
6261477,11531.928149590327
6261495,12681.314141337896
6261497,12658.56007471551
6261560,10405.371780505997
6261561,10335.679650208333
6261566,9779.842685337784
6261567,9902.896987304694
6261575,9996.72225684635
6261580,11520.28645114072
6261584,11745.865350765176
6261595,11820.216620027535
6261597,11709.982059617781
6261599,11824.884808057803
6261608,9864.492336240335
6261641,23309.823274716102
6261650,32821.65584254029
6261655,12333.770950469092
6261658,13020.804402789397
6261660,22382.70428273264
6261789,36889.69555994562
6261800,94552.27549036592
6261802,74078.87693461233
6261823,42272.29246664119
6261845,12235.02676392177
6261855,13307.061005529926
6261856,13155.153696165042
6261904,12571.77565472551
6261952,43546.52720507348
6261964,42173.998120675074
6261968,44938.6446193933
6261975,48653.9621329669
6261988,49450.7170765069
6261990,51643.180544981886
6261999,55112.3185960686
6262032,63559.57388243131
6262035,68449.57724657861
6262038,63544.96708414578
6262042,70507.2869328003
6262046,70555.51589268731
6262048,61584.3421256766
6262082,71885.5285163945
6262095,73023.00842421247
6262096,59371.74133133292
6262114,80643.49200112645
6262123,25806.3558489595
6262129,38144.01908755739
6262136,33986.69979081854
6262153,16441.746130255415
6262188,18628.76252410434
6262190,20648.586085323815
6262193,18998.93755139538
6262226,11661.221827330759
6262228,9751.062399962299
6262236,25437.623168735463
6262240,29810.215514729232
6262242,26404.379873290363
6262246,25371.76943578114
6262265,85305.81530006566
6262267,88631.75262668604
6262271,88285.86948302614
6262276,86454.56523762821
6262314,79337.50745152181
6262319,14647.335988929479
6262323,15662.28602851606
6262332,15127.436660378067
6262343,82817.0160453928
6262348,88119.5689942888
6262355,81239.41726280321
6262367,91390.41960334325
6262375,94398.9254816652
6262382,105681.67981412081
6262393,100394.66553588485
6262396,86395.22128859205
6262399,99061.16345657298
6262401,99165.61119126984
6262410,84403.11128425233
6262430,112842.54618041376
6262436,115037.57272579722
6262516,75072.86393341134
6262517,69868.8413856516
6262571,22835.069782168775
6262588,34537.14225108044
6262612,14817.19345699559
6262617,12187.474125330262
6262618,12045.39368200415
6262620,28728.132645675843
6262646,31595.11026160418
6262648,27987.83839496746
6262661,38401.201058017636
6262676,50655.49830561807
6262688,11196.312886686492
6262783,18904.389157765592
6262812,29969.65039752454
6262825,31042.164754335547
6262833,31159.47389511351
6262836,32836.52771957098
6262840,28320.08465174046
6262841,31907.277170302434
6262842,36460.079798018785
6262891,25783.526190733548
6262897,26988.243171571685
6262898,28213.330359558848
6262907,28478.665205910955
6262913,30396.07279188636
6262938,26958.736739139757
6262947,33252.9280809722
6262953,35607.95398804982
6262955,30695.807810626065
6262972,26481.120400627347
6262976,29493.68877576905
6263001,27186.22912360537
6263012,23619.268528393866
6263039,54764.52628701037
6263044,61129.67831690994
6263050,59414.33654175731
6263054,57337.19497003489
6263062,58679.18851017046
6263070,58685.84834091725
6263076,67164.68492730048
6263081,64211.608991553374
6263122,35101.72127134482
6263133,41737.18099835725
6263134,40287.32428908266
6263135,40052.71409176103
6263144,41510.9101552898
6263145,41464.45886275066
6263151,43992.20990933912
6263156,38222.23895951792
6263160,35343.919016324886
6263173,11998.246148457714
6263174,26814.09148955712
6263231,75465.44543708487
6263232,75099.14427000498
6263234,81076.26001503886
6263311,87709.24373631139
6263314,78765.44821676891
6263320,76381.53065056547
6263323,80516.5390572107
6263345,21173.485370237828
6263388,41677.198756255006
6263396,39170.83049580241
6263404,43093.85048245334
6263405,48545.41228810151
6263406,49549.47602162035
6263410,47311.60782784603
6263411,45809.35665657822
6263416,42545.29616220692
6263450,34665.07978884069
6263467,36699.502666759814
6263471,40208.52121518623
6263474,39286.88400880311
6263475,72935.17419558647
6263478,67670.4942883752
6263486,65342.161267543765
6263487,64191.34244026333
6263496,18840.56423274244
6263503,21350.551796815493
6263534,38487.582307157965
6263537,35831.35724729582
6263544,40996.42167373758
6263612,15382.449115800964
6263615,15420.331677301749
6263616,15622.73627154144
6263618,15279.410611112393
6263620,14235.213922368763
6263623,15835.890686791203
6263628,18144.590478408445
6263633,14840.444243963875
6263634,17844.589692035628
6263635,19854.38824978596
6263640,19517.889985609952
6263650,16954.99296256818
6263667,11421.843413311288
6263671,19848.1026344069
6263675,35027.48191581873
6263676,41771.30751120365
6263698,11532.962069725425
6263707,12954.06481339305
6263781,32211.221329509706
6263796,12262.854356644182
6263799,13370.963625585362
6263815,14481.994372364457
6263821,14117.571722724777
6263824,13756.072288145857
6263825,13705.928311246467
6263826,13907.302479025646
6263828,13721.623625048796
6263835,14509.8524309746
6263836,10935.967782857435
6263839,13505.395827678534
6263840,15028.456693917424
6263941,12657.244175505157
6263948,14115.888758134739
6263949,12568.826378720785
6263951,11483.164497918571
6263953,12780.709626212729
6263987,61288.33988420111
6263998,11312.701567494743
6264008,12195.985742942465
6264010,12562.402709621922
6264012,12616.627370527976
6264023,35662.296403998946
6264026,49800.941583734115
6264031,57879.34363054935
6264032,66092.98902475512
6264057,10295.262923294118
6264064,41888.23361736543
6264068,40335.57269150268
6264101,53504.864264980715
6264103,49974.695112748595
6264106,59707.77923802934
6264128,13792.712022481923
6264137,35176.75537828141
6264157,34708.34944677377
6264166,39051.060104130695
6264168,31415.701005913317
6264179,34079.20305414091
6264182,35279.495274000124
6264192,34867.56720456149
6264193,35140.81016892085
6264202,45094.87503434875
6264217,47595.907579367355
6264220,42454.221058396965
6264264,14941.904971531327
6264285,18446.766645913045
6264287,20425.7695994372
6264288,22107.078175040308
6264313,22347.12618563343
6264322,13147.013416437534
6264326,25831.792378502756
6264329,24621.286817456523
6264337,22266.793653105782
6264339,28067.012571256768
6264340,20521.60393016618
6264346,8444.890255123219
6264348,8790.923061841198
6264350,9068.538143543712
6264359,8145.117457572469
6264378,58283.7577975314
6264382,65348.01924300752
6264387,69508.29045580504
6264388,69414.48826274932
6264393,36869.752923326545
6264398,33898.456171412225
6264416,39737.90586042048
6264492,49688.41116720234
6264502,50490.74053969945
6264506,50219.40957683135
6264509,49926.7716051491
6264510,52233.610736888986
6264511,51849.66145069635
6264516,53099.82067339886
6264520,51565.12634789691
6264521,56005.53864198609
6264524,17332.808526935096
6264574,25332.02014674637
6264578,27215.28373128499
6264586,24758.0229878221
6264588,26185.477442090818
6264589,26016.23277967463
6264591,24029.520810249745
6264606,79106.16499076544
6264610,78109.41466864276
6264612,81300.49200534711
6264615,82120.5803809201
6264620,75037.57539389437
6264623,79508.5388073079
6264631,86147.73571065962
6264639,86494.31549084937
6264646,92811.21259478712
6264649,98204.89749160339
6264650,93973.87853236592
6264657,106933.45048989967
6264675,54458.38617213009
6264676,56839.68216407456
6264680,42628.47560037679
6264681,42695.60855488163
6264682,34598.19758712423
6264685,44750.97760052205
6264687,48477.58762555698
6264693,46587.33437579268
6264702,51908.48923520918
6264706,46035.25533697678
6264714,49624.10057450597
6264717,8746.0460558359
6264720,9384.409871356327
6264722,9640.793878514522
6264726,8865.72857077924
6264727,10345.95661020445
6264729,8753.807402008626
6264730,9880.95205150941
6264731,8773.056821258439
6264738,10259.866480443901
6264744,19025.537831340484
6264746,17030.64510054403
6264748,13956.678908804934
6264749,17611.973309731173
6264750,18343.57337402908
6264751,18061.561352740366
6264752,18266.862288285603
6264757,77899.3325744898
6264762,17765.051037799898
6264763,18949.19158865472
6264772,18207.203858508736
6264773,18383.645060982046
6264777,17620.592299578853
6264786,20388.40128936192
6264791,16835.752545608146
6264796,19578.948312013083
6264797,19734.68009352525
6264799,19252.956285130203
6264815,19274.819473030355
6264825,18115.264948643875
6264826,20036.813337019965
6264829,19746.070332928663
6264830,20464.435952396845
6264836,20992.280779734185
6264843,22760.10196556672
6264845,18798.61810451281
6264880,23736.694878525082
6264881,20687.161232962004
6264888,28095.990216951803
6264894,26343.13252213897
6264906,36659.62397597577
6264922,23704.480203130413
6264942,11987.757162616754
6264946,12898.660646996146
6264950,13082.920702625765
6264981,46704.68853163029
6264993,46623.87023502761
6264994,43214.10763807591
6265003,57741.675715741585
6265013,51049.39405073571
6265018,48542.171573614534
6265037,13270.559474472435
6265050,30228.949032895674
6265072,24802.47710353328
6265086,24956.970312953716
6265092,22343.077114033615
6265106,90098.0323107179
6265111,107900.28837993553
6265115,106319.66364253858
6265147,52508.211823068545
6265150,61916.8393781823
6265172,16896.008805347374
6265174,18646.715562299163
6265177,19972.51753539103
6265180,15864.007635595319
6265181,17713.737086616402
6265184,16682.99510710913
6265185,15889.294951016513
6265200,25833.19667269564
6265218,11512.751453468187
6265219,11525.495729518063
6265275,35208.338330177394
6265278,37754.73810742785
6265280,29752.472931607845
6265281,37139.0581557197
6265292,11421.037309999356
6265299,56526.739598803266
6265305,55443.80979367579
6265313,62845.85619581772
6265323,9697.917070002326
6265324,9003.727440910701
6265325,9345.03833219909
6265329,8772.554780063621
6265336,8708.604852060163
6265344,9524.465694170534
6265345,8999.657849158571
6265351,12504.975740370603
6265354,10774.079189766897
6265364,16743.19968704663
6265366,14864.539573435513
6265371,18260.765748933987
6265465,17673.87815609645
6265467,9451.897395875385
6265472,11691.624341801202
6265473,12113.007772903582
6265494,74751.7999395728
6265496,68568.48920829703
6265515,60839.40059477186
6265519,66043.65328174827
6265521,57933.905940821074
6265529,62825.241788603125
6265531,57533.181223401465
6265544,59613.55650028186
6265546,70681.18696945673
6265554,65048.566230689394
6265561,65429.21246973255
6265562,62207.33341191127
6265567,77122.86973148983
6265570,73431.40748171663
6265572,79947.87194387744
6265577,78255.03290892177
6265582,79916.76995934147
6265586,79318.29135240303
6265647,27716.474568365695
6265655,24792.804324523036
6265658,26160.790422227798
6265668,22852.455379073028
6265671,39124.572298602005
6265673,9544.18969929721
6265675,9486.3160140062
6265683,9165.143697146348
6265685,9472.934701445116
6265686,9853.283815998533
6265687,9267.744650760513
6265699,10541.623356201708
6265703,12074.966434379265
6265708,10694.193817998977
6265716,9669.06429584472
6265719,11123.753059075752
6265720,10249.098271884122
6265721,10698.396933117032
6265726,23697.56337629461
6265735,19278.036740935488
6265740,39860.96122575212
6265754,37316.18718415775
6265759,38520.411081571605
6265760,40372.09530393115
6265770,46256.17979043938
6265781,38289.80868235912
6265790,39027.49243318689
6265800,11110.41444777414
6265802,10335.344489561565
6265803,9653.270541964645
6265812,12332.735818731184
6265815,10906.385794410457
6265818,13087.0015792226
6265821,11715.992234318344
6265832,11401.001068534206
6265834,10862.981231966685
6265849,12119.848972211987
6265872,79293.63499007396
6265914,18126.342901938984
6265916,19170.77857074055
6265919,18145.265385319588
6265990,67405.18959683325
6266000,13398.077383510885
6266003,13220.835905662541
6266005,15766.898789019995
6266008,16726.23375863247
6266009,17296.660332716237
6266012,37918.526659914096
6266013,37407.22652587765
6266014,38590.38484139636
6266022,34907.793578157965
6266023,38535.14538779625
6266032,37970.09379358035
6266035,35694.72378244199
6266051,18579.61363931585
6266058,15412.568374077602
6266061,19087.750067084493
6266064,18719.682803980093
6266077,17655.817674723734
6266081,17730.470133406096
6266082,20165.603404597372
6266085,19685.72994447483
6266086,18488.333265305937
6266088,17736.203566309134
6266094,20047.70874041537
6266095,21521.133683086853
6266181,18405.170599266406
6266191,32771.673144369684
6266195,40030.94703543015
6266196,38248.238445625284
6266203,40311.65271968622
6266205,37078.25724318134
6266207,37848.832592541825
6266208,37027.58345939989
6266213,35849.88347505922
6266214,40569.98246706776
6266219,37370.00008443133
6266220,39758.03478077454
6266231,44349.940021814495
6266234,51812.68705427989
6266235,45206.83140014178
6266238,46686.875123251244
6266241,55207.1134280985
6266245,36568.06735508083
6266254,52187.15419332317
6266259,55220.17231116262
6266260,59228.65970013071
6266262,62813.37958550189
6266267,58914.86792848108
6266272,33146.50992812747
6266276,36281.02784407891
6266312,12668.379308937596
6266321,15046.55609040946
6266323,15715.134849082393
6266332,11859.446022936481
6266334,12558.712982040232
6266350,35944.16667840441
6266351,35401.06574012549
6266352,38072.53078168863
6266399,33900.58995524996
6266402,38626.9481386293
6266417,34851.44310416396
6266436,35203.23480735303
6266439,37715.18749848383
6266440,35199.20623292656
6266447,39268.71630542579
6266459,39691.84863488716
6266460,40022.510710310984
6266462,43486.806295358285
6266514,35736.34747170874
6266524,36206.12438597229
6266535,13286.529230990487
6266543,19325.383376161888
6266583,26620.846569028978
6266720,33853.80686703907
6266759,20674.6169051835
6266774,15970.27228968443
6266775,15697.87806881977
6266777,17875.198841149955
6266780,17190.044521684005
6266821,40172.52969918522
6266838,38181.10621074063
6266843,39329.50805466042
6266844,39931.88481825186
6266848,41503.23063026422
6266851,37911.077838619094
6266853,38086.91215749995
6266863,43292.11199779616
6266865,41048.063780030716
6266871,39477.15537652653
6266881,41754.857996858074
6266883,20468.65213653416
6266884,19075.8298752961
6266891,20041.247242629357
6266938,48528.33152852916
6266947,51438.69924012203
6266948,47462.00845986401
6266983,65894.86140354778
6266986,61027.682376287456
6266989,64558.844891351386
6266994,56548.57698238159
6266995,64647.31863756971
6267000,62789.18284506809
6267053,31255.220100962353
6267056,36166.057468291256
6267071,21026.58430424891
6267081,22332.91504571778
6267085,24837.7235827589
6267090,33521.89321039561
6267091,27880.52830950489
6267098,32423.64067211257
6267103,26214.93760560413
6267106,31069.53189414676
6267111,37243.195588920884
6267115,35288.85013044712
6267118,37969.84031002803
6267120,32791.30682194198
6267121,37988.02299332899
6267124,40555.321036855144
6267152,14163.020146376732
6267165,16135.036610635874
6267167,17859.75995896182
6267171,17569.042090761457
6267172,14245.468030771763
6267175,14289.692625787642
6267209,12188.345944113273
6267219,14132.309593587945
6267252,13401.78361922544
6267258,56925.17741522693
6267259,58427.90005338409
6267275,31212.385209472537
6267276,35913.1566783658
6267280,14041.996406796978
6267282,12725.8526399431
6267299,13712.008113868656
6267301,15791.60960835919
6267356,45992.29377670955
6267364,41412.885333404374
6267386,14853.910712597468
6267404,18782.13092242647
6267408,16826.249615562992
6267410,21069.622922741655
6267411,19676.32605211075
6267416,20071.431488259037
6267424,23297.821661237842
6267427,21429.213859683477
6267428,21387.623195939388
6267429,24112.831739076202
6267435,21169.366284110434
6267445,36046.5350770458
6267454,37554.64101526212
6267456,37758.2309167188
6267460,42859.57086335216
6267474,33877.57804301826
6267477,45420.35812441744
6267481,46600.93196971975
6267485,35790.271424312516
6267487,40715.4906840587
6267514,34440.01275826483
6267515,40516.43010887441
6267526,17326.759306993754
6267527,16609.15647018248
6267528,16607.35073086688
6267531,16276.457733814419
6267538,19796.982992089434
6267542,17548.293546167886
6267543,17417.719682729694
6267546,16197.079000284963
6267549,25186.03612228204
6267551,24387.423722165375
6267558,26404.606513456398
6267563,27962.438917798958
6267567,26350.419409290073
6267580,31898.149444770883
6267582,37503.3519560106
6267585,32534.625668827972
6267645,21411.706125202032
6267656,17921.236671193074
6267660,19457.411757000078
6267666,29431.590635390356
6267669,15790.946937991073
6267708,11740.063793677567
6267720,36479.73126927882
6267721,39544.906893416046
6267726,39858.75639767052
6267731,42073.24386053708
6267733,42919.24903452869
6267736,45508.72438867713
6267745,47291.713730426185
6267746,40819.41640552601
6267748,42164.06465118487
6267753,40727.49100600013
6267761,45405.02642989704
6267768,39841.5021286401
6267769,45260.53964528542
6267787,48536.385121524974
6267805,52657.55216207903
6267817,52357.4973979927
6267818,52781.03484874625
6267822,56384.54493346246
6267830,64793.84971896779
6267835,59008.94305509259
6267853,52954.781046272255
6267875,63468.77528463172
6267882,65750.29235312733
6267898,65667.13502506728
6267900,69478.86427030376
6267901,69835.86579839239
6267902,68432.08456070526
6267904,57054.368823091674
6267907,68753.67010464525
6267910,63713.117742674476
6267913,64828.71044922115
6267920,39874.80120741974
6267922,44144.7290831242
6267931,11328.022355088
6267938,10656.74492151339
6267951,12413.926971852117
6267952,12414.258490594159
6267956,12061.304036999467
6267969,40728.34553271245
6267976,11969.991448799743
6267977,12085.773781109854
6267978,12082.235557455138
6267980,12682.197092272929
6267982,12263.439156732797
6267986,12109.357632422516
6268008,14315.719793983682
6268013,17529.441856832364
6268016,20992.06055260966
6268022,18775.23568737325
6268031,25472.87332375263
6268036,24893.12055725693
6268046,30567.093840671787
6268068,13490.38527549987
6268076,13928.64733840356
6268088,31760.910367415505
6268093,23853.06701970223
6268094,27532.50309127824
6268100,24496.096780276737
6268104,26395.03895466319
6268109,24445.966026690225
6268121,27150.88664797126
6268122,27927.445729440136
6268128,34499.74478632654
6268131,28923.430528811565
6268147,29390.245839835923
6268149,28940.869179089783
6268156,30524.823533148112
6268165,24190.986063031516
6268166,27273.278043551934
6268171,26427.557601637567
6268185,9713.69121571939
6268186,9713.802392173595
6268235,9519.361746166174
6268237,9448.481333777576
6268238,9892.069389605456
6268247,49847.03288676954
6268252,44377.314206262825
6268256,58349.774167187854
6268288,9235.501827062317
6268292,9333.36949223559
6268299,13149.120124213308
6268305,27241.04374144341
6268308,27496.84159084602
6268326,47007.751503072825
6268327,72632.32594576816
6268334,49465.85802115868
6268340,45247.160545032006
6268343,48899.06422968721
6268349,59239.11049598596
6268350,61820.073966558295
6268358,33898.973440009715
6268360,31076.822016651917
6268372,17544.093234964883
6268373,15516.297605397323
6268378,21512.104530914614
6268387,21951.355283706485
6268389,19548.90802102821
6268396,24291.83257960851
6268399,19018.807182416203
6268417,21305.374709342144
6268421,14409.456140825767
6268422,15075.18376998059
6268447,36349.70701960305
6268489,36982.76283204443
6268490,39565.3908529556
6268497,31779.786967335313
6268498,32711.157947316915
6268523,65418.35592483337
6268525,75614.13865955597
6268573,20520.0186690936
6268576,22188.8659733708
6268580,21829.120115523565
6268581,21012.511481611655
6268584,19076.084580154104
6268586,19050.485568397777
6268604,16727.813114176533
6268607,15094.462296394888
6268608,17416.972168418353
6268616,72416.39119026778
6268647,128296.23356035945
6268655,130018.3167411513
6268663,130865.47804267686
6268722,97160.60084650181
6268723,89910.5671164818
6268751,91974.49115433889
6268752,91342.66968981603
6268780,105470.94331077357
6268783,94339.6164697042
6268787,104984.32837214012
6268793,103214.74052824936
6268806,9727.124975493558
6268812,10095.884069056918
6268845,37782.83376446328
6268846,41472.447629926195
6268868,9826.883296207005
6268884,11716.059279677518
6268885,10446.838465857349
6268917,19389.297210940902
6268922,19634.934847280718
6268923,23668.178084367868
6268930,20996.665782472992
6268931,20752.767869810836
6268983,9934.285438100022
6269075,10067.172360126155
6269253,10396.54291022707
6269260,28184.39297353187
6269262,26874.203851839913
6269270,29349.63089743013
6269285,32141.378508519574
6269290,29761.667891950925
6269312,25898.02499003507
6269319,28470.38251136554
6269355,12718.172064978073
6269356,11222.805723667003
6269366,12860.703190096854
6269383,12390.577198078196
6269389,12026.223430119982
6269396,13057.864349121628
6269413,13390.284853210971
6269436,32082.333128332517
6269444,31176.625290111235
6269445,30195.496476252647
6269446,34351.3456779174
6269517,58825.59901208184
6269518,54675.28837693044
6269522,56443.51144162626
6269524,38787.639362452115
6269526,41049.74715437349
6269528,38619.28649428928
6269533,34775.709902480114
6269540,40237.75208713
6269541,35164.914884426784
6269543,33590.05835420841
6269547,43460.64457611036
6269549,42411.4463254121
6269556,38021.731053893986
6269580,49761.9635873993
6269586,36350.123022811444
6269588,18533.192547347768
6269591,19507.115070223186
6269595,19700.17300630897
6269596,18719.986314824804
6269631,33522.69246798012
6269636,37529.57828659041
6269637,33826.890665082305
6269662,29469.058650846513
6269670,67010.87503995119
6269675,62662.123513366976
6269679,68160.60880104547
6269686,25901.97716914721
6269690,28513.043750282293
6269692,26904.310547639492
6269694,27239.640855545018
6269696,28005.006766316063
6269699,26423.122028253747
6269702,33050.54883532997
6269804,34970.13780352936
6269819,20179.070559446405
6269822,15543.461707979388
6269823,16543.389786829048
6269825,15545.907918830027
6269829,15364.487879069131
6269832,16525.381165282168
6269836,17383.964060563667
6269843,20403.282025880762
6269848,19291.389542431552
6269852,21341.26854897706
6269853,19817.30919002237
6269860,20028.46420446677
6269898,12602.292056387945
6269916,24814.993458747744
6269927,23759.34370654763
6269929,26583.75434208004
6269941,41820.216337105696
6269969,11091.970372446896
6269972,13277.940408726681
6269976,13913.192937981687
6269984,12391.475362824387
6269988,15953.161377358692
6269990,13084.730108601862
6269991,15586.199667266303
6269992,16698.72267989993
6269997,15980.038596866963
6270006,11051.916405468764
6270008,12027.726101068243
6270009,11066.535728337913
6270012,16730.892488567657
6270013,12419.694292169466
6270014,16261.810244792592
6270057,42969.70681986786
6270068,39550.48894686993
6270096,42203.1283339959
6270104,49305.768879380594
6270152,60463.136269806346
6270178,14539.594402257404
6270182,17239.496220658453
6270189,14470.810923990763
6270190,12833.207995331008
6270208,17309.77989136539
6270209,14082.741651036413
6270222,14618.963017756505
6270230,19648.68475363449
6270237,17847.806550361373
6270243,14800.64032132673
6270244,13958.649087664939
6270245,12637.244876403494
6270246,13889.725543140617
6270276,32255.76533338219
6270280,31162.118815342423
6270364,43471.00787500802
6270365,38340.82030873165
6270372,39574.7875978466
6270374,31091.64461068643
6270382,47230.910459873834
6270385,50710.601427525
6270391,33895.93460002506
6270465,39677.08830037258
6270468,38066.5401445403
6270473,49924.4385328225
6270475,42318.8818919692
6270499,47578.29876148534
6270500,35839.422841029336
6270502,34226.29596335769
6270518,14044.38046435268
6270519,14592.022720438381
6270522,16507.7857416097
6270525,14943.21609019889
6270530,16211.436265143257
6270533,15661.2105529411
6270555,21934.676111506284
6270557,20110.635406134807
6270558,19958.99786926571
6270563,18067.195068014145
6270585,11935.472372383463
6270586,10539.311137099792
6270591,10575.217675668135
6270594,10819.708114685922
6270617,48805.37164930797
6270627,68768.68717431484
6270635,94179.33587152428
6270636,97740.52634763622
6270640,80498.95663763999
6270641,96023.50551085405
6270647,107386.18038863603
6270670,9856.347967719406
6270702,12968.429179417464
6270704,13433.673969965146
6270709,51701.03445530227
6270710,50612.13467491395
6270729,49529.49118096106
6270730,51226.9170335664
6270732,47688.779210095534
6270745,68631.49155537954
6270747,67804.41092056372
6270755,61450.81224638947
6270758,65980.5094413807
6270840,67047.44010455362
6270852,73865.75625013337
6270868,23208.626053399163
6270882,19096.745184417585
6270902,18402.730825568287
6270913,18309.52524038656
6270918,18012.1393636244
6270941,77720.56966288504
6271028,32302.712197930603
6271029,34777.89890460287
6271031,41383.945351743176
6271035,48945.95460596994
6271052,18831.815499889508
6271054,25974.805001551646
6271056,19790.923173926494
6271062,21790.59768111816
6271064,19756.656907567834
6271099,25639.928264316044
6271101,45732.61721738947
6271108,52256.33122867279
6271109,48109.91267562307
6271113,49112.7905822094
6271131,50843.67546754769
6271134,28944.264315642446
6271142,30877.5250293179
6271144,33973.41297809335
6271145,29161.41010412369
6271160,35217.53997056617
6271167,32773.45469682083
6271169,31795.066133244985
6271180,33355.77483917687
6271185,21969.22044323186
6271186,20957.473557464815
6271192,41140.987373195996
6271240,15894.326930756935
6271275,53630.078138973426
6271276,49659.65526937378
6271288,66302.33444117264
6271301,26513.770382235114
6271302,25609.868591529204
6271328,29067.19839117639
6271334,35856.414372605526
6271338,33513.99756957125
6271341,29060.961701622797
6271349,28655.373027956386
6271350,31434.582296964076
6271353,76956.52978427318
6271377,43005.292238054426
6271407,54089.334940037916
6271414,75390.4895181588
6271422,63827.51461382572
6271424,58810.004885527356
6271428,64384.532337105695
6271443,56213.32191357425
6271447,59354.41744811955
6271486,93146.48292661711
6271500,109051.5912237035
6271530,20482.009117479975
6271532,61112.01634523364
6271639,57907.61241808551
6271641,64014.78640519935
6271657,14719.400968986929
6271658,16902.068847281014
6271680,57152.83101474427
6271688,96431.51725310758
6271696,98976.92933710091
6271806,97462.95831110922
6271843,95012.00956571853
6271845,88053.95950036873
6271852,96162.06845788447
6271855,90822.61555265491
6271861,84153.22596997276
6271877,107237.17141741204
6271881,101344.90112116997
6271883,67806.73887456617
6271922,102139.18242265434
6271930,36940.110183870405
6271939,78800.53592017604
6271965,92937.78335939407
6271968,103767.05077904524
6271989,92156.41562080383
6272024,25919.126728545925
6272038,12770.839872344353
6272115,46323.679732326294
6272125,43357.23006715244
6272128,50614.49988406068
6272138,56630.06976261449
6272149,65366.9054410054
6272153,75277.83624992605
6272156,55061.56886511908
6272205,62944.94756775148
6272206,67094.51821299225
6272216,72127.04595699428
6272222,55784.21050934748
6272227,75140.98262976213
6272254,80259.94100619665
6272263,81287.93228212144
6272264,86160.71762688496
6272269,83539.11370181956
6272272,89704.66900013633
6272276,90509.17411737233
6272289,46299.6086201629
6272293,49611.79729209576
6272296,46549.40651919113
6272302,56462.13958441254
6272329,65419.666101903254
6272333,56291.21777879048
6272334,60721.845841027185
6272348,69492.78050780388
6272349,68284.09807552028
6272363,78329.17636356273
6272374,93870.5122941847
6272376,101906.25255055296
6272386,86046.24844994638
6272390,70724.74581578259
6272412,53848.66254632155
6272439,60791.7832361714
6272447,67180.9566619181
6272460,67995.82821078444
6272470,82226.53358378613
6272492,74635.61661605716
6272494,75732.78412640408
6272504,86665.15239767465
6272511,91866.84059511102
6272524,83976.60820719259
6272540,95908.37184922244
6272541,118018.94261125289
6272542,119082.26118909234
6272555,117597.84853271549
6272559,124627.34586549568
6272567,123037.6662114884
6272568,124039.57276461912
6272574,124260.3879628877
6272578,123680.95066391784
6272579,123541.96305473824
6272580,126909.07636953937
6272583,63249.67438368575
6272584,63336.716443968246
6272593,60252.34231816062
6272595,62968.12338754894
6272598,58869.82354354595
6272600,62871.633716905795
6272605,62762.601138422244
6272606,61930.89474307446
6272609,63941.08021424105
6272610,69474.8887143227
6272611,65444.4396249254
6272617,71232.97269345768
6272618,63781.39060281366
6272662,14837.67033799944
6272675,80511.08732864309
6272690,95650.23607731516
6272697,103045.76903159395
6272758,88691.53321118247
6272780,124391.16763290337
6272781,124102.75801288504
6272938,82514.67553766862
6272946,85644.59727513613
6272957,87039.95758722397
6272961,83738.68619860381
6272980,84855.97387248061
6273001,84720.77356004191
6273055,90123.46974026656
6273159,79428.50664091847
6273160,86566.93571681491
6273164,89915.88354749774
6273165,80890.74681224118
6273166,79317.53490830045
6273168,83602.23622553224
6273170,89842.42460150419
6273184,92871.15498927624
6273185,90978.31145695003
6273191,71068.35528866784
6273194,68545.27863647393
6273486,16926.847345921466
6273507,103086.95367041026
6273620,82564.89699993256
6273621,77903.34442129725
6273622,78865.86920847125
6273625,83733.25586830034
6273626,86626.06715661474
6273627,81677.09688760972
6273630,82560.64509674613
6273641,24822.425813453076
6273738,34223.48889286669
6273798,11153.72244732008
6273801,11144.439362386158
6273804,11146.108259046974
6273805,11145.36413412568
6273806,10742.158190533097
6273807,11416.811645243764
6273812,71514.91184375952
6273814,71652.60946197379
6273820,79263.165479136
6273836,85970.45743720405
6273849,86672.012725728
6273857,91306.35116131112
6273862,28357.003112079
6273863,22929.105011693402
6273867,24768.06014060903
6273879,25994.87844472512
6273882,26063.59225240765
6273883,21933.044451902035
6273886,28856.80808510913
6273888,28857.798856331097
6273891,24826.68740267358
6273892,25751.014082056732
6273915,22768.699433532678
6273925,28843.82111967945
6273936,30178.56822064147
6273944,26132.73691794471
6273999,16777.855237615295
6274012,30198.808384522545
6274014,30463.401513308414
6274015,30750.981703391317
6274028,27105.04112740953
6274032,29672.845577427517
6274034,30595.938775503848
6274047,32175.391068797668
6274048,30566.68571531236
6274051,29829.838801927068
6274055,32869.39496293023
6274058,25274.77869754849
6274059,25420.88916364522
6274069,33842.37938934211
6274070,33031.29547280316
6274091,31999.949433392958
6274103,34883.499153320765
6274110,33661.989607669144
6274111,35864.24617936113
6274129,30391.087108693413
6274130,30373.064311549904
6274138,27711.505526431727
6274139,31350.572815481908
6274141,31673.58191552921
6274149,35999.674504225455
6274189,28396.40696253492
6274192,27698.928317885588
6274207,34060.51986394008
6274218,46193.712067152795
6274239,26164.807652868945
6274245,29612.036423649133
6274247,25746.225515613954
6274250,26549.701472837205
6274252,28209.025522845215
6274253,28210.693569120678
6274256,28082.27433232459
6274258,29100.400086531088
6274259,28985.009390213214
6274263,28853.010443857806
6274266,29488.007400937448
6274286,32642.254613827427
6274289,32099.747574697813
6274290,32102.411073480536
6274323,24210.050444672874
6274324,35651.75449973109
6274363,13313.928908869404
6274365,13228.264884561446
6274367,14599.261350449822
6274381,13843.78082335726
6274388,16531.98625388057
6274394,23388.22995812814
6274406,25664.197212240073
6274447,32148.521535180753
6274463,33061.04679978913
6274471,42909.99941310208
6274571,11318.745349715766
6274581,102875.01381819088
6274590,89659.0824410983
6274597,87396.12768989247
6274600,84036.45472604442
6274613,91443.25240428126
6274623,80797.76416971034
6274632,37371.99596445231
6274645,44578.88693362136
6274646,43235.255150619596
6274662,62639.000578799896
6274671,56148.16974980633
6274684,77462.16940958377
6274688,120443.92897518753
6274689,119151.10246829293
6274699,84309.78983433443
6274704,126107.2488624029
6274718,123273.86098963345
6274724,122190.36010320413
6274725,122183.48498167923
6274731,121919.60995751497
6274736,86772.16917740079
6274751,77741.84531997691
6274752,93441.4281857875
6274780,10939.639866626423
6274783,13301.51595111244
6274848,25324.966569311116
6274849,52717.39710087195
6274850,45876.510844399934
6274858,26068.63873871772
6274864,23959.359022865538
6274872,48775.731244305585
6274878,59016.6534073667
6274880,56077.74475624173
6274881,46727.98981630728
6274886,49361.0043261402
6274887,50612.52082395989
6274901,50818.8550260258
6274905,42642.788434476744
6274906,51822.42240512878
6274912,49392.743261411604
6274915,48308.11774882221
6274922,54336.264738546335
6274924,53871.160752421456
6274925,53902.40671989891
6274926,53707.36511259295
6274927,53000.25286933025
6274931,41371.31759565414
6274940,57176.60063348455
6274944,71743.68846204151
6274948,64696.84531211483
6274961,75353.11134488271
6274971,74458.02303594969
6274972,76797.28643261526
6275000,10453.915184437923
6275036,14276.778488533091
6275190,79644.15576323772
6275191,78328.57875402324
6275202,84583.20731404722
6275204,48543.23635593946
6275205,52114.34101993988
6275206,49623.81661821517
6275212,57640.16512831899
6275213,56807.1669684097
6275215,48644.172509544136
6275217,62504.31655412337
6275224,69156.65679033643
6275228,61637.92933751918
6275231,66150.56242947243
6275232,82311.58296048811
6275237,72276.53650776992
6275239,73635.26889395503
6275241,79853.231483266
6275249,19342.42119560092
6275258,13125.338964939
6275266,69822.14721119058
6275278,90282.78866789617
6275292,81002.52903984368
6275294,81028.95318574722
6275299,99153.12838716705
6275395,30309.02801543367
6275396,32268.288080140457
6275454,58310.16649994983
6275470,13050.070532197411
6275482,49851.02630497081
6275487,50439.916909720174
6275488,44422.70708123271
6275495,52105.84283125396
6275499,53543.301522448855
6275507,57497.911354450735
6275517,59833.12768963961
6275518,61214.6202677641
6275519,62379.380400328555
6275527,57820.476256526395
6275550,50010.644080922364
6275558,20668.032207132637
6275565,20068.56030926993
6275581,22306.136616564687
6275589,20509.296909094766
6275599,87218.02718703805
6275600,99665.26359819315
6275613,103462.79700970532
6275619,93691.54788410834
6275623,93122.59008605735
6275624,97610.30058831949
6275627,96107.05924850138
6275656,102247.55809506873
6275669,57869.29828487307
6275673,59493.26364821225
6275678,52650.22068261999
6275679,59202.00439974654
6275683,59305.64335322783
6275691,69307.19524355912
6275692,73335.66808519344
6275720,106121.11450354863
6275725,108278.39637740515
6275728,108465.87808775422
6275730,106117.7747602467
6275732,105810.05939602379
6275734,105806.93125428219
6275738,98154.99129287835
6275749,99008.36710086804
6275750,103712.33981563413
6275756,105828.9311159186
6275757,97995.33098204841
6275761,98103.05212892829
6275774,81800.10663343186
6275778,74870.02056401102
6275779,83331.27447388989
6275794,84314.8555037056
6275800,85580.09595084008
6275802,85260.91920322985
6275806,83012.01341810476
6275817,71392.6604713293
6275827,92304.18607547697
6275828,89625.2282530418
6275832,88071.68016717993
6275839,88409.38849261547
6275843,92427.9498380111
6275853,94939.91020769467
6275861,92174.17073933105
6275884,92053.64382019767
6275890,99220.10000217817
6275896,98377.93955792315
6275899,94809.61819359416
6275902,90453.17156886793
6275903,91604.03078034497
6275911,14250.346415975337
6275912,15488.988929906393
6275920,15617.715793171163
6275922,17831.064809733234
6275934,17810.431493846205
6275935,16157.981809338195
6275944,15361.293710805474
6275951,14686.909748413735
6275982,22797.55505958087
6275983,24203.263095883813
6276033,20295.918078614905
6276036,21115.004943574753
6276091,18273.030572677922
6276115,15790.660793473708
6276146,88353.33698156597
6276298,68864.96606605465
6276301,63647.34590740861
6276302,68674.63866862612
6276324,104586.69859915077
6276337,26847.66408616904
6276338,31555.93232034908
6276345,26579.875585859918
6276346,29905.12409805957
6276348,26574.780825010028
6276350,28244.667826342233
6276351,32564.364449896584
6276352,32504.170052482452
6276361,37224.48186707659
6276362,32199.64198323089
6276363,33672.07162512381
6276365,34693.65552961893
6276376,30139.651992049356
6276378,29613.250819816465
6276381,28193.856211068593
6276383,25208.529094613485
6276384,27058.756887441057
6276386,30916.892706494553
6276393,30739.01846193294
6276394,26642.333967314527
6276398,27602.806572447225
6276399,27086.46110718211
6276403,30577.211260714088
6276410,27823.232851448858
6276417,31289.040946144072
6276418,30039.816054896506
6276424,29360.829410384045
6276427,31620.00942874325
6276434,28236.372396986753
6276440,27584.385192975886
6276444,32621.994600784037
6276445,31799.675577254322
6276448,27062.473234718385
6276450,27668.856020712734
6276457,32410.810354222067
6276462,25197.424284812118
6276463,25418.295166300926
6276464,25263.861553880404
6276467,27187.83669238418
6276474,30193.250345190187
6276488,33634.58435569511
6276495,29551.887370993933
6276498,26550.4611053661
6276499,26557.222792417917
6276500,26571.993060879395
6276501,26548.283550263834
6276502,26565.987690079204
6276503,26562.415518466885
6276504,26566.418409885722
6276505,26596.890542741745
6276506,26555.297942157154
6276507,26561.68087605883
6276508,26392.572093949708
6276509,26535.475039805213
6276510,26358.2362073937
6276512,33551.09446041207
6276513,33521.22184875077
6276514,33529.918621376506
6276519,28209.455976958212
6276520,29479.178129564552
6276521,26354.943318509675
6276523,30193.019982220496
6276524,26570.09248027585
6276525,26569.56034206687
6276526,26384.267013172732
6276527,26349.037258584704
6276529,31194.589376938147
6276535,32114.07796460446
6276550,32723.26452405966
6276551,33716.32047145503
6276556,35015.725060510136
6276561,32538.47341676289
6276565,32613.813246559876
6276567,28647.66732933113
6276571,28612.962742391243
6276572,34889.32161807613
6276573,28632.316761375947
6276574,28586.069025022698
6276575,28593.949046651127
6276576,28631.16989627542
6276577,28640.701194353052
6276578,33164.81828921063
6276579,28599.07631674863
6276580,33163.173601759445
6276598,31459.084935556497
6276606,32363.737256429933
6276625,33525.250220309215
6276630,30950.996855879155
6276635,34641.64806516195
6276645,28987.995010935883
6276646,32600.69003755336
6276648,94385.3324159774
6276656,31703.31978607828
6276657,36132.54717305316
6276668,37208.758251963205
6276670,36449.40635799632
6276702,27294.719348491726
6276703,28354.02839519626
6276705,31661.199370059807
6276715,25674.33237601143
6276731,26706.187109080547
6276732,30186.282642840408
6276737,34277.77795043531
6276799,65741.13801390796
6276800,55706.166198646744
6276803,14202.788987269514
6276809,14470.741917183337
6276813,18817.00402008183
6276818,18899.882299026012
6276820,15551.15745202396
6276844,53372.307072126256
6276845,52876.6607487716
6276902,111761.05574013016
6276993,65761.58027933187
6276996,69915.7001422001
6277012,75259.31632329797
6277018,11853.859703579461
6277020,13301.211484169453
6277035,14254.410747189304
6277037,14264.841941416895
6277042,14291.546244638792
6277046,13635.924408568311
6277047,13843.173479732315
6277048,14482.049620708865
6277050,13914.67921350106
6277051,13981.046119250328
6277054,15418.037567197536
6277056,13456.922769166023
6277057,15984.596217747476
6277063,13743.365106721163
6277066,15025.590325916563
6277068,17365.22264918372
6277071,16792.294857403653
6277074,16731.64247385388
6277093,27776.146123613624
6277120,36996.45030456406
6277123,36888.11241701728
6277130,37453.77600952264
6277242,76659.4982256289
6277256,26943.134794642025
6277267,30834.23730887065
6277271,40483.48322268709
6277282,34328.71531901572
6277284,34204.36777290854
6277289,33366.14700025268
6277294,37854.103035782886
6277307,38749.519633179254
6277308,45735.40866104944
6277318,36749.20175088085
6277388,71081.77640549286
6277401,17416.158244873495
6277405,17519.346891937643
6277414,18436.073104414914
6277544,100646.59835761422
6277575,24775.265781544793
6277586,27133.9054589775
6277602,26383.336000393832
6277603,32582.848460899037
6277605,30083.623874241253
6277609,29645.097059684165
6277714,11862.523014753035
6277722,12504.331719049063
6277726,14159.332979991166
6277729,16826.63476514924
6277808,98080.97461517813
6277812,97729.52776367053
6277883,29888.81470506029
6277892,32629.368909888093
6277896,32676.26741004028
6277912,82389.17691396261
6277914,84725.94472453874
6277920,93048.0199146833
6277954,44715.31233332979
6277977,13686.843497585969
6277979,43725.556947974976
6278055,22765.442434865625
6278187,47749.397753062454
6278192,98010.93947446911
6278195,97046.51011908433
6278234,14199.727968894478
6278237,15755.519554872988
6278247,16933.467537936875
6278296,45770.7525974611
6278317,26440.591404853843
6278324,97210.55770711732
6278384,70721.50832217342
6278388,82911.29449499829
6278491,48771.7309363914
6278496,67667.00940354198
6278507,27457.874161385378
6278543,12958.785249782328
6278552,13202.842044330398
6278559,12195.660052633782
6278564,11795.935729312103
6278606,14468.506274655876
6278622,15591.537156113203
6278627,15889.855665057588
6278628,14933.684599928443
6278631,15093.728110360475
6278632,16733.365971678035
6278633,12327.067660644527
6278644,62006.30482261582
6278652,106990.98304147575
6278781,14898.873041482942
6278782,13541.445416127108
6278949,19522.30215959592
6278987,20689.627600968764
6278988,21261.75315793973
6279043,55801.60992388012
6279047,69962.25671334034
6279051,68706.60727309996
6279057,73077.27901436521
6279065,74590.50275459232
6279070,67712.90809836995
6279071,72383.45581894882
6279077,78209.29761749746
6279078,73997.04104981654
6279079,73968.95950707924
6279080,71540.35604635444
6279084,76065.60553049904
6279086,70463.52601404925
6279091,70689.81569275302
6279094,80351.15527063738
6279099,80509.6284779731
6279107,80104.02188574082
6279126,79354.76051327099
6279129,82472.11356174947
6279134,85518.08988950257
6279135,83777.74703557076
6279137,85978.00073503926
6279151,85183.7076875789
6279152,85537.17644124287
6279162,87879.96591747299
6279165,88181.94749798263
6279170,65972.45554948451
6279194,97468.90722057795
6279197,98807.45090239405
6279198,98460.63100444873
6279200,13365.022281692443
6279202,12992.372147562815
6279210,14316.730187745206
6279211,13628.773432640559
6279213,14066.016187102921
6279221,15198.195878950948
6279223,14762.266549987346
6279235,12439.527291821736
6279236,15281.24686086293
6279247,47663.316920016565
6279248,48789.92102822841
6279255,48952.44348007828
6279265,53685.8056994915
6279274,60649.90658407412
6279283,34610.408396807245
6279287,14946.20929207901
6279288,14931.092630704312
6279294,15096.578679478318
6279295,15226.92325683674
6279302,16040.062253242228
6279309,16723.50613206623
6279315,16560.691471091945
6279321,16824.452367381407
6279322,15131.67896991835
6279324,83795.96567797157
6279326,80895.60705426967
6279327,83825.93916756466
6279328,76654.60006918518
6279361,100678.47043282862
6279366,102192.9660527172
6279369,102076.8600239401
6279379,102187.99572579352
6279381,102945.57925103433
6279382,102579.04941613399
6279389,101416.06121550404
6279391,99686.5568833809
6279404,104076.66569393151
6279409,103965.75640272624
6279459,95874.35241873797
6279489,99889.45117363328
6279497,103133.46589403543
6279566,21177.524467996107
6279602,23936.95328358418
6279603,18284.431695509415
6279646,35061.23799150288
6279651,45344.400052034565
6279652,36984.06786226418
6279675,45475.664493506396
6279676,41546.19880467261
6279679,39469.136889457
6279683,46692.79732746882
6279689,41736.54412911649
6279690,52581.67558814121
6279697,51985.82369381307
6279698,44283.54220395015
6279706,53019.86832045267
6279742,11284.425087108071
6279743,10978.857633802842
6279754,11663.947026240101
6279790,28632.344068247756
6279792,63595.529387911905
6279805,50860.94057516193
6279812,61449.93317745154
6279817,60449.586961105626
6279818,64495.21385557953
6279821,48093.71900551108
6279823,72778.76852680213
6279829,64510.83887714873
6279835,78430.98588188073
6279836,78605.53529084372
6279838,72005.60227377324
6279840,73623.89331973286
6279841,74377.68347667647
6279842,64561.18455825133
6279843,65985.16604613895
6279877,10873.834302213036
6279891,15240.115378987432
6279892,16261.562095894735
6279893,15244.30205127667
6279894,16566.33105321424
6279896,16194.576667498526
6279897,16820.120504633618
6279898,16273.399912570429
6279904,10387.137006937768
6279908,14681.783904522668
6279909,16177.703743988046
6279917,14796.250913641165
6279919,15191.529603212428
6279921,14266.569876872452
6279922,13543.8478345171
6279923,16040.092849169563
6279925,16229.861235373834
6279927,16329.914747975525
6279931,15719.227126023086
6279937,15964.54631289977
6279946,17581.747804787185
6279950,98489.08691518597
6279968,13464.94670730909
6279973,35908.94412515615
6279976,35287.604916539654
6279980,35192.962853612255
6280010,34900.00420828195
6280445,25158.859894352132
6280575,33880.25980692408
6280581,38855.46744524645
6280587,42523.06670159162
6280599,75969.61951745894
6280606,71763.19111632124
6280609,68406.50629504272
6280613,69546.15191106884
6280619,70724.40856995017
6280627,76320.22057307874
6280628,76069.95822111117
6280634,64420.09439220773
6280639,73290.57111020117
6280648,75372.0856394468
6280653,77194.68897893942
6280657,74950.1056448655
6280658,74965.33220648457
6280660,74971.0519019205
6280666,77438.90239448362
6280670,78300.4962480486
6280674,76892.26487248765
6280678,68248.4206832393
6280679,71549.77201317216
6280688,44211.97287904681
6280689,36789.3533122271
6280690,26249.186965848778
6280700,68755.89950593153
6280702,15389.5954549488
6280736,15203.806511271092
6280808,39165.862307455136
6280813,35461.61904490614
6280815,39216.694570643616
6280819,35101.92213130176
6280824,36792.511189100616
6280825,36225.74262797759
6280828,42240.81821089449
6280846,50255.00736595914
6280854,49053.52874655172
6280862,57383.85766234277
6280864,57515.84527250351
6280865,53503.74167904957
6280897,102261.69828716171
6280933,81660.27345093542
6280958,81424.17701266365
6280960,66528.26629060387
6280982,67339.90913952477
6280998,70203.47186276958
6281008,86329.9076600482
6281022,82850.82699082501
6281025,75774.54189514142
6281111,102063.42674131063
6281194,32283.032380965178
6281216,41695.80470421289
6281256,14423.178065972852
6281258,14644.975292806404
6281262,24248.964329474424
6281269,21485.408631454622
6281281,43457.370287374506
6281298,53050.721724546725
6281313,14287.5122055014
6281323,11742.16904678377
6281324,16151.356693294423
6281328,15070.023034308106
6281337,15866.12598405082
6281355,13034.844940102777
6281360,11890.013742641242
6281366,12063.812062784345
6281382,13545.992288257692
6281397,14759.239800451258
6281402,25572.57524496088
6281411,46818.85539866603
6281480,11330.745340084652
6281481,11308.710124700296
6281482,12253.57146767175
6281799,14197.940422630434
6281804,12332.994593521495
6281839,34121.318386763385
6281871,23462.737917564576
6281879,40873.75903444844
6281945,17242.225778573145
6281948,19908.959687391976
6282005,19627.61423412872
6282137,23936.291251413204
6282146,6271.928108257055
6282147,27238.39390650741
6282150,9247.21589765309
6282152,13770.853079898548
6282163,8268.453911385743
6282164,11934.36822326307
6282190,10450.37622618412
6282216,10240.577792444237
6282221,14399.441061701953
6282222,11004.017315525489
6282224,22431.12835367882
6282241,17070.9745269523
6282243,13977.139709798554
6282248,24203.81709384128
6282257,39471.39545342341
6282261,64488.44828836132
6282269,10766.85764167442
6282270,10854.799361574234
6282280,30117.211000732706
6282287,13595.667872760918
6282292,53248.812236754515
6282321,12214.71592047329
6282324,22390.668042012378
6282327,30065.840753617307
6282331,30075.87831955443
6282332,36907.71299331647
6282340,36177.130964778706
6282346,34999.56582732721
6282348,44116.57273255366
6282349,9969.889907445362
6282351,59004.83503059233
6282358,38122.416719365756
6282360,32622.305719388314
6282363,46280.66969878533
6282364,36853.96825521314
6282372,31124.27920747462
6282376,30256.609195009445
6282387,61414.487877027044
6282389,43764.85684051772
6282397,18099.584207820517
6282405,9733.482113832632
6282429,9423.785480266695
6282496,33531.77337207394
6282497,59549.17698468039
6282498,31610.511669879674
6282500,59481.46328318359
6282501,59524.53458485271
6282502,59513.12531572641
6282503,59410.9368661961
6282507,59439.33012745282
6282509,59447.436880638
6282510,59523.966907824564
6282511,59438.30977531898
6282535,9218.938882606648
6282536,57881.6620348602
6282537,60182.508946652335
6282538,60152.38386873317
6282541,12815.558320937851
6282542,10201.632346092452
6282543,12957.722383735789
6282544,12963.037585795862
6282546,14178.670891237261
6282561,14359.422909984925
6282570,10020.30040621929
6282606,10363.021926792171
6282624,11693.509005157544
6282639,10391.060880012028
6282648,10547.245168653151
6282649,11202.828721492751
6282653,10325.747736259527
6282657,25021.198600209063
6282669,9904.28551318303
6282674,7071.570982964148
6282699,10162.970699566604
6282724,11975.792398829426
6282758,28970.942409428444
6282766,13116.97943539678
6282785,51400.6453080622
6282786,52974.58175396253
6282798,18305.474440114944
6282804,10313.651199438229
6282807,21588.52025617371
6282814,22282.40774864562
6282826,27094.547922873335
6282831,29459.335981074535
6282842,27633.80854233959
6282845,29369.903337910062
6282847,19131.198850467626
6282848,23328.05976980443
6282863,29542.898096769262
6282872,39228.14091859043
6282886,11470.992159523126
6282891,47308.81041977564
6282917,43427.8299529665
6282918,43763.521232942236
6282935,55207.79788961923
6282947,73001.28362658992
6282951,19721.697591722623
6282964,11419.338143432431
6282965,11244.920238691206
6282968,12647.952268964009
6282980,59963.25684223857
6282981,9232.472160641008
6282982,11058.19001032162
6282984,22051.591827735574
6282991,23702.536054401153
6282996,12208.566366804704
6282998,8953.869108041798
6283001,12976.273250252223
6283012,9937.128352727374
6283014,8830.35190064539
6283015,9186.296310241032
6283017,11511.653468920336
6283020,9620.090312798471
6283028,37549.48388694289
6283041,12055.944592535558
6283042,8955.34665488626
6283045,12589.990161751286
6283053,10824.249617286743
6283058,14551.608177130032
6283061,10393.221624473877
6283071,62506.46254070278
6283073,15027.668388215625
6283077,15667.096698013867
6283083,13473.772139698269
6283085,11610.75975856281
6283088,14965.722542881009
6283090,11397.445891753701
6283095,56623.103211169866
6283106,22915.24498389775
6283107,16380.609986220408
6283108,19810.789689294703
6283109,16453.008961577634
6283112,24836.8708274991
6283113,18122.31534297506
6283114,13047.581475426277
6283117,14035.047447702465
6283118,13976.366556797222
6283119,13950.583765438318
6283123,18836.01869601705
6283125,15004.138603635496
6283127,16909.517938640332
6283133,19464.03772942956
6283141,26390.382318944707
6283142,16086.175233335689
6283144,16634.80647426943
6283148,14432.425039307653
6283154,20134.16377707669
6283167,27005.77708828563
6283168,27907.743047908065
6283173,22563.748636492022
6283179,25563.796761693306
6283190,20618.517125826394
6283191,33202.57362407027
6283192,13154.438554507251
6283200,17543.45741890353
6283204,16711.83500249789
6283205,15966.343073908829
6283209,21882.46054931271
6283222,26322.13746056343
6283224,22901.06571472979
6283239,8910.956135735025
6283242,9375.302557364643
6283247,21695.06462582981
6283248,14131.12352881376
6283253,30155.14918782741
6283254,20883.769419805725
6283256,19218.924879229784
6283270,9462.595217419856
6283273,27740.75109477245
6283278,21487.580791066757
6283284,22007.911714965034
6283287,38335.70146516075
6283306,30115.717443623606
6283313,31594.959599969112
6283315,25798.13681266492
6283316,25893.209087031413
6283317,28445.793037717795
6283320,27427.357295996153
6283322,31220.810521650506
6283324,12262.526880774714
6283326,30612.020913094428
6283328,32975.01779930427
6283331,15144.311931430602
6283332,10446.141020672872
6283335,10509.809601994708
6283337,10746.246912539256
6283342,8713.963951698173
6283345,8953.527513410234
6283349,10520.08911176081
6283350,8833.98262940289
6283354,82865.44580738581
6283395,42733.61597028274
6283396,58516.62127136539
6283422,72285.15317513069
6283431,13034.024457190879
6283436,13829.449340817264
6283438,17246.76503629502
6283442,12896.913870617562
6283452,22518.066171092272
6283456,22840.122877344413
6283465,14258.02748099211
6283467,15557.862822424533
6283468,42379.50470737614
6283469,63081.12248287252
6283472,12002.458048717637
6283476,21669.340309513183
6283480,11775.949406085098
6283537,23516.81765287048
6283539,27165.183930317402
6283545,51357.91726288581
6283552,60648.51841087554
6283563,12157.683830617349
6283564,12674.119778326838
6283577,21514.525613578957
6283579,18217.139174450625
6283581,21745.402010378668
6283594,29100.289073711494
6283603,22696.22219284906
6283606,26180.757900325163
6283627,31484.47744066897
6283629,28635.184125109263
6283630,29499.56818206071
6283644,37972.628722175956
6283645,32880.36847223649
6283656,40527.40547793014
6283662,42689.7047575362
6283669,50704.072930296665
6283671,67176.72819435944
6283672,59000.2208783613
6283680,72090.8044925763
6283690,57460.14228758791
6283713,49096.212530274395
6283714,65603.0372897732
6283720,67220.43519614142
6283733,77821.885015822
6283735,69964.39185507248
6283740,74340.8074401794
6283747,54704.07909570071
6283760,25435.5611385804
6283770,23751.41415966749
6283775,20184.96045460071
6283776,21822.52154550997
6283777,26648.991973660228
6283778,30176.927720921936
6283780,26632.80727218138
6283784,31553.584994857978
6283799,41897.78244155719
6283802,43541.79302438635
6283806,46231.3501147241
6283809,33309.20353322072
6283813,50519.929495167315
6283820,65378.564003055864
6283821,61962.26506265594
6283843,71306.24321329306
6283845,66920.63455170068
6283846,70882.48308131707
6283851,75637.5066274873
6283854,80406.57771132892
6283856,80584.60154103533
6283858,80437.33333111324
6283874,13108.800263182835
6283876,11227.19516241346
6283878,29477.688099319024
6283888,23182.831658849587
6283895,20540.30358997672
6283902,24327.67587492229
6283906,22211.647870297384
6283907,21646.041091569805
6283908,32500.41934804675
6283916,30435.349125614797
6283922,28143.270203697575
6283923,30602.183828886667
6283926,33310.02948768585
6283938,30051.851109995907
6283939,31070.598634515987
6283940,27886.006366463233
6283952,35398.26360163848
6283956,35726.80584439245
6283962,41350.88458180656
6283965,46554.822893385994
6283967,47225.59558345984
6283968,51664.5602193458
6283971,52553.45054742298
6283972,55973.66075510226
6283981,35701.22641479767
6283994,72243.04466397791
6284056,24128.865796666832
6284078,38265.97053032711
6284081,26909.340162807366
6284096,11901.234446106804
6284108,18776.05940047262
6284111,19946.229243777867
6284121,20261.067350696212
6284122,22986.31696463491
6284126,79194.7085256501
6284127,72450.37796524492
6284131,48945.39445573347
6284132,41386.55030584836
6284135,49088.44056888083
6284137,51989.195141032105
6284143,49250.83009084119
6284144,49023.5506200658
6284148,63529.45482568891
6284150,71929.00637605562
6284151,67395.54775372027
6284199,12571.296050544177
6284203,26725.806179602572
6284205,26528.187580079615
6284206,28860.936522950757
6284220,44930.416678013324
6284222,48401.04039997086
6284234,63043.35343965973
6284245,15538.229591792679
6284263,61025.878156862134
6284264,57865.32478325867
6284267,61165.95090141658
6284270,63054.176649117246
6284289,109406.4977198627
6284298,71134.5364545161
6284355,37825.52149101378
6284356,33080.664541969105
6284357,33093.31816399635
6284363,38741.279460729755
6284368,46642.104425550584
6284373,93877.8534549511
6284375,8709.153073659132
6284376,18068.263432360825
6284377,17261.624655419302
6284380,44619.50696034349
6284381,18344.343159112483
6284390,18920.893427064544
6284404,28207.976318461573
6284414,33441.07491394713
6284420,31853.673971115764
6284424,34409.80814211641
6284438,26787.662181235995
6284440,30748.459652555877
6284447,31284.356337038436
6284450,36038.62909422104
6284469,11656.429246978205
6284473,12197.556157558105
6284477,12211.349587996076
6284478,12211.489348045527
6284484,13189.714945926922
6284486,13181.465278919846
6284487,13199.20341008356
6284488,13176.814541428083
6284495,14186.48921729449
6284499,11552.381770791379
6284507,14841.420895486455
6284508,14870.89217411503
6284509,17321.05910631934
6284512,17689.510648775533
6284515,18072.07214824491
6284516,17643.327665058663
6284518,12357.037253804383
6284521,10194.891691793804
6284528,10754.357225509719
6284556,11270.904579297905
6284559,12507.647590386616
6284565,12509.162687480868
6284566,12496.343842130247
6284571,15391.195398205164
6284586,17078.20486763559
6284593,24457.136196309526
6284598,10780.6372192491
6284602,38712.36035369479
6284624,17381.80884698249
6284625,20486.22892195062
6284641,30309.72176485892
6284644,30857.9482802912
6284655,30283.803670700247
6284657,11165.23867398858
6284667,30484.239722013834
6284668,32332.14649538985
6284676,34098.48184369306
6284677,37111.51198981323
6284681,34152.833179216286
6284683,36700.272682027
6284697,36936.41124133159
6284699,36907.64259560034
6284701,41080.921623943614
6284703,44353.196960531655
6284706,41913.408851763015
6284707,55104.645347439146
6284708,48155.54114792022
6284709,34199.344541555976
6284710,80422.60598075353
6284712,55164.16728374861
6284722,43266.27371814413
6284725,46103.04845025089
6284727,42401.53780613563
6284742,47854.433413989784
6284744,60108.514319442875
6284746,52786.67287939653
6284751,64391.47123060939
6284777,47272.549329729256
6284788,49327.26289068994
6284821,52808.37484803292
6284831,61829.389901337534
6284839,58731.5921296418
6284840,60975.032754162254
6284847,67504.58088925804
6284850,69561.07671209428
6284872,40106.686278908055
6284893,58277.97727783712
6284900,61729.935273416966
6284908,76001.86715642591
6284939,80174.79406912501
6284974,50402.2173068575
6284980,50944.4874732121
6284986,53647.41963326093
6285027,48770.80067924636
6285030,48995.7402055244
6285036,49506.58703901982
6285038,50696.48158687976
6285039,54798.43305978892
6285062,61475.43128286943
6285069,60761.52702648955
6285086,75321.92913461156
6285091,53061.04391775101
6285142,52431.15032792476
6285153,27262.30370350094
6285155,59022.33832679836
6285166,77191.44978688052
6285170,73775.21973045703
6285226,16404.46761389226
6285229,17593.74116704243
6285230,16979.34703081034
6285232,16614.13118839405
6285233,15990.603897065428
6285267,20554.295408667625
6285272,18427.652788483774
6285275,21252.5085180573
6285290,17194.028885144766
6285293,20522.073660668375
6285299,20555.118753563267
6285300,20939.632266399927
6285304,24103.129066506302
6285315,23598.0135124313
6285316,17150.34977056805
6285321,24026.885466356565
6285333,22159.51268062745
6285340,21805.961056578577
6285345,16533.83110567341
6285353,24552.886051203444
6285354,32375.529994303135
6285365,30003.854258662053
6285376,28755.543950263702
6285379,9361.149218946983
6285390,16494.424491229704
6285394,51934.88197243658
6285397,41530.788512192325
6285398,87288.84086127715
6285399,44344.526419133166
6285403,38576.5123734319
6285404,44650.283700460874
6285405,57608.180942293795
6285406,44556.359839836965
6285407,44595.00291466831
6285408,51724.41121025883
6285419,7535.7153249318435
6285420,7431.043242803943
6285421,7791.17661428186
6285423,7900.137084865732
6285442,9482.733757870079
6285444,9170.101476916416
6285458,10469.450915291476
6285461,10188.116622427417
6285478,25551.755636196678
6285479,24706.602201884
6285480,27663.44700310993
6285514,105930.81576048005
6285524,18662.54990538573
6285525,18455.60052727553
6285534,19428.76232287056
6285537,19508.603478065037
6285539,19859.274228898492
6285546,7177.236185296027
6285548,6428.30320239275
6285553,6470.601664305314
6285567,7794.989751902
6285571,10831.643955510963
6285581,37391.10478113657
6285583,20182.227021538703
6285585,17799.97100299616
6285587,22446.065600107795
6285594,21266.37698569973
6285597,24106.186596420477
6285600,21996.790178945124
6285605,36087.88065534223
6285606,31273.169822155556
6285613,33338.505666744255
6285621,41451.96466984619
6285650,9232.17277083635
6285657,9461.070083605546
6285658,8976.083611011503
6285662,9983.696990560244
6285672,10064.129063072558
6285674,9297.093509230006
6285685,12965.325029467747
6285696,10351.207519571451
6285710,10180.753723100379
6285711,10329.01790749005
6285714,10060.453372904522
6285722,10441.290083418526
6285729,10360.531482878665
6285731,11094.700111138172
6285755,10447.506064144469
6285757,10736.053623054804
6285758,10992.164124806895
6285760,10938.992989701575
6285761,10997.596125719612
6285763,10995.41461373631
6285767,10993.988474469435
6285777,11878.656335259413
6285832,15828.899432181679
6285833,13376.180414723096
6285841,12145.63056747673
6285850,14847.267994005228
6285858,14238.920847163994
6285862,17457.517080033238
6285867,15126.109379268324
6285873,16169.944710374593
6285881,11694.7247184075
6285885,11101.27328326638
6285898,11506.582139479728
6285899,10713.34564166889
6285900,15567.911451446833
6285905,10930.39941784012
6285908,9077.208970085683
6285910,9294.176607728208
6285911,9092.74542442492
6285913,9373.979243793685
6285914,10556.725560675231
6285918,10439.84619439405
6285919,9316.115678058553
6285923,10461.755001483276
6285924,10962.754264733992
6285926,10573.271205244202
6285935,11519.15478855938
6285937,12190.636218481513
6285944,11227.1309143492
6285946,14755.664812212466
6285956,11857.65901913821
6285959,11569.902904842658
6285963,11505.353062741275
6285967,12089.4052829504
6285972,12408.659380012909
6285979,12208.368421261706
6285988,17209.827853321778
6285989,13916.112558107781
6285993,12517.98252388071
6285997,14380.172368150737
6286007,15002.46442524941
6286008,13943.932717742537
6286011,14634.67091143267
6286013,17043.384094018977
6286015,14383.683825188147
6286027,14206.175838185765
6286034,17730.09811626024
6286035,13688.984479154797
6286038,17854.75285661588
6286042,14915.706741048662
6286046,15103.088056554136
6286049,15447.416181183546
6286050,20073.326691399692
6286052,18004.994454971136
6286060,16055.49000010073
6286062,16688.103351300055
6286068,16249.035499083031
6286070,19490.99173215743
6286071,16405.46895472961
6286081,25016.784329418024
6286089,23007.10881027347
6286092,22237.697816889493
6286093,23842.923118220224
6286097,21700.693302287338
6286100,21395.110491616117
6286125,21544.01080140884
6286132,21538.032476273926
6286134,21741.25460890396
6286137,25386.38885047172
6286138,25414.731881921038
6286139,22207.17857367604
6286140,22207.284470776114
6286160,23055.388442788586
6286163,23469.966725719594
6286170,22045.97726814
6286193,23512.3324128952
6286202,26356.75309965125
6286208,23048.661009091767
6286210,26223.589540336503
6286215,25314.8727427539
6286218,23116.067865323643
6286219,23125.10855578914
6286221,23117.611147608237
6286232,23871.22764005799
6286234,23341.14545360429
6286298,25046.124007849863
6286306,27081.734150954293
6286311,24687.664806440574
6286312,25029.552054115295
6286313,24635.873236323303
6286327,22076.738187494197
6286328,24613.632991826078
6286330,24683.68603128574
6286344,26676.022256287186
6286349,26223.86464867203
6286360,25789.330093374687
6286377,25894.838984707694
6286381,23969.483879380405
6286382,23899.47458823326
6286427,24881.72754107595
6286431,25624.527441617847
6286454,25912.18151926664
6286459,26371.034619871214
6286468,25850.44861740896
6286479,23712.258392756477
6286483,23633.46419982027
6286490,23898.904763307015
6286493,24275.065134736513
6286504,25947.396360895375
6286518,25625.700512020634
6286532,26579.622092085134
6286544,25066.65117491954
6286545,24958.279444927008
6286558,25098.13171501271
6286559,24941.884548536844
6286561,25099.208876003544
6286570,25938.415001729933
6286571,28573.47640724273
6286577,25938.63764247023
6286580,25230.512770258094
6286581,25938.76133259611
6286586,29913.196546141324
6286587,27758.906257386123
6286591,26989.24700921283
6286597,27456.80052263065
6286606,25933.715254300238
6286609,24930.92097270879
6286618,25074.445864814832
6286627,25934.333593467418
6286628,32099.16592045607
6286633,32413.530575740817
6286635,32462.998018787122
6286636,32462.843218750604
6286640,35699.6942743374
6286642,32266.657078623786
6286660,15220.737937179303
6286669,16599.43313995273
6286670,18936.472951744036
6286675,15554.361427727325
6286684,16834.291442168356
6286691,17290.11252756835
6286700,17456.26839423962
6286701,16909.872739148297
6286702,16298.065102579425
6286704,16901.24674611957
6286709,20971.90954369897
6286712,22450.433091688872
6286715,21768.164581807767
6286721,27112.17675899477
6286743,28511.52097671893
6286745,22188.527385469813
6286751,23074.32813134653
6286752,23060.072423315843
6286756,27487.219072279233
6286760,23057.499414826492
6286777,24234.49141840422
6286778,23140.794818892147
6286779,23566.369124988836
6286782,24591.99915988601
6286794,24594.743397248498
6286795,25469.32667897515
6286798,29454.33539481292
6286810,25390.214524203533
6286813,25404.214623053635
6286814,24570.782707846134
6286815,27175.911832421552
6286829,29855.19754854553
6286835,27577.9932176237
6286843,32949.051664965125
6286854,28799.786045104385
6286860,28005.674489509867
6286864,35439.23741047315
6286865,35439.40640309698
6286885,36460.46229197391
6286927,23679.038037559283
6287009,16931.287432768182
6287017,18222.056728532516
6287047,9089.909968403963
6287052,10676.247164764227
6287065,16850.04914485539
6287067,13334.083342774593
6287087,14824.501363104218
6287091,15765.846203347308
6287093,15847.43376369228
6287094,15736.372298419683
6287098,20258.16904601961
6287099,16625.036417243562
6287105,16891.223552803316
6287123,23691.1004543073
6287125,22592.71082886206
6287126,27116.210772952454
6287127,28500.863838568093
6287140,30463.227195103413
6287143,22292.334229014938
6287145,26648.204107507274
6287149,26011.965471401734
6287150,27161.40167062191
6287152,25988.13600361896
6287153,26555.72848865512
6287154,26800.030102399924
6287163,31240.319526649328
6287170,28457.623730654475
6287172,28471.577243187
6287186,31349.735649345686
6287212,16145.87376886449
6287228,9806.060723913439
6287234,12870.99837826823
6287250,14230.693595218569
6287255,14870.409961918424
6287262,16847.927983883215
6287270,14247.12567906272
6287277,20885.442537349198
6287291,19511.766721797227
6287306,17992.480523600247
6287322,35105.7386888644
6287331,26734.371744534827
6287340,26713.16678956386
6287358,35122.21490829718
6287359,39238.917003747614
6287360,28681.429257937372
6287367,32588.690967965667
6287375,29417.503316684
6287380,32040.90090023574
6287384,44748.92906445067
6287386,34762.08148932927
6287406,9122.923553688008
6287408,11075.151817264861
6287413,9294.336171379302
6287415,9946.041420704914
6287416,9958.666121957944
6287418,11162.704510296562
6287424,64454.01640239856
6287434,13729.01972371822
6287436,14801.910810828806
6287437,14785.52986318506
6287443,16103.014132716215
6287445,16173.954879332416
6287446,17273.992738206754
6287447,17491.282060840753
6287455,16288.663695158468
6287461,15945.951062112674
6287466,23129.696404166425
6287479,31990.215517843677
6287484,29133.111795449597
6287485,31165.507018647702
6287493,28552.936731696693
6287495,32491.524779675834
6287504,32093.13570548686
6287510,14349.374175224622
6287529,19968.689207958956
6287532,17327.13938705945
6287534,18008.15435342568
6287551,17569.846401868785
6287553,17562.45817817712
6287554,16607.160664464092
6287555,16472.085506960688
6287556,16561.323261534002
6287560,21538.299513816204
6287573,22129.43841578248
6287577,22354.672202555008
6287583,23463.319720647298
6287588,25810.5401962593
6287590,24844.73623611389
6287610,22611.65861920721
6287621,23279.96404010733
6287647,37303.05735906529
6287650,32500.016405549126
6287651,31817.027632486173
6287652,36326.210569937524
6287663,32961.812124084936
6287677,36668.40056254235
6287704,41630.124658745604
6287705,37783.73461199809
6287709,37050.79150762961
6287714,38299.19469146506
6287717,51392.900663786146
6287761,38072.71233086368
6287764,38172.98690956378
6287786,39723.27993470286
6287796,56295.56638657516
6287805,72394.22548668965
6287807,46426.42051637751
6287817,48697.319962759655
6287821,63349.946203670435
6287824,72233.53746359146
6287827,72277.6393838677
6287829,80857.27307851543
6287831,81255.1465958989
6287835,53102.80856990026
6287841,83142.82171341615
6287862,12039.065271579899
6287866,14210.729037933172
6287870,15478.341687124213
6287875,13555.866320784296
6287881,15109.369672469462
6287884,16308.21849561029
6287886,17992.120168883703
6287889,17230.78425878581
6287892,17925.424694757745
6287906,31441.298379164073
6287934,13345.024729787157
6287935,11626.251307414717
6287939,14511.997576745154
6287941,15655.028001274357
6287948,24085.136581341212
6287950,26888.817032548537
6287957,24137.7040356731
6287963,30742.067473607847
6287966,17840.45458322135
6287970,18808.39179279702
6287971,24883.95826277015
6287975,30991.226663051442
6287976,39020.60725347432
6287979,31405.03659323819
6287980,42811.40629091137
6287981,40669.03736856237
6287983,28872.058720001623
6287984,44840.4790907958
6287993,61512.26100453376
6288005,56951.133488830324
6288011,85176.72146583676
6288014,79957.32690595662
6288015,70664.87616741315
6288048,14918.665976003876
6288049,13274.192457564233
6288050,15773.44143247148
6288057,23078.839873657478
6288068,37722.310024874496
6288071,31297.934681367587
6288078,35767.30714002575
6288109,102203.1998399681
6288110,102054.1802190519
6288223,12946.024261517867
6288228,12914.367649655795
6288238,16195.997697943485
6288245,16908.324573378846
6288248,14365.176032025836
6288251,10516.246909285035
6288256,16297.008144867228
6288257,30903.568087274733
6288260,14907.714050922319
6288262,18926.7590662561
6288265,12677.371850284757
6288270,27496.894038866598
6288278,40245.92672088432
6288287,19323.835227834537
6288288,17842.071075461903
6288320,25051.78581900061
6288322,6981.60416401408
6288324,35361.51873334258
6288327,46225.75094698591
6288328,28344.07888306541
6288329,30331.14909365345
6288330,34569.33780969265
6288331,84736.77287248752
6288338,31831.68717776938
6288339,28587.21408360226
6288343,17183.422355791066
6288344,21298.650068455674
6288345,22056.240166451425
6288347,20241.309138672466
6288350,23406.349207654985
6288352,22649.688289200665
6288353,22488.277404345314
6288354,22547.163260941812
6288355,19451.53008105636
6288357,24106.50846423494
6288358,22225.379106070584
6288359,22201.185620856802
6288373,56261.7527341013
6288374,9804.27451289017
6288377,13771.325907067698
6288397,13086.714503478983
6288415,14252.589131026774
6288424,10899.335454477246
6288430,20583.563988085833
6288460,13682.940984318147
6288465,12875.320147999817
6288475,15896.64642162564
6288486,9570.780125273017
6288495,9521.086974116726
6288496,9457.776994161552
6288498,9617.576585276538
6288511,17759.968856872765
6288513,12887.298536503598
6288523,14506.877431118372
6288527,13141.058776965374
6288534,16019.453867308175
6288548,26850.7112399552
6288549,11197.861389257996
6288551,14976.974192698064
6288552,12955.633982315014
6288567,12760.06496454593
6288568,12707.174959230366
6288571,12108.121916408858
6288573,12798.238072453074
6288575,12455.673087533865
6288590,11678.573861315543
6289668,15974.537648957228
6289755,10685.22181947115
6289786,10764.80403167304
6289793,21002.393694868493
6289795,21795.56516600975
6289798,21911.405070697703
6289799,20288.71868213976
6289838,10986.577626974864
6289844,21409.909174793007
6289847,12690.678970294824
6289857,11932.251274555989
6289864,13787.661539098135
6289893,12027.565501320381
6289896,15020.28898618052
6289898,9934.200163227046
6289925,11339.848315373096
6289926,11342.725596861656
6289932,9338.854703500077
6289957,10677.377495009732
6289962,9105.815550060002
6289966,10771.623525643987
6289967,10502.855324514288
6289968,10657.913847636053
6289969,8642.425165892342
6289971,10337.552806830308
6289972,9994.119657792076
6289973,9786.551629162963
6289975,9298.556737591323
6289979,10338.814914233591
6289982,10871.69807572328
6290015,8780.222404956281
6290020,8555.587309242372
6290030,10056.961271780176
6290032,8654.336275613485
6290041,8777.65183241201
6290051,10244.993486716656
6290052,10120.197985435296
6290214,12395.5179098711
6290218,11324.954378444918
6290249,12354.75107000791
6291390,9334.21521564812
6291470,14405.045350903718
6291473,14400.567238860041
6291509,16193.093986042642
6291568,19438.715301494944
6291571,19660.062862200997
6291575,17580.339331143958
6291596,17432.842968987672
6291597,17678.834537638588
6291635,22006.043743528793
6291636,24559.021917283153
6291638,20205.819875953697
6291640,16529.637125216937
6291679,26905.23428402758
6291684,32569.768773071435
6291740,19154.841870349483
6291750,24840.85060253801
6291781,33116.68169599731
6291797,31574.054733585017
6291805,35669.60955522856
6291814,37403.44513893493
6291815,35772.731250477584
6291818,33128.52762000697
6291868,29892.349552491138
6291871,24731.992596054886
6291883,34085.5089118392
6291917,28468.481904968074
6291921,27495.923766679083
6291927,27222.708008371734
6291929,34091.3932641719
6291935,31110.09378563799
6291948,22112.181069198483
6291952,22777.778061758436
6291963,31956.61203965894
6291971,37954.163831009864
6291977,38914.543177045205
6291981,41637.31143771824
6291990,65641.4633786346
6291995,10467.424075267572
6292001,29630.427148091796
6292011,59438.4798327916
6292021,36323.47377114553
6292034,33392.88767814862
6292167,18927.76994463979
6292177,25116.258109974304
6292189,26208.088098767592
6292202,24471.625371173952
6292207,22639.55950747072
6292247,91972.21060135779
6292413,10399.815662165052
6292443,65257.77749259831
6292447,20118.903663798064
6292455,92885.50440351125
6292498,21452.279701392643
6292579,30096.451455296377
6292634,24592.86696252804
6292644,29123.05555900472
6292652,36480.49667351022
6292653,49263.09084029105
6292659,40073.805048231436
6292661,36019.936626115436
6292664,57163.84231575695
6292669,53825.249739224884
6292732,72930.16623788618
6292739,63746.42430483699
6292746,10844.275569557778
6292758,20942.208624941497
6292769,88095.53731127728
6292770,96914.62107029441
6292797,88437.63843516466
6292800,77405.74974472425
6292802,81525.73289353117
6292814,29206.443752042593
6292837,61294.88664159296
6292842,76328.5913746975
6292852,93800.26315542542
6292853,95596.43134079644
6292882,78926.96606737372
6292885,76175.22401923664
6292892,82531.36015730903
6292912,97677.8137334052
6292919,92300.92905678725
6292924,92359.2206536996
6292928,96874.14696295054
6292930,96845.7882013202
6292931,96769.80550124074
6292934,77630.56472420554
6292935,35463.7835774562
6292937,92495.75983192782
6292969,36601.004160255296
6292975,81036.44932242787
6292990,69758.71715910643
6292991,64249.09753514132
6293014,40112.73018215249
6293042,57664.19241747981
6293054,71159.91319001398
6293058,63659.42631245112
6293063,63328.502093412375
6293064,70315.30406449296
6293065,70980.43514628416
6293068,65504.13426793171
6293069,68084.07711467824
6293070,56357.66461972818
6293200,34925.94222697168
6293487,69223.89646140752
6293488,22599.800917822075
6294504,20973.889768369765
6294505,13716.272121095872
6294508,24180.652339164804
6294520,14663.563841381869
6294537,31074.332514232538
6294538,26997.768262754125
6294544,19199.541996870114
6294558,23888.080670588446
6294560,23193.955568574802
6294649,22563.167619599186
6294650,29433.780107071852
6294653,25580.13690985331
6294658,29784.55410361573
6294659,26054.19794980913
6294660,26059.76453513639
6294685,40151.00386377523
6294699,53314.56597415883
6294719,88843.74532961911
6294793,28941.06238755582
6294854,68385.43751056748
6294857,59597.753496977806
6294870,17551.323079837137
6294873,38494.850696711736
6294889,10227.04949345227
6294897,26530.920142921517
6294925,19066.626396245058
6294970,8767.427238201637
6294982,32158.18094047302
6295064,16712.886983303448
6295068,31547.025446944062
6295088,19223.10447072208
6295573,37891.883982443294
6296215,10028.321985622815
6296548,18005.06314251996
6296566,17481.242415094424
6296582,13168.598061514494
6296869,7770.87876875636
6296915,63269.94533393703
6296916,66723.90747742825
6297261,22534.4367201475
6297417,55168.639281273296
6297418,55147.650341497654
6297419,59477.88959599776
6297490,10880.920036908583
6297615,41521.00653774199
6297616,41513.68146676908
6297917,68448.79389637143
6297930,57321.83139685742
6297943,15638.821598673358
6298021,10901.685061285663
6298053,12684.676940734176
6298125,9790.220632367647
6298158,12545.041694023852
6298159,12802.291207204316
6298210,28370.52848613947
6298229,16053.193265061229
6298271,9381.134514503086
6298273,19599.83574049752
6298276,13696.78100298863
6298291,18219.154689818108
6298313,19033.450748850457
6298318,20710.63323229487
6298330,20652.85990417325
6298335,20760.60711479571
6298337,20379.983408195847
6298338,20639.785199319973
6298345,21185.180671777794
6298353,25563.016597915295
6298358,20700.87796698551
6298363,23117.434767275616
6298366,22185.75539133863
6298367,20642.816848291484
6298368,14265.69908009059
6298369,24248.01615871724
6298392,12760.137984154282
6298397,15308.700297283403
6298560,43698.9181941379
6298574,29040.459358540356
6298991,61477.014272576336
6299002,39110.47050633325
6299022,34023.86561961976
6299026,37902.58218354467
6299054,51378.786845704926
6299074,25655.289407301796
6299075,28846.352018691694
6299084,41598.01769567152
6299125,11658.964287692927
6299129,12247.519164028954
6299219,19383.14034315211
6299239,55415.58104276636
6299240,55423.50901531216
6299244,22607.151959995208
6299265,29202.321593392782
6299274,60402.62032541113
6299278,33801.96226363771
6299281,31135.501547519845
6299289,66043.52731168926
6299292,39921.75603390397
6299296,44135.63627971703
6299305,65065.50429099774
6299306,82523.41093194667
6299317,43032.04167915674
6299319,39726.9548551517
6299324,19071.282146776502
6299328,20323.306843633385
6299331,53118.35847379348
6299350,35155.72699353241
6299356,43717.634495845195
6299362,79203.69673833386
6299455,32540.4595292179
6299456,31966.8540041932
6299459,29228.23400849074
6299461,30193.480709917418
6299462,71810.70396591429
6299491,12277.318793414242
6299528,13500.540675571276
6299555,12287.135290943745
6299622,39797.75388449805
6299625,31078.096481972058
6299642,53236.93034566561
6299646,59652.91167195265
6299649,54614.939681543096
6299661,67733.5758966707
6299662,70797.6961351678
6299663,67835.71565579386
6299665,64538.1609992882
6299687,28105.370164590746
6299690,28808.301940540423
6299693,27439.052289355353
6299694,27141.22988239
6299717,10817.592838024442
6299862,13416.631612553041
6300072,13918.886764669442
6300130,10271.89994108151
6300150,47833.626783491665
6300151,42992.70278422216
6300152,49191.68317550538
6300162,62473.68466890841
6300171,14825.123478951262
6300220,85803.60842667751
6300230,91348.94197720142
6300242,38238.06262819588
6300243,67827.56468471387
6300244,76689.69825086599
6300263,27550.810997670487
6300273,26756.945970612684
6300282,26679.100818015104
6300284,32029.04676881754
6300288,26862.006649272207
6300303,30930.547553818575
6300305,33801.446475302
6300306,29811.779216220326
6300315,32367.657401994762
6300320,34436.005839233956
6300321,36113.53045994299
6300322,36458.58463287573
6300324,34470.53975730894
6300325,37146.56785299496
6300332,34942.267415657036
6300339,37060.863448782446
6300340,34900.470190071326
6300341,35013.92180117095
6300342,30908.519929947404
6300343,35399.917849347024
6300344,33110.555067171445
6300346,33062.623358620964
6300348,33021.84620905433
6300349,34851.44310416396
6300350,33316.79673199432
6300351,33005.410933253406
6300354,33013.973887474436
6300357,35084.88659790139
6300361,37726.51942268458
6300363,36753.968550400845
6300365,33554.67840213563
6300367,37952.93315755492
6300368,36134.16681223846
6300382,47307.45689460472
6300441,19587.689176786098
6300442,16909.84048424906
6300447,30183.058465385606
6300448,30753.474631317185
6300450,37591.119255249825
6300456,40491.39884385846
6300458,37894.883511184504
6300461,43278.24161045014
6300463,19372.71695419952
6300473,21143.98295330956
6300554,11939.388941243622
6300555,13552.065776053034
6300557,12769.512302199453
6300564,19867.609680341007
6300578,38393.144800756854
6300582,61241.48085088405
6300602,46369.51566114238
6300605,52029.32222498921
6300609,43917.17417549731
6300618,54270.90716866012
6300641,50046.80982511161
6300647,57904.46462412982
6300656,68443.18014888851
6300663,68136.88647892725
6300755,51131.641272862296
6300757,52274.42500067038
6300773,20867.921290433474
6300779,26054.74461535192
6300886,48428.69800882781
6300932,14544.7260944152
6300935,15905.093440576436
6300936,17998.333007972433
6300953,17601.243270755196
6300962,17998.401670109804
6300964,18564.203759973065
6300970,34539.97504721746
6300998,32312.109766900485
6301017,21041.529445767177
6301023,16111.109824858828
6301024,17248.87060487402
6301037,25917.000950835045
6301038,36469.71291305455
6301056,30640.79135302694
6301059,23457.591826199816
6301078,19339.100962269567
6301082,16121.561893187725
6301100,20154.836151858934
6301112,17794.963690381108
6301124,25041.538162327077
6301157,36608.30032314018
6301161,10639.033607697032
6301167,14079.4782226351
6301173,18911.02520910768
6301181,12810.034795743028
6301192,33682.188784905076
6301211,58885.54584847847
6301224,23155.98377922156
6301239,14251.963853775964
6301250,32309.089922099098
6301253,41234.59322058619
6301285,25033.323955434105
6301286,69688.49890133878
6301312,23682.741946432623
6301335,18122.557316955597
6301343,9451.149181694858
6301355,9240.435968659904
6301375,20270.460706200727
6301401,29953.82001906912
6301511,48027.0750425787
6301578,14759.422795586443
6301579,14119.106761360037
6301580,16161.75779990456
6301581,16315.4370014237
6301652,10725.880231400954
6301655,9313.867919275566
6301662,12449.805942752093
6301682,31336.822204535856
6301694,32626.84838891557
6301727,13502.755541703513
6301729,12249.341550896706
6301739,13769.487225926372
6301773,10731.835715009282
6301816,30274.100927279258
6301879,15313.183297178663
6301903,51793.27123361906
6301907,19532.843285744773
6301933,61007.14070923502
6301943,19100.461003794444
6301978,37202.93900456235
6302022,47100.284057122546
6302033,41875.37211527405
6302070,18717.272745485432
6302071,18785.176377513653
6302080,25118.917109629154
6302084,11884.843756465361
6302088,16143.964423270487
6302106,36045.22875159816
6302123,19069.790727950334
6302126,18082.226900775928
6302152,46422.78997397699
6302153,18901.684913580604
6302202,14650.42362723667
6302228,41339.76506016078
6302291,16454.123114665497
6302337,17604.836014123735
6302338,23575.76579634893
6302339,24798.52712676052
6302345,26062.84654910911
6302383,20551.159158783008
6302409,13134.104667119736
6302417,11874.227395711308
6302451,73107.32281877377
6302472,43308.010614983345
6302485,46103.9717926815
6302517,12072.283378890994
6302520,13933.829197288202
6302589,13255.139866425598
6302617,11002.254262767632
6302694,14869.388858291117
6302719,18435.79177915183
6302727,28786.87964994394
6302737,46078.43280566417
6302748,10465.497443415567
6302770,10571.446084404166
6302845,86748.00856549785
6302857,60353.10000753961
6302887,11967.183337146256
6302907,12540.376274972148
6302942,16771.96769550454
6302956,13047.05883381859
6302977,13926.415746898358
6302979,14722.75654531876
6302980,15253.624433377652
6302981,15246.046837473692
6302982,14868.027495849099
6302985,14878.36846292275
6302988,14567.104770883027
6302994,19543.24099202091
6303030,26163.310476180326
6303031,24902.19122685606
6303032,93641.07750295196
6303042,30655.522926991223
6303043,15215.004967749679
6303077,41338.74000659689
6303078,27833.822433315436
6303162,108384.2929881018
6303300,27615.55083347835
6303306,26134.755764888185
6303357,9143.39442527084
6303378,25329.942519189175
6303395,32153.059561030303
6303400,20063.08706599612
6303441,35463.51300366248
6303461,25857.17999812543
6303467,38327.14720942946
6303483,40919.74372587496
6303489,29270.997896151694
6303515,32795.05981838108
6303516,44255.84600035232
6303527,13828.499711829472
6303536,57419.00281067788
6303549,31343.935897946893
6303570,13780.628141109371
6303585,53316.447297730345
6303608,63172.390700267126
6303611,65615.42630674236
6303621,9741.998830259206
6303624,17910.933172057103
6303626,14418.666814025688
6303630,19566.329503797497
6303639,62107.033935330044
6303662,94814.5913388511
6303673,21872.36194810844
6303681,51936.31835988463
6303693,18917.952267894463
6303725,14856.163396129341
6303737,9308.85905689396
6303762,17830.69068204922
6303777,28776.448920737163
6303786,60217.64522492938
6303789,31650.029033209572
6303798,60593.82655136572
6303803,16538.799037619585
6303807,12171.292874071676
6303838,15393.103804887787
6303839,18560.99940294229
6303845,31484.98790195685
6303859,85900.30368804674
6303887,35161.96376723656
6303904,89234.26956229874
6303908,19357.313916154126
6303943,33364.9378093011
6303944,47724.722357121886
6303947,24792.16591195384
6303948,61127.17152172184
6303954,89867.61845503148
6303986,19731.42425797431
6303988,22192.27330169476
6304012,13281.182733312875
6304013,30148.822839619283
6304014,21909.44081273725
6304018,25878.988879207343
6304019,25875.11423961304
6304020,26872.589198271104
6304023,26813.68232685406
6304026,26874.460154978675
6304032,32981.33952981429
6304035,26920.377816924425
6304036,27311.749080812042
6304039,21282.852470830076
6304042,18205.91891631846
6304047,24498.10601634458
6304053,36145.57526352306
6304064,37563.345275414424
6304071,22524.746152576667
6304076,38433.516303034085
6304084,14231.060054754409
6304098,35286.59531589705
6304102,45913.277420222206
6304107,47840.56132164937
6304127,43735.149205634254
6304131,70851.25887261718
6304135,69330.3332109113
6304139,69256.31889263638
6304140,60664.252901085034
6304141,62960.07692891388
6304155,27589.51562731205
6304157,34719.10907403904
6304177,24272.33341618537
6304179,28094.168190331722
6304184,16563.029216116418
6304193,33618.677731200034
6304199,39920.08084354004
6304202,53628.69719904443
6304203,67041.04617191665
6304207,70548.65285691255
6304210,64699.3750891819
6304212,94160.47611296385
6304225,20667.63798038907
6304235,16521.803854257436
6304239,19276.087931687605
6304241,25584.040579392953
6304243,27643.614195455237
6304248,44084.06167312265
6304249,28582.60686499369
6304250,28474.64576144094
6304256,35370.28814523747
6304260,24060.387289844108
6304264,25517.978168250404
6304267,52189.991189060886
6304278,46280.00763892508
6304284,22327.676037121364
6304285,36535.50862617039
6304298,20825.9302432094
6304300,60954.21815064286
6304309,36669.62455626285
6304313,54839.68235739952
6304314,52067.196049079466
6304315,25913.24418868933
6304316,62828.5971614991
6304317,47829.24759307832
6304318,59843.34270798313
6304319,49231.90473509859
6304321,62375.21619966082
6304322,64356.477358496806
6304339,35289.859795601405
6304343,27506.36254540823
6304348,42038.068837012026
6304359,40967.382009665234
6304360,13875.717044107194
6304361,42978.231517703585
6304380,39859.78276798481
6304389,40348.38455422747
6304393,34115.8518394776
6304394,39426.62472915538
6304399,25892.49295231202
6304405,24712.729342947605
6304413,31531.805329492643
6304421,31516.532439897426
6304423,33559.92700751318
6304429,44524.07670117684
6304438,45625.102033453775
6304440,30850.680077922465
6304443,30893.37214862669
6304446,43476.35630371748
6304450,31210.658747800422
6304461,31739.260029207144
6304480,31101.105119515032
6304486,32743.524973959247
6304494,46661.94776482667
6304496,39562.48548392408
6304500,45463.73932742048
6304505,34160.32547659284
6304508,40928.330140300095
6304509,31325.19867708368
6304515,26095.553246927033
6304517,35062.909929157075
6304523,37977.19202011622
6304530,48015.350869551956
6304539,45465.86394621759
6304552,56986.99187213087
6304554,85892.52146321125
6304562,41158.09785094903
6304568,38311.578977414545
6304570,78756.43462790138
6304571,77814.46360104143
6304575,77767.9474578018
6304580,65002.79969584032
6304584,86139.52031874243
6304586,56951.024861359976
6304587,28397.598590153684
6304589,80897.84440668479
6304596,38321.88400081276
6304600,29972.537342751726
6304602,83469.74989136349
6304604,82810.22392225187
6304611,87660.90908924406
6304619,81654.19917264812
6304622,49313.34009907013
6304635,66220.87874397765
6304638,57859.25468260332
6304640,59419.15308181376
6304645,58309.944060926704
6304647,63937.36054733839
6304650,86434.94425684902
6304667,65996.87193631782
6304676,57634.33850756141
6304677,33089.56259415603
6304691,88724.18856464856
6304692,27698.928317885588
6304698,16961.219746199586
6304699,26123.21803778137
6304708,17346.56761709068
6304710,17978.75782287029
6304728,110017.11850016695
6304732,24899.05648569787
6304735,20171.643273601763
6304742,22716.426672350655
6304764,27013.19573990302
6304770,34451.41203604033
6304795,26269.472444443978
6304800,23629.38488765616
6304809,52388.31509668334
6304813,50834.8511878556
6304817,59459.62743656272
6304818,60518.9799168818
6304834,37655.669911809724
6304835,34312.153195338346
6304838,41728.663676437616
6304842,57202.61679243312
6304852,73956.403874193
6304853,75956.94161040419
6304857,80294.92868867703
6304866,58477.68112012515
6305031,24430.303739856023
6305203,20288.09949851278
6305323,20934.819918543337
6305438,22946.32147141941
6305505,21929.697837659143
6305507,25375.399299185065
6305535,30456.08100744077
6305540,33441.45763031224
6305560,36626.11046220698
6305594,62379.20192888396
6305670,33457.6952163958
6305683,14616.063227260143
6305688,10428.08345414801
6305735,33818.632910780565
6305739,34034.31568628555
6305795,101312.62483356822
6305805,33854.58175094199
6305827,105289.94361878913
6305873,52518.077857102384
6305891,32205.722924533115
6305893,28414.39502408627
6305914,38629.084829680316
6305920,41754.141216202304
6305927,37162.86770145937
6305938,47897.5812343281
6305941,45891.34523930379
6305947,51798.359154724174
6305948,60109.94745902662
6305958,67762.71528589059
6305979,77019.45279783032
6305988,72520.54336272604
6305989,72337.21969047919
6305995,63725.08908317381
6305996,72154.97875027741
6306018,86600.62577847888
6306030,74087.35518885209
6306043,89128.6362142749
6306044,85132.05568801663
6306056,95328.04312859355
6306078,81825.07415960422
6306086,76967.68624064582
6306142,14919.6050867071
6306150,14926.89231737386
6306170,12864.947883467046
6306196,73811.53364342287
6306202,94365.08147900984
6306204,91601.58469478083
6306305,97362.62520621385
6306326,93962.9453541851
6306431,19795.28379050164
6306449,49103.892061906
6306480,71149.0557247553
6306483,63586.31119879861
6306487,76344.53483159411
6306488,74334.92314965944
6306506,81330.11582636945
6306519,42089.65823799845
6306522,50888.88754873638
6306529,48692.21157363994
6306555,61733.34989788773
6306556,51547.720525406956
6306572,85828.0789811186
6306604,81590.21308866047
6306605,85113.54656080039
6306611,65285.35369702069
6306614,17720.32700705956
6306615,18158.9939382673
6306616,20058.03616626288
6306619,19728.84631843475
6306620,19488.408030757095
6306621,21695.06462582981
6306625,18376.1424837484
6306636,26771.878379628644
6306638,28908.318179506023
6307450,79057.67035187496
6307718,49629.401390188126
6307720,84055.69157436823
6307723,68419.68573778468
6307728,81419.51795995995
6307730,27833.716252096936
6307731,26847.561666838912
6307822,20868.140215278483
6307919,34310.026229023475
6307925,19573.403247880608
6308037,67147.90482631954
6308185,14571.10656990064
6308193,9844.54775768585
6308281,10507.293906920844
6308315,9372.548844619792
6308320,15484.35108930478
6308322,13514.879352819446
6308323,13602.39930404323
6308413,20191.776399611193
6308654,12657.956434242522
6309766,12610.107111727024
6309808,9169.02575200636
6309826,9518.762529608774
6309828,9514.260532966187
6309835,9386.934286859214
6309840,9526.84604983906
6309847,10149.893410576353
6309866,12097.709956282597
6309869,10601.616068696932
6309872,11643.851151137369
6309887,12474.968622343173
6309892,13456.70458485463
6309895,14894.241423346872
6309904,17055.124094714938
6309905,10634.955244557952
6309913,10583.895423511482
6309914,10514.521885908254
6309928,10331.993480741827
6309934,11999.356206968883
6309935,11985.80221579143
6309938,11600.4103358218
6309947,11955.125082971672
6309950,12413.015340955917
6309952,10986.315665833137
6309954,11365.748463736762
6309958,11120.793432670713
6309980,12804.806749311934
6309985,13130.23451428946
6309990,13265.548349588105
6309993,15494.01236184976
6309994,13623.57507826655
6309996,12006.579816499168
6309998,15631.962067148903
6310008,14064.111336094416
6310027,12589.581906436344
6310028,13821.590486860287
6310033,15390.094501969923
6310034,16484.108010299682
6310067,20690.791828810005
6310071,22335.811935814905
6310080,17750.45215034491
6310089,18495.91692512602
6310163,5746.525298055044
6310167,10417.20826004357
6310180,11411.673253419893
6310198,5811.236959998099
6310205,6017.738134083982
6310214,6409.5132584171415
6310217,5897.206286616899
6310218,5972.654336236348
6310226,5914.759754889816
6310245,15523.091579991718
6310249,6471.305287786629
6310253,6579.23208184601
6310256,6033.877418334426
6310260,6102.848816310743
6310266,6302.770809628388
6310272,5925.477413890955
6310295,6674.262363183091
6310310,6277.8953280977075
6310311,6324.950993792982
6310314,6179.30042583742
6310328,7207.991152944709
6310331,7478.476338551059
6310337,8202.379192476543
6310351,6550.62216367276
6310360,6509.50170273863
6310386,6743.486508902096
6310389,7581.364721800248
6310405,6795.38594193537
6310413,7468.7817679263535
6310416,6834.165016427711
6310429,7090.2791366961965
6310431,7484.720304798181
6310433,7857.5582843333095
6310436,7862.9486814363645
6310438,7291.333966060125
6310446,7600.072942792561
6310449,8177.640015063131
6310452,7966.656702464029
6310455,8083.6974307388555
6310458,6874.194682325386
6310460,8843.196716543693
6310465,7069.29156425746
6310471,6345.756396712918
6310472,6869.704811863608
6310484,6425.599796469416
6310490,6642.317930726671
6310491,6753.785634210254
6310494,6720.486236405298
6310506,7011.006020317391
6310511,7431.4472554640615
6310526,6685.157149208418
6310530,7085.817112381576
6310532,6866.894400896705
6310540,9457.226754012858
6310543,10279.426793797358
6310567,9772.01052256835
6310578,8584.482286157698
6310580,7622.2216903106955
6310588,8054.882034755477
6310592,8108.384453748783
6310593,8370.728567878365
6310594,8801.737497134643
6310600,8457.964972507458
6310602,8571.498148740653
6310608,8150.098744222189
6310616,8390.352011493178
6310619,8307.734260578329
6310620,9894.107509014535
6310622,8321.937960503867
6310628,8257.869301857694
6310629,9055.020588020512
6310632,11009.266168032702
6310633,9976.053631868816
6310634,8409.780814910348
6310635,10100.92136488619
6310636,10197.770271840052
6310642,8433.878707717153
6310644,8785.625571530543
6310647,6984.334941258743
6310648,8036.878596429836
6310651,7981.266895078251
6310652,8727.81315422567
6310656,7998.527804597327
6310662,8188.363908311117
6310671,7772.064753825056
6310682,8463.880222342788
6310689,7809.903408314726
6310690,8300.067535897839
6310691,8499.912673945328
6310692,9093.04896599158
6310696,8488.529823233017
6310697,7187.278999469844
6310706,10851.9837387819
6310709,8643.974991189138
6310712,9030.207449811965
6310715,9198.21116436717
6310720,8518.73384818401
6310730,8565.940698442519
6310735,8832.929480174278
6310737,9518.762529608774
6310756,13192.583417074013
6310758,13107.625082756776
6310785,6582.40192124872
6310787,7250.161698578851
6310788,7968.8909892447045
6310789,6938.341193165693
6310791,7467.0936325623725
6310794,6847.240623993052
6310797,7021.76723885477
6310805,7663.19648459655
6310806,6898.306497866275
6310810,7428.513347187709
6310811,7699.66792365886
6310813,7632.07900373566
6310814,7488.8406062487375
6310815,9028.063109607649
6310817,7550.665908361937
6310821,6440.841988950658
6310823,6395.778637163534
6310825,8455.125830706187
6310827,9330.343320407941
6310831,8581.453351621683
6310834,9431.87831110123
6310835,8316.597822927855
6310840,8851.854731478721
6310841,9176.996107451545
6310845,8698.759355048765
6310849,9369.188265568815
6310880,10766.5495752031
6310891,7243.574462360176
6310892,8300.067535897839
6310893,8138.796154674716
6310895,8185.646484126193
6310897,8146.08860833113
6310898,8530.555867414821
6310901,8703.722218827399
6310902,7794.320645449582
6310904,10428.18291411261
6310907,10463.122085107536
6310908,10209.03955483783
6310911,10941.434628667872
6310927,9104.816837175847
6310928,9215.879489327313
6310933,12447.039604885917
6310936,9044.317664809525
6310940,11597.821656382424
6310946,10790.99633834148
6310948,11037.379555480848
6310949,12241.189644814871
6310953,11581.981355562099
6310959,11245.885525192854
6310962,8205.15695263693
6310964,8594.559132529259
6310965,8559.668380944817
6310969,9614.118989854884
6310970,8615.290634817517
6310976,7965.50940409084
6310979,9322.60434700992
6310980,8433.042159975834
6310981,9900.19605929556
6310983,9962.219111440012
6310986,10589.731677705071
6310988,11084.83179072122
6310991,10845.558160127915
6311001,12374.44496374875
6311005,11349.218386138866
6311019,11348.644706813919
6311028,13119.43167947043
6311047,6196.1920777317255
6311050,11766.204607178515
6311055,13447.544037229141
6311056,14742.737343032695
6311057,15630.709781938333
6311065,13213.68835084143
6311073,12927.923518604714
6311078,12615.183480290743
6311079,13324.434384534316
6311083,14503.086919897942
6311088,14331.33423944009
6311100,15136.023519281815
6311102,13502.39495734247
6311106,15460.81406437638
6311115,6162.231458186525
6311122,6151.836677348654
6311123,6170.38924380207
6311143,19823.60396024794
6311191,17135.01395083443
6311195,10072.935063127275
6311198,10805.188105977264
6311201,10398.526273294743
6311230,10480.880446722958
6311231,10880.193614620146
6311232,10832.821732365472
6311244,11022.63053703023
6311253,11326.034557130984
6311260,13118.092897576076
6311267,11045.003749090703
6311270,11978.488284591365
6311273,12545.472435576481
6311275,13032.756539720143
6311278,11422.540629620975
6311279,11130.608837450618
6311281,10609.667832791612
6311284,11331.77203206925
6311288,10613.027912999787
6311289,10889.713591062107
6311292,11416.985868552429
6311293,10890.44064889875
6311295,10510.802013869683
6311304,10858.257779954947
6311307,11964.044967707077
6311308,10957.642545675952
6311310,11056.207377351886
6311314,11111.431774718429
6311317,11073.102776766611
6311318,12053.323242702652
6311325,11299.362718294815
6311326,11040.538113017623
6311329,11427.96729813814
6311331,11437.017474935376
6311332,11435.664945115515
6311333,11442.669289159026
6311334,11418.455983568307
6311335,11424.915842048535
6311337,11428.108992679965
6311338,11296.690371636023
6311339,11590.63391050812
6311343,11016.755362304735
6311345,12044.428700410523
6311349,12079.032457027188
6311355,11274.323510533033
6311364,14757.001812738634
6311375,13679.639726762036
6311376,13694.260033166198
6311402,14323.668329645387
6311403,14168.045962570304
6311408,14270.461899500016
6311413,16165.226323597588
6311416,12486.83658037008
6311423,15343.13767324645
6311436,12914.61399309339
6311444,15969.02336435985
6311449,12857.440880885986
6311451,14664.249133070543
6311453,14888.219632215141
6311458,14338.867495395009
6311464,15027.181092644174
6311465,16730.716964950872
6311470,15178.596679356135
6311474,15703.17891590525
6311476,14804.762751003382
6311477,16541.370331257942
6311486,15850.986009125816
6311488,16938.410148915293
6311489,16001.801889813998
6311490,15399.226983259892
6311492,15981.257899863836
6311493,16654.87210452799
6311496,14219.148167890731
6311498,13291.9919749778
6311505,13420.048593094361
6311506,13285.262093877645
6311511,14965.322893608009
6311524,13429.689934419313
6311525,13416.580428448044
6311527,13649.19615080533
6311528,14047.917115259166
6311529,14575.443092683743
6311532,11985.973689599039
6311538,12790.135651844015
6311540,13419.267857933986
6311541,13584.48213413453
6311542,13427.218120626136
6311550,13272.62268433189
6311552,12364.464376663695
6311553,13334.274104036387
6311555,13331.565549851117
6311559,14399.221330085807
6311560,13152.042485998702
6311564,17533.237329046162
6311581,10622.17231007557
6311588,10771.037947820498
6311589,10802.179294388914
6311621,10551.4811065549
6311623,10329.884873472323
6311627,10356.075872711484
6311636,10726.002991505453
6311637,11174.315270684294
6311638,11174.00620423478
6311639,10779.783832872532
6311640,11161.363127068775
6311646,10590.640726508022
6311653,10785.573790896786
6311654,10783.557751158163
6311655,10779.794114234086
6311656,11177.342442177656
6311657,11176.830749981269
6311661,10743.326238067299
6311672,10772.938623429773
6311681,11215.850373746616
6311684,10532.437794701042
6311685,11773.838097015121
6311687,10686.434638148921
6311695,11958.877011598956
6311706,12521.194535500294
6311708,13789.46319204594
6311709,14515.928860246639
6311713,12443.182005647206
6311732,11069.966577981599
6311775,11189.181860425495
6311790,12594.553916140501
6311798,23196.654418449314
6311799,24767.611333961737
6311800,25920.782978521696
6311804,29750.600232429373
6311805,31836.75737020991
6311806,30783.581684474295
6311807,35274.011385582715
6311808,28482.33208586232
6311809,11877.55744174348
6311811,13351.453797110595
6311814,11733.873401675399
6311820,11478.346561632625
6311832,11375.465412433434
6311833,12172.268018989127
6311834,12751.184029347478
6311835,12225.27521354779
6311839,12152.942226798736
6311841,14536.571712347397
6311858,11274.603091646672
6311904,10942.352992863489
6311905,12050.63350259083
6311908,12542.648954673283
6311910,11711.936703713236
6311919,11793.967067536578
6311920,11684.824237073013
6311922,11236.043489175974
6311923,11463.63153558318
6311924,11368.957608783365
6311926,12363.344127961487
6311928,10904.690384916978
6311929,11394.250440647713
6311930,11375.37861722153
6311938,12013.22341959599
6311939,12024.204870010422
6311944,11912.86339920865
6311945,11902.017680891964
6311946,13181.540709807037
6311947,13838.11771819909
6311949,14504.37336923739
6311951,13324.39626021527
6311955,12993.140439884952
6311956,14059.041933485178
6311960,13143.202136438713
6311961,10640.616677230535
6311962,13133.991928095882
6311963,13338.535149980644
6311969,13420.637374238646
6311970,13131.34910156802
6311973,13498.622277060736
6311974,13390.782928526145
6311976,13135.006614146709
6311977,14016.400015373329
6311981,15435.781685848522
6311982,11035.211202551956
6311990,15788.748276428223
6311992,16395.42702235684
6311994,14181.79499935829
6311995,14176.75078536419
6311998,15523.92067806665
6312008,15027.22408867667
6312015,14341.08310780101
6312021,13442.389161944155
6312022,13843.33191463104
6312023,13437.364420160317
6312026,13448.582945369564
6312027,14103.091330850028
6312029,15209.12910174428
6312032,14981.70297919592
6312033,15504.818257781557
6312044,14587.30562304998
6312050,15672.52167787075
6312052,17059.793072054556
6312056,17491.232015091933
6312063,15874.859591445467
6312067,17434.738459767053
6312068,17090.571934238404
6312076,17896.350954385904
6312083,10713.488694571446
6312090,10705.03142026158
6312091,10702.744609476083
6312093,13196.96281256066
6312094,14099.82318710213
6312095,13266.800953395099
6312104,12166.58077472077
6312113,11540.642376784193
6312117,13078.92841610909
6312120,12082.258604419938
6312133,11712.327671679821
6312135,12595.611021449611
6312139,12791.282369531813
6312155,12290.979684505206
6312159,12071.362295606128
6312164,11854.854644747975
6312165,11862.251483367647
6312166,11714.025741115183
6312175,11939.593913363607
6312177,11941.939955978192
6312179,13193.942384275259
6312180,14724.610162224097
6312191,12866.616701358467
6312194,13964.907580809184
6312195,11949.47090464375
6312198,12858.250248835471
6312200,13442.389161944155
6312203,13527.917171331299
6312205,13202.099127494266
6312206,13203.471667593445
6312215,13211.974520777849
6312216,12856.950379648928
6312222,13199.53072021051
6312223,13059.707656926916
6312225,12964.410003569936
6312229,12670.989389475155
6312231,13194.080805455547
6312232,12860.482406223906
6312233,13070.922564456447
6312234,13876.74932425462
6312250,13278.548284291754
6312251,14710.685661148917
6312253,15481.161533801444
6312255,14140.668780752896
6312258,13992.451610713932
6312264,14532.662559355527
6312277,14057.003958665935
6312282,14798.83359074352
6312289,16663.54717839837
6312294,16141.870561904296
6312295,16095.336970904984
6312308,15081.065424607532
6312310,15580.388492001437
6312311,14764.012492387796
6312315,15240.217124749077
6312320,16483.211913481144
6312328,15845.801509374774
6312332,17064.49587730851
6312335,15848.189493921935
6312337,16646.43968847795
6312358,6417.973865049189
6312359,6586.471595629652
6312365,6411.096861324383
6312368,6398.36574822915
6312377,6882.04752949104
6312385,7857.843080691325
6312416,6882.8090171456215
6312420,7372.074463129796
6312421,11362.117584782118
6312464,9402.274396741552
6312470,9977.071773813967
6312477,9798.25429301381
6312482,10239.874583248877
6312491,16839.638734426884
6312498,18574.794464097526
6312511,22923.922916369513
6312516,17685.681349539114
6312517,18546.949254061445
6312522,20186.885629602504
6312714,9426.805991264579
6312721,10800.850325951
6312722,10801.932032067532
6312763,14989.120608020243
6312769,12625.089481181869
6312779,14658.627890347543
6312780,11375.986197611186
6312787,13100.901076693106
6312789,14233.367609329514
6312790,13176.324424154971
6312791,13067.619397312148
6312800,15951.579088137078
6312801,15055.412934525893
6312843,17679.812491323948
6312863,17383.66563043823
6312864,17486.86190526706
6312871,17664.30649682138
6312873,17334.32942799034
6312954,22914.195985462662
6312998,12418.78223777763
6313001,19820.56029320222
6313008,7539.971568830242
6313009,10682.164904200643
6313020,9135.43582381374
6313021,10640.616677230535
6313031,6940.598254318092
6313033,9152.791524067177
6313042,10448.6321101399
6313045,11143.897290486231
6313066,16045.662279878297
6313068,17123.708895526463
6313079,21055.661864194128
6313085,14205.904860395907
6313238,9076.499070155425
6314781,7561.952399694486
6314786,10218.469373581664
6314791,15850.305730286678
6314796,11938.796819328141
6314797,10793.919676330663
6314798,13400.275441007661
6314803,15296.863895666791
6314804,12692.797299503629
6314809,11408.321481908843
6314817,13403.560419770161
6314820,12081.705489397136
6314821,15794.140060101814
6314823,11099.388787607922
6314829,12210.266501841677
6314837,12387.327803739377
6314846,20960.132071268843
6314854,17259.040170190052
6314861,19256.57393965976
6314876,14192.091844289036
6314877,15517.73312126758
6314878,16029.189098202814
6314879,16883.750314993697
6314880,15285.853029367741
6314886,17762.001554762446
6314889,15145.756369805993
6314893,22435.514336059736
6314907,30788.661117906227
6314930,7390.372028965671
6314936,8426.320616408946
6314937,7650.781001111036
6314941,26336.827222459808
6314943,17341.32398403318
6314948,18481.246237385192
6314954,8520.391519904575
6314957,8537.034841543462
6314958,7970.19841349012
6314959,8331.507991748033
6314960,8973.318764724007
6314962,8448.982997778305
6314963,9361.7027986707
6314964,8736.02491716391
6314971,8368.645028637466
6314973,8125.734234848049
6314981,8220.886619066048
6314986,7544.474873880444
6314992,8912.248093131551
6314994,8993.393931583987
6315000,9712.107089483987
6315003,8857.420245960247
6315010,12163.900566911709
6315013,6152.212228157421
6315014,25940.616755262152
6315018,10123.692730864577
6315019,10113.327861643817
6315054,18924.105767343375
6315056,18892.133015065043
6315067,6601.70491839958
6315096,6634.377885098852
6315099,6921.030614870622
6315115,23196.012860111627
6315116,27302.581911084428
6315117,23189.35497474022
6315141,29913.168017753986
6315153,6129.421527198159
6315155,6265.380875586491
6315156,6278.1109005617855
6315168,6946.903378909233
6315169,8450.90920637897
6315170,7342.272027205403
6315174,6587.501973809671
6315177,7611.142890638241
6315179,59575.13634496038
6315195,10486.069810661007
6315240,9762.210516269817
6315246,10494.053845136908
6315248,9974.027172557937
6315250,10520.92194119639
6315252,9181.224692928317
6315258,9139.653978390617
6315263,8999.400341955614
6315264,12776.541466824983
6315269,9175.534503044484
6315274,9920.896779861923
6315280,8915.079154458317
6315282,9380.311380547495
6315283,10195.416777556355
6315285,9850.333355685847
6315289,22393.46563775385
6315290,22401.625508201243
6315311,10185.367054515518
6315313,9953.747229142313
6315319,11274.90418675268
6315325,55567.8904540289
6315327,42267.77743300521
6315329,59204.03700848939
6315339,24849.23864471447
6315343,26677.039923336084
6315350,15298.877334980552
6315367,13173.924369459048
6315373,16494.613267461995
6315438,16642.42348538817
6315448,16341.350340434074
6315459,14362.956697665259
6315462,21373.736817105008
6315463,24503.386887427543
6315493,22620.45889678064
6315499,15406.836625586648
6315500,25200.548520182878
6315501,16618.72699681055
6315502,15409.8638989019
6315503,15404.573906807342
6315504,15409.614052860616
6315505,15401.577050701771
6315506,15407.5125670838
6315507,15687.79044148157
6315514,16417.95955659718
6315516,17777.254206082445
6315523,47087.39398647924
6315525,23891.81727682748
6315543,19759.671916780153
6315553,22454.094731970945
6315575,27761.87149362184
6315630,59728.965691203775
6315683,23404.18397799315
6315742,32920.59416288267
6316074,19183.233768782993
6316079,17501.22732328784
6316091,19225.377963447587
6316100,17373.488914453523
6316111,23824.53408920952
6316117,21686.08659878995
6316119,27602.56964809173
6316128,26960.690831400865
6316142,22066.465751765394
6316145,23677.457277237285
6316150,27814.29190692878
6316162,23842.695725933714
6316168,24492.77956510568
6316870,17776.762527613166
6316946,22442.9403679545
6317080,20108.487366438
6317114,15260.157858727747
6317143,21577.939912887865
6317146,45546.62963611361
6317148,42519.984700905086
6317160,21260.779848621205
6317169,33647.41776048413
6317189,11093.038911082105
6317190,11926.391789439534
6317191,11876.300069754558
6317192,11929.645439439706
6317194,12231.73649635995
6317195,12794.759748357335
6317196,11433.734594950634
6317204,14129.034679500828
6317205,14080.579377306776
6317206,14105.162892254519
6317225,18821.52701783111
6317684,20755.06390771428
6317685,20746.375930008024
6317687,25943.486737027408
6317699,50692.75885933743
6317841,16748.88544286772
6317847,16726.887817081464
6317854,18218.89405027882
6317864,20257.686035547795
6317866,23610.012138725564
6317874,30112.931583108286
6317896,20097.30975741426
6317897,20180.1868127876
6317899,20041.74420697798
6317902,19004.646130825895
6317911,20165.026441699447
6317912,23205.416783779856
6317914,20206.879793633158
6317915,19612.85025754377
6317918,21395.68183703368
6317930,17951.89168063428
6317974,37373.27908646806
6317979,41831.225720247465
6318121,6835.436246285416
6318127,7883.727605424306
6318142,12961.133751272313
6318276,11471.604846363196
6318283,12303.059838290654
6318293,83005.1261418685
6318297,18587.51837518075
6318298,19311.804446140264
6318299,19330.34197146708
6318313,67082.42570833236
6318359,64036.64611226682
6318367,66951.14815635417
6318368,68795.25377768595
6318405,76968.86069855397
6318481,67549.72519307469
6318506,28448.397538627367
6318518,92359.8372267497
6318661,30022.6314790827
6318689,11305.334679348169
6318751,15097.989766374041
6318754,14272.299411884294
6318759,12219.668095167577
6318760,12470.31736735119
6318761,13091.271013744954
6318762,12437.771512451942
6318763,12467.082734482585
6318774,16429.723182067428
6318823,85922.91709931284
6318825,86415.41014209809
6318847,35024.90976646708
6318979,13071.683034341833
6318980,8915.767926952098
6318985,34969.27068630532
6318989,54543.42063399059
6318992,11893.994803108772
6319010,49445.341033848345
6319020,25529.97902867181
6319049,83092.72418790103
6319590,12225.111976252327
6319593,18726.146862953785
6319598,20160.007560940998
6319600,21362.05966791576
6319603,21458.316085819584
6319609,22115.17587771826
6319631,19594.30344854972
6319645,26974.29626656706
6319646,27670.096285966745
6319689,54027.674973646426
6319694,47425.81086818719
6319699,45384.33252271825
6319717,50284.39573568439
6319746,52556.608191551095
6319754,40509.243625836876
6319756,40501.13138662114
6319759,39878.680305886584
6319765,53043.740203071466
6319800,87222.26939605485
6319805,79045.15556942327
6319806,77000.13723178387
6319827,77390.8393734659
6319832,70681.32178515797
6319840,59151.211854385314
6319841,41827.715167462644
6319863,81977.38481851312
6319879,17466.610204931538
6319891,19890.36051529599
6319893,22442.298250855467
6319895,19846.36118949997
6319904,28178.318819242693
6319938,39517.57375486127
6319947,16814.12191486448
6319962,84089.36665538875
6319968,39256.434455927185
6319985,41521.44212320993
6319995,49605.31563580581
6320001,63323.79140249053
6320015,66161.41429139991
6320019,64514.28427304502
6320021,70469.9775294047
6320026,85078.64994697708
6320028,77822.10766920052
6320033,69176.5777309915
6320040,23979.24710200142
6320042,33346.07374279756
6320058,51312.43529053327
6320059,67016.8826146101
6320099,76690.86846698167
6320114,36075.04538296882
6320130,40103.43518870524
6320152,74543.70994952186
6320176,43078.07156623893
6320177,80704.42660646835
6320186,63816.3152192997
6320191,65909.19120886338
6320244,26975.22240576537
6320288,29953.048716151752
6320298,22485.639523173257
6320328,58295.43174854823
6320344,61577.35337152409
6320364,33970.82103496362
6320367,31425.949442012687
6320381,44031.287540689795
6320388,60771.72667086465
6320393,68994.79781080311
6320397,78748.47348238333
6320398,78090.79391441951
6320403,71585.60495295783
6320405,72467.72289071583
6320412,78254.51049528469
6320415,74560.06275923022
6320421,85270.75853532569
6320423,85311.91713718922
6320426,24931.63429089355
6320434,15493.096202825307
6320446,8095.942732002801
6320456,9491.601406522846
6320464,9273.686606984338
6320472,22261.315381586603
6320479,80254.73626469455
6320512,37248.52379493005
6320593,58870.16040606412
6320627,25562.748422115346
6320629,25551.365735063177
6320642,27220.111877054394
6320719,105472.15034828153
6320740,74041.8665910644
6320741,84118.08130353267
6320743,80351.99820271296
6320757,93776.73921564185
6320772,71251.2492864287
6320779,84183.16667994337
6320780,75409.61705881124
6320781,84248.54345433266
6320807,18921.32651979158
6320809,18867.788517937686
6320810,18927.42696199418
6320840,88107.80441440114
6320863,9780.868790388995
6320867,13422.493483842632
6320888,45958.83876866225
6320895,61618.41631680567
6321450,6238.171238778954
6321460,15228.056052354195
6321461,15549.021834858264
6321465,13893.183500037794
6321510,7262.425875453152
6321514,11440.748668454813
6321520,12452.513512262254
6321523,13818.163526865614
6321524,13787.595789793057
6321530,15659.10462717428
6321531,15677.29063503298
6321540,16235.15590155082
6321558,7033.913478670174
6321590,12972.610443968997
6321591,12025.099417345831
6321649,11275.033229973676
6321660,13341.77954533862
6321669,15245.014481520084
6321677,11214.973235830506
6321712,12970.284603850625
6324333,17190.864274109896
6324372,17065.000407444975
6324462,36305.01442753268
6324725,15772.614051789853
6324756,6610.148064431576
6324761,10519.687771717152
6324762,10437.277561361343
6324768,11239.216014948564
6324776,13983.37981968213
6324784,6728.343208239318
6324785,6726.270642092807
6324789,6112.77600714746
6324792,6392.473051177999
6324795,7093.153896826466
6324797,6018.5877016025615
6324804,7518.721530060325
6324810,7965.4334298990125
6327472,9828.092435967143
6327483,9836.48552631426
6327549,10140.39146589505
6327580,10486.78992532146
6327595,12211.792166972986
6327602,12651.57168097287
6327606,11467.513593938138
6327617,12069.934755384516
6327680,12565.805886500695
6327686,12599.335621956661
6327690,12575.709099193065
6327692,12607.220988681258
6327693,12956.165318798869
6327694,12613.980364645056
6327696,12560.126450901793
6327698,12843.248437417124
6327704,13715.591883836978
6327706,12559.20408454477
6327714,14072.000706749302
6327716,14107.180939381064
6327717,13414.213376922395
6327724,17396.701852687085
6327726,14153.014356289399
6327735,15944.901730999845
6327738,15403.956859358228
6327743,16272.81014512293
6327747,9335.987032014378
6327776,17798.57899845923
6327779,23607.940645742037
6327791,10655.149290207224
6327849,20938.89336933936
6327851,24011.99547668817
6327853,17488.713230701014
6327857,24935.296312196286
6327862,23377.681737561885
6327865,27699.932171062825
6327876,23717.822267854226
6327877,26039.640988357016
6327880,31116.562485578794
6327892,29476.84471935208
6327896,25732.47868483248
6327897,26486.702414138403
6327970,11633.183755078804
6327972,8133.131345163979
6327973,8145.661287734397
6327974,8118.359337835902
6327978,11015.82024781226
6327994,10822.391499519668
6328014,11881.590992368943
6328019,11516.375545497247
6328021,11941.34770755831
6328030,14758.127801874387
6328047,13601.218792928505
6328049,12501.57711331857
6328065,13471.215124064975
6328073,14220.355182831325
6328080,13186.281149571963
6328086,15339.596820835844
6328101,16952.729244391372
6328118,16873.78577630806
6328124,12652.923193606792
6328134,13466.256668028254
6328135,12158.739060034033
6328143,14817.758736998001
6328147,14005.282222100199
6328149,13692.536113733264
6328155,14665.96949615689
6328164,14611.268682045195
6328165,13138.464651536206
6328166,13705.836807933481
6328184,17531.99994827574
6328190,10858.982737819555
6328196,9509.080427079853
6328199,6587.520823691984
6328246,16120.162767639222
6328247,10349.04563839874
6328444,11706.743653239302
6328445,11300.860801917132
6330773,9772.607037996648
6330775,11777.319713449248
6330777,10554.641559620606
6330778,10546.651669510924
6330779,10886.73316132744
6330781,12555.191980219415
6330782,10518.062501094224
6331083,9078.19599637855
6331369,16394.269936187633
6331370,13259.160644842212
6331394,11274.108452855167
6331395,14531.51219328611
6331579,10906.63544751609
6332314,13344.273813013548
6332444,10760.708249728461
6332987,9720.048846070857
6333200,12321.954443070726
6333220,20382.588108558917
6333226,20849.480146151658
6333251,10180.142006624612
6333274,10475.633702710795
6333277,10840.604475453754
6333291,10472.337093640144
6333293,10470.429530233152
6333301,10479.720940040379
6346261,10563.614751473611
6346287,9837.395598863975
6346293,13472.538543934194
6346294,59538.841833308215
6346295,70618.52552002386
6346297,6256.351544313472
6346300,11187.058375912373
6346301,13677.056689445564
6346303,21552.005037386498
6346304,21648.972770322227
6346305,69336.08584708223
6346306,69221.9819657133
6346308,19089.261096292154
6346309,13042.3311230589
6346311,17690.067400062762
6346313,18741.4230472734
6346314,20817.768516271626
6346315,19291.628726447536
6346320,16252.925772291725
6346321,89672.2514118566
6346326,27522.395618970408
6346327,26979.416156179213
6346328,26837.424086870564
6346329,10918.990006769514
6346330,20187.27068663523
6346331,13097.278043218974
6346335,93202.37524452008
6346338,21695.39568402919
6346339,59409.35041750581
6346340,62450.095244652184
6346342,21677.691162717023
6346343,22853.109231029495
6346347,39260.815040730566
6346352,55967.68233560084
6346353,71578.36866622673
6346354,73165.91236830867
6346355,67406.47528013015
6346357,100334.74719871153
6346358,95611.65774537268
6346359,106447.904562436
6346361,71160.86329704999
6346364,25929.41202204746
6346366,40120.649838720245
6346367,41967.40674290813
6346368,34830.17735151124
6346369,19657.850457107434
6346378,14059.457609356914
6346379,12440.808692637673
6346380,33599.894517435605
6346381,37802.224746417254
6346384,18521.86596073699
6346386,49557.74633959108
6346387,91752.66555526576
6346388,76792.59918024816
6346389,39514.33273277315
6346390,44387.81141726709
6346391,19987.62849553705
6346393,19335.984150817672
6346394,19297.204393997687
6346395,20510.333622894115
6346396,21281.391074834894
6346397,21609.037012138095
6346398,26040.187348479394
6346399,19289.36579637815
6346402,41586.35578769161
6346403,23657.66154913045
6346404,23681.52230271157
6346405,23673.212328915888
6346406,23667.139763530537
6346407,35433.7286922441
6346410,60001.41228619808
6346411,64825.61920143305
6346413,49628.02880323429
6346414,16151.633969253395
6346415,15788.296534568659
6346417,45566.74568783021
6346418,46713.68688548156
6346420,34532.26775048952
6346421,32488.859982328577
6346426,17103.241567090365
6346427,50080.61358806406
6346428,55622.07736185051
6346429,36104.16358683576
6346430,21341.51279325506
6346431,39538.94854364674
6346435,14280.564335843479
6346437,13219.902848513133
6346438,19568.158353498056
6346439,36799.91571868414
6346440,43227.339080613216
6346442,39646.79005519389
6346443,16293.806603054105
6346445,13892.428240586489
6346446,23376.500098063767
6346447,21877.702776295337
6346448,24077.00645702326
6346449,23694.535074491134
6346450,27583.38552710182
6346451,30637.226441107134
6346452,45667.67705303936
6346455,22498.05956669477
6346459,30885.123562593657
6346463,31526.062095504418
6346465,10879.373853425363
6346466,37141.96266989158
6346467,50495.26709414625
6346468,16087.586752434347
6346469,21462.75749346837
6346473,11770.559580208843
6346474,11736.201412017634
6346475,11793.25842972402
6346476,11782.701396758577
6346478,11766.586164111992
6346479,13862.38371423359
6346481,61769.62722242984
6346482,55394.445326323235
6346485,44539.06845949707
6346486,39355.69770023157
6346487,29266.559596198495
6346488,31085.981545461313
6346489,44514.82085534526
6346490,59805.344815979086
6346491,54943.91087801226
6346492,24520.73297365256
6346493,29588.85947936789
6346494,43860.33301467403
6346495,57414.67693506389
6346505,66361.22937668547
6346512,28976.109642278017
6346513,29494.81393031577
6346516,21483.64647461666
6346517,30401.755148836015
6346519,28334.457133841606
6346520,66242.22827218723
6346524,97639.34879949328
6346526,73242.70778771651
6346528,31425.979413101504
6346529,34185.45295175636
6346531,35299.58771622984
6346542,40202.5395612775
6346543,47576.39304313242
6346553,10159.094191875223
6346556,105995.49114510117
6346560,72785.91792212121
6346562,85905.62877445274
6346564,100583.84372044305
6346565,32774.36113786997
6346566,35740.09666530456
6346567,13901.547098135667
6346568,35172.226673369296
6346577,74574.85447613164
6346588,12981.348440203874
6346594,31137.07537363074
6346599,29937.71248298363
6346600,26773.921066068913
6346602,11762.860902251732
6346603,23879.333829652223
6346604,52244.91992209205
6346605,26656.1092394812
6346607,34412.269482934666
6346608,36531.257914010355
6346610,34955.06636579136
6346611,31238.472350528926
6346612,59212.50696277281
6346613,79921.87656263648
6346614,56286.92318723349
6346615,20781.24877275495
6346616,21328.00214406436
6346623,10482.190043848343
6346624,20287.77056489659
6346625,20284.655634455085
6346626,20297.156941987952
6346627,23197.561479478543
6346628,21782.639595251567
6346629,26476.87784706586
6346630,19679.66664100586
6346631,17876.596837692014
6346632,24473.142447622013
6346639,18433.840203326028
6346640,18421.309329739117
6346641,18522.183929533723
6346642,20985.09455975601
6346643,21517.87043862854
6346644,23145.93763859154
6346645,33208.780621652826
6346646,33377.09535457517
6346648,24354.32593581258
6346649,33564.60023718938
6346651,19145.454196120838
6346652,19145.271602175344
6346653,23904.444037382797
6346675,10793.693192278437
6346847,23551.854362391718
6346848,25246.976989242296
6346849,53492.262038687724
6346851,65449.058396883556
6346904,17520.516540317614
6346906,15336.890521939202
6346911,20332.34122153567
6346922,15795.34517962484
6346925,47331.78113346481
6346927,62260.39390990338
6346928,59520.050083879774
6346932,59912.78253111974
6346936,26117.911895624027
6346937,35713.89462804558
6346938,36485.99413937183
6346939,46612.31078347588
6346940,66181.4191894206
6346942,61023.3174208713
6346945,27543.323510717597
6346947,23801.119426458
6346949,14064.299126844193
6346950,9795.824816970828
6346952,41422.088774493874
6346953,18515.984522430546
6346956,50500.0830230842
6346957,18139.728429519233
6346958,15312.000358662575
6346960,58667.82936664887
6346961,22247.689252396947
6346967,31701.687105961904
6346968,66656.10828282784
6346969,35265.53490434554
6346970,20698.568182480398
6346971,24793.844735784754
6346973,20241.116093889676
6346974,36186.24068024681
6346975,30601.103985532965
6346976,29615.962209571164
6346977,41540.57279113207
6346978,34032.205942259156
6346979,71494.59027081521
6346980,62153.36972556319
6346981,31758.214625704368
6346982,74547.40679270204
6346983,92988.05204764704
6346984,96392.71574075888
6346985,87798.79171453936
6346986,32305.269298446638
6346987,44286.28743601953
6346988,38504.25024511986
6346989,71855.98680733751
6347014,11684.701648541166
6347022,21896.30153188946
6347023,35602.554861574776
6347024,80886.88968513579
6347029,11165.558147209687
6347030,10210.88002362115
6347031,10502.845307262018
6347032,10954.215161647806
6347033,11260.750664481955
6347034,11867.7512054194
6347035,14029.145543154522
6347036,13210.349107959031
6347037,19380.940615316882
6347038,7108.772335876983
6347039,7187.621771495149
6347041,10262.557852675984
6347042,11275.527909335135
6347044,10864.193501483238
6347045,11016.797391786153
6347046,10861.73801912027
6347047,10952.992848084232
6347048,12055.11673627383
6347049,12058.474505571008
6347050,12063.55893560904
6347051,14046.068300303574
6347052,10114.24425175262
6347053,10110.415257130817
6347054,10710.709722929485
6347055,10759.26124078796
6347056,12275.773234416425
6347057,10754.552112326415
6347058,10945.609632481752
6347059,10760.123265237089
6347060,10994.659575789121
6347061,14984.00362347614
6347062,12658.825685642474
6347063,15922.866534399393
6347064,7559.889879254879
6347068,9305.397057095777
6347070,17274.289285656065
6347071,14660.05397178922
6347072,13870.821376502225
6347092,11190.697357081926
6347095,13127.241877212891
6347096,24387.214395543815
6347128,6999.0729001135405
6347148,24415.1171833185
6347149,70356.22186558573
6347152,83420.64872608033
6347153,47202.676401876095
6347154,70058.87032679033
6347155,85175.58422815456
6347156,89386.98687642673
6347157,92795.98967211947
6347181,6920.179091447493
6347521,27474.245804433736
6347540,14077.974345622539
6347541,16807.885009507325
6347542,22945.75248742451
6347544,14434.18703955442
6347592,6356.794073110239
6347605,9976.710178796478
6347621,15204.299534001657
6347637,10225.303635640717
6434744,6530.945220648117
6434751,54432.78748704429
6434752,35362.463027074824
6434763,24060.20371672778
6434765,30625.24903812134
6434767,37653.47933139279
6434768,47100.41881516994
6434769,55534.143130412514
6434773,73674.11357121977
6434809,11865.895047173603
6434822,34282.68191970553
6434843,11356.73301440458
6434849,14587.444748637308
6434855,15873.209373667221
6434856,17662.284978604093
6434864,26062.100867145007
6434866,11753.799529166572
6434869,18764.369639610795
6434870,25554.022054330464
6434873,27560.534631279843
6434877,26182.70554462888
6434879,25244.424813440768
6434882,26147.91947831721
6434889,32678.012610998678
6434896,30143.532731226296
6434901,30965.227862400716
6434947,15710.189562822585
6434951,10897.693109760872
6434977,80489.89819988688
6434978,15469.088522754915
6434987,59581.670569843205
6434994,42681.11517273524
6434996,39769.82876966179
6435012,17511.462157978276
6435014,13448.031416239875
6435018,12332.712294019468
6435025,14382.915620704835
6435026,13359.797102111876
6435038,76071.69936709486
6435039,71531.55528487485
6435041,67024.36088012095
6435052,115842.34988020924
6435053,119175.64957325191
6435067,15047.876391363587
6435082,31782.090498355134
6435085,29492.901193124097
6435087,19715.284755236862
6435110,47838.50822863127
6435117,32125.657180427563
6435118,32046.24891563555
6435124,52075.687934799615
6435131,13557.017035952917
6435164,37635.06195062722
6435167,58502.11331446173
6435174,27968.279822683122
6435175,30273.523481062613
6435176,29061.516019838356
6435188,21304.338448083734
6435196,14163.033654245402
6435207,22483.90255088599
6435213,59639.8283141003
6435228,9241.052921661803
6435256,44421.224304782445
6435299,15271.223040682937
6435310,42535.640334303534
6435312,42794.62882223908
6435313,44471.8361301011
6435314,44192.11772883537
6435321,63382.27710195423
6435337,25570.282794698567
6435344,38117.8723248158
6435345,15343.620580075461
6435353,21758.76201897805
6435358,20222.611650624705
6435361,42121.70277212979
6435365,17140.244245318398
6435368,27079.719633459503
6435376,19079.81457650258
6435384,50001.153712221814
6435394,41992.06888828499
6435397,12903.631642878252
6435399,11543.427475644137
6435402,20938.513945845516
6435421,68673.59076953681
6435426,60614.17124685002
6435432,20052.833538843115
6435449,12132.258494765021
6435454,53579.31362401961
6435472,13431.508865151902
6435473,15428.89348521249
6435483,64539.4535483764
6435496,23274.85803489916
6435502,32835.87008371348
6435536,60572.275561446295
6435541,56643.519251031095
6435543,21943.61055314279
6435551,62844.05815856035
6435552,114835.66552976241
6435559,58427.17567003735
6435579,31387.87928375269
6435585,68596.09059145582
6435589,30962.33389141175
6435590,33010.73103688385
6435592,69449.64924175279
6435599,75544.15010846134
6435607,11561.442252041044
6435617,102018.95377968372
6435637,89456.23427113857
6435652,83908.40155147821
6435662,83746.11354405414
6435665,74311.60325449411
6435669,101723.51192047163
6435672,18907.436403032476
6435673,71582.87419278159
6435695,88398.51256316094
6435754,28467.531649347966
6435755,29310.86107910426
6435768,92805.81348180558
6435771,81212.76958072154
6435777,30718.240467338026
6435808,10764.352290035804
6435813,97239.39422283335
6435814,16283.879607374156
6435818,55139.86700078627
6435820,66114.42342714456
6435821,96919.4273382784
6435836,72478.43597426111
6435838,63809.19488721745
6435849,80709.27565376647
6435858,32590.08959578326
6435860,12609.313362036624
6435866,24333.523389148973
6435868,24348.79852550945
6435870,97123.54370573258
6435878,106584.2283803499
6435883,97261.83884401163
6435885,17646.3904343181
6435890,30291.169435349595
6435891,28150.867081155626
6435893,29652.250921190807
6435894,21242.052325586363
6435896,47257.62902315397
6435902,89372.41082331332
6435903,32365.033629976948
6435905,21814.094097658897
6435927,29695.32363915387
6435929,31346.92532652322
6435937,33391.868593122585
6435939,33569.338147872295
6435945,20238.60667923887
6435959,71514.77543811293
6435960,69301.90764960977
6435970,33316.034156872796
6435972,33038.57324838303
6435990,94860.17558295364
6435998,100299.1577155242
6436005,14098.680188032167
6436012,33887.20753194678
6436013,43572.657511099584
6436017,93251.89771194001
6436022,103243.19193287026
6436026,86715.8324469428
6436051,49548.76720144503
6436059,15389.683520894354
6436060,16053.254507065189
6436067,101337.74920079528
6436070,105831.858047722
6436071,101821.7355105648
6436074,21074.08437664939
6436084,93519.88110790371
6436086,94913.74697080137
6436087,89060.57669612812
6436088,63245.45208656583
6436089,96910.92410326198
6436093,14446.857747018177
6436096,73769.09879611158
6436107,100090.27656781036
6436108,103841.69415011781
6436109,103789.81428821104
6436129,40721.12146272542
6436137,86016.87560819981
6436180,77890.34381601053
6436190,47704.70004817995
6436195,106046.55193596716
6436198,89890.4189815082
6436202,102006.98734294985
6436209,51029.63158435746
6436230,13377.520016498709
6436257,11397.793750024575
6436273,77089.19070462062
6436277,12193.950321188908
6436293,37412.22139639422
6436313,64569.86669488199
6436321,17448.478612036066
6436340,18604.7573895462
6436344,23776.616619609915
6436356,33621.81997590642
6436364,21202.30098018033
6436366,39441.404736144395
6436369,71087.67436434842
6436376,35005.57458837261
6436385,54496.88473321719
6436388,23863.62489661715
6436392,31815.57115210653
6436399,16458.564784424725
6436406,11407.429293091533
6436407,11958.591869309796
6436408,12542.182423671407
6436409,23648.660761217096
6436410,18628.5493246118
6436411,37698.17801739513
6436412,16655.28510086173
6436413,34447.66661226648
6436417,26815.242293132564
6436418,50058.266170733725
6436419,47861.23403331811
6436420,42971.18212733331
6436421,39539.589588810944
6436426,68041.6903781422
6436429,48920.287638577785
6436435,62823.80382650279
6436439,34522.58666153453
6436441,93707.3645542509
6436446,24255.255571949554
6436508,13946.858788007714
6436541,9678.272324871585
6436564,18390.712203370917
6436565,16416.29985644439
6436566,12670.300566000697
6436571,14280.441756719585
6436573,13118.893647897648
6436577,18447.699107024346
6436580,23826.306455523823
6436581,25313.689758610588
6436583,25049.444492970357
6436585,27571.94456419326
6436587,28476.302355638294
6436588,27861.73558819398
6436592,28624.31696948009
6436596,33811.02207927656
6436598,16986.003954617612
6436601,19240.584271350686
6436603,25979.214873375684
6436604,27611.416203366378
6436605,25066.603362214944
6436607,26828.160254140035
6436611,31149.63913910009
6436621,30408.80158668153
6436627,26200.64066669448
6436635,14707.45907897314
6436637,15518.976355708703
6436640,14718.348121515288
6436643,26775.963908359732
6436645,39313.1952430741
6436653,45780.26957990337
6436654,40178.66016104621
6436657,50702.960751601655
6436659,16356.865053662168
6436660,14987.147932194848
6436661,29574.471243286902
6436662,65676.2790596558
6436678,12414.43609356178
6436680,16856.49461274807
6436682,14258.190663545272
6436689,10144.967157340436
6436696,16011.205711814231
6436706,10127.16936502505
6436707,19288.188441818027
6436905,23897.240952273845
6436908,20444.75240734632
6436910,28258.382173173075
6436912,43746.99646192169
6436916,32797.12414950274
6436917,37988.059222501804
6436924,21803.65274076409
6436927,39186.11255800042
6436934,84695.4071067129
6436935,73361.13040843727
6436937,15407.365620757604
6436939,87151.50972775741
6436940,90457.65739874788
6436945,75032.35152330199
6436948,86737.33701305366
6436952,45088.854487381104
6436953,42235.29953503564
6437044,55536.31463289193
6437056,27685.907940834924
6437371,13568.283685947867
6437372,14751.401293417553
6437376,9968.09287187756
6437379,11961.546273066593
6437384,11087.369426652682
6437400,12350.88673154659
6437407,23739.864414300802
6437437,27254.426746937213
6437484,47921.6604585852
6437486,56082.611725556984
6437501,32087.963479659258
6437504,18120.224131049796
6437505,42190.85417624093
6437507,44463.82087077433
6437508,42596.04554257001
6437531,84681.03077067729
6437533,35276.90461925057
6437534,30169.186916846444
6437542,49650.894425312
6437548,26344.991743213082
6437549,13422.455078974655
6437560,12359.736437818172
6437569,17818.68875136935
6437582,14680.985778363232
6437599,19377.392000890497
6437640,33632.916372622276
6437644,28901.75724644428
6437648,35022.003799004204
6437649,66756.49595418107
6437650,57840.88271365251
6437661,27024.430632156305
6437662,40475.60775037683
6437670,25633.375672334052
6437681,83813.6287573445
6437693,66870.23459898887
6437695,88597.35690302224
6437705,15736.732502408324
6437708,17513.28268180492
6437725,76991.25222959799
6437728,78169.32912017049
6437738,95960.15575233757
6437764,31739.471919009902
6437784,9951.0419245798
6437789,53708.030980469564
6437813,31658.60266988148
6437926,23096.367003264135
6437930,22714.996825610946
6437935,75588.32689286384
6437936,22402.07417367389
6437939,44494.95700601645
6437940,47065.5293591918
6437943,54640.676138040566
6437944,61083.34836964736
6437946,26071.05045892139
6438008,10729.35897841949
6438011,12779.539479312354
6438013,16544.74674700185
6438014,19057.59093784228
6438017,16741.986124023762
6438018,14038.568359357198
6438032,6293.723621178847
6438049,8596.698910821986
6438051,8868.308017152789
6438066,9287.752014892472
6438070,13179.164844187275
6438080,11338.85333525219
6438093,6370.39637992795
6438096,6508.657347332666
6438117,11010.169222957937
6438121,7338.386340710598
6438128,12918.80255050261
6438130,12425.736863065309
6438146,6575.869327881559
6438150,7336.216852301224
6438152,10001.118660404292
6438153,14660.58529250032
6438154,9287.441974518875
6438158,9870.732122092726
6438159,9417.14555838159
6438174,23520.944829286163
6438184,17719.177818861797
6438269,11141.304213235575
6438271,38435.05580233027
6438295,11483.514972153622
6438296,14026.496515753954
6438299,10402.662802134868
6438379,29671.713631641956
6438463,82377.70599680157
6438521,9856.310364992789
6438523,15812.497964910657
6438525,15307.094330045016
6438526,15378.35650700669
6438580,55645.21035781209
6438584,46047.63781555367
6438585,63915.41282110751
6438604,87155.16686933281
6438674,97953.65820875324
6438685,65948.42556022928
6438692,87899.74726099744
6438699,12925.679656564163
6438790,10409.957812475244
6438989,10661.279037563343
6438992,11043.634376268601
6438999,11054.994771758873
6439000,12109.33453377047
6439004,11764.532635932119
6439006,15146.666436713987
6439010,11980.190660554967
6439015,26809.8467301282
6439019,30055.86386638371
6439037,11503.970508321536
6439214,14723.262054060842
6439317,11156.80788593178
6439341,13775.266764833465
6439344,13402.69116417635
6439350,16247.718286944712
6439603,12549.110398455712
6439604,6570.132776042823
6439609,10965.839174660383
6439614,12124.415772549268
6439631,14275.076546148797
6439632,10714.2959574626
6439696,9696.927412429666
6439706,10563.77595593152
6439753,11797.015820477262
6439760,6181.965085301544
6439775,27109.332622744027
6439781,21325.439341930436
6439787,24852.461922410912
6439790,26048.18538576454
6439792,38628.86378719427
6439801,46651.09072189987
6439818,22773.12969949043
6439819,14827.951607288773
6439831,29213.15743127195
6439839,44695.65740207822
6439845,38201.64883273746
6439849,79410.17728503988
6439855,59602.41437885992
6439862,51731.12041602048
6439867,34081.77076259933
6439881,9581.886650784454
6439882,9504.138823296169
6439883,10001.576531540502
6439901,47755.31810268201
6439904,87721.54070823861
6439917,6947.685295270957
6439927,7227.356575576836
6439952,7555.146775372883
6439962,9540.576491438549
6439967,8718.261920845622
6439979,7542.345180512275
6439981,8129.718843839252
6439993,9979.29872668993
6440044,21507.263182868504
6440045,21121.893191557807
6440047,22330.231497525907
6440048,22353.22248749484
6440067,23601.70474786817
6440091,44160.81446046478
6440095,59719.909271314966
6440096,50093.224224318736
6440111,57010.420667999286
6440127,13069.264644146388
6440128,10004.133363960282
6440129,10002.091661622724
6440149,10833.989304217566
6440150,13929.816409986553
6440154,13513.049132673708
6440155,13701.654451511558
6440159,17054.13189833862
6440160,17104.187682057684
6440161,17478.37500339394
6440165,17954.956639127337
6440166,17738.622649971676
6440171,11367.374606455416
6440199,20357.77922648625
6440214,19352.163835364103
6440218,20487.225391529162
6440228,18600.517096728265
6440238,26426.322622899483
6440239,25166.443239607972
6440240,25415.992306371554
6440242,25686.823224953278
6440248,18647.58699118214
6440255,10771.572157894574
6440269,22997.76331349729
6440272,24207.326042045213
6440273,24258.471212023855
6440275,24513.718253085015
6440277,23642.301367506043
6440289,26332.557557984816
6440299,18458.223349917116
6440311,25521.33686684005
6440315,24940.552490358175
6440330,27611.67953714352
6440331,27599.516138405874
6440332,27613.36493278722
6440333,27602.122129857376
6440334,27601.77991492657
6440335,27601.437704238437
6440342,75982.22707725756
6440350,30199.41320699291
6440351,27830.531003882486
6440352,27737.62939215359
6440354,27722.396292220496
6440356,25799.440856251593
6440358,29415.82002458142
6440359,29345.88035073797
6440360,28462.02079219048
6440388,18980.04804566972
6440389,18977.115790626096
6440392,31405.485863408798
6440394,31636.841035477548
6440401,29888.90022062844
6440403,31390.24421951052
6440442,25838.568186395507
6440443,25844.630960544368
6440448,30503.113932971595
6440466,16519.330131787097
6440512,14409.112572873702
6440571,94446.65173793824
6440573,63582.1270670632
6440719,24755.850775038638
6440745,12106.574562033164
6440772,9954.307366519497
6440790,54494.961757524565
6440792,11437.41017484235
6440860,22116.589062003397
6440884,11690.743449498385
6440890,59702.76848812007
6440892,62309.57755849741
6440894,63636.54226130207
6440899,18973.78587753967
6440901,20060.370136124562
6440957,47623.05970610561
6440958,49610.756385103414
6441046,33611.46450490786
6441056,48358.45366650725
6441061,51086.11608105161
6441062,61428.42920800387
6441069,70351.25679800037
6441070,67753.73307368357
6441074,54912.74198958533
6441094,33303.10481116034
6441106,29077.984091844
6441109,84188.62618784314
6441110,84661.4893289114
6441123,86200.16835998822
6441124,88517.79931733529
6441138,83372.84861852501
6441149,115669.6929169532
6441168,69467.93203871364
6441178,33501.886011801085
6441198,38461.53017179885
6441245,26517.56362187013
6441248,30358.35265726032
6441252,27326.183190392134
6441256,26318.3972749868
6441265,59260.63929607963
6441269,54856.26401134451
6441276,60495.55161450414
6441302,18155.599786413113
6441346,40983.13044473937
6441347,51943.99627676397
6441356,65690.56133175206
6441368,43910.97583499554
6441378,15437.106692310776
6441437,11177.534332790228
6441445,14377.08683439079
6441449,62962.35865601411
6441451,59845.51148376037
6441458,11582.8871951103
6441459,11128.464626241435
6441461,13110.463198456826
6441462,13940.754637065054
6441464,34361.535844389255
6441469,39560.10852249214
6441471,35610.059529678096
6441472,35620.181451059754
6441473,36950.962552339224
6441476,36559.27991600936
6441477,37028.996014702796
6441486,59799.07120979758
6441487,61247.90577979575
6441490,63327.59616409784
6441491,43200.67424332607
6441493,27877.816271873467
6441503,33082.4944423388
6441507,37000.89629496453
6441509,44056.364178270494
6441512,21057.04751241893
6441520,49813.956868282185
6441523,51048.858513598585
6441542,29939.25431886705
6441557,82610.57939866598
6441559,82577.57527026456
6441567,92693.65383296183
6441568,92734.50386742366
6441585,42941.56273966952
6441588,42308.994997865346
6441589,55240.66202390806
6441591,53409.019134562186
6441596,21146.90714242609
6441597,85983.90464719376
6441598,71901.16106048017
6441599,63470.833320812315
6441604,20572.730544416867
6441613,18291.513035047545
6441615,22895.562415859054
6441624,18179.233473230877
6441663,48568.010709945826
6441685,9589.282916486945
6441688,98353.83039529456
6441695,55366.45291813358
6441701,19562.317830276766
6441702,19661.131655539277
6441714,21617.900672446875
6441717,53995.94442686824
6441721,34778.097911628065
6441729,8919.910187067424
6441730,10812.920058850652
6441732,9966.476767355212
6441733,9955.617641429055
6441736,9364.596231687266
6441767,69681.5872912351
6441770,68589.15649789508
6441772,66346.48492167969
6441773,66441.71713644326
6441774,70884.91671435471
6441777,63372.425006158584
6441780,66217.3422085374
6441785,26700.024090351864
6441787,10850.690039412917
6441792,10024.429905355311
6441793,9469.17686686324
6441795,12094.975705032655
6441796,11691.72470083163
6441797,12501.255186022865
6441813,10273.800735072506
6441816,10499.159606974627
6441817,11064.340542557744
6441824,10994.806384662985
6441825,72575.82480658792
6441846,15361.703933781202
6441847,16231.099599052524
6441854,17181.980242188027
6441856,21276.56106319751
6441866,42337.7339222139
6441872,54001.24872378405
6441880,12817.795292649667
6441881,18534.34149587989
6441885,11556.337968675665
6441911,32902.326482317796
6441915,36355.70485963876
6441918,38262.86864676002
6441919,39912.92400375395
6441920,40529.33806897579
6441921,33937.98528808151
6441960,24965.159466858735
6441968,40411.34871091959
6441969,46268.00392960621
6441983,40457.739200539036
6441986,41827.95451397548
6442002,56022.47280477359
6442044,15132.097493476673
6442045,13596.65338473843
6442059,17622.508203363308
6442068,14045.639624340401
6442069,13293.766899369011
6442073,12040.179106296213
6442080,43511.32386755388
6442084,46472.225140851864
6442085,21450.008823544104
6442087,22022.693167464808
6442094,32040.9620153699
6442097,45577.21997754725
6442099,32041.81763948786
6442111,25433.499275571503
6442119,104954.99677964266
6442148,43766.902068610754
6442151,43276.50812451856
6442155,48765.26601608208
6442163,62139.38239351655
6442167,65823.69852175594
6442186,81992.55327358891
6442195,11319.66299169306
6442200,33179.30771354715
6442202,12034.15184957482
6442203,11280.981574155478
6442208,11316.769972969809
6442210,14262.746930335985
6442211,19788.82815439842
6442212,19595.125717456816
6442214,29543.433431498936
6442216,30419.475844849294
6442220,19637.912552628073
6442253,48743.273101777035
6442258,10641.682337418577
6442261,11380.055652568602
6442264,42258.829416528344
6442283,20157.392853733934
6442294,12134.665538308993
6442295,54308.03014735798
6442310,19376.13535575494
6442313,22010.304629097285
6442373,61774.16338665285
6442388,129253.78161108994
6442392,14403.561650364421
6442395,15720.201634722882
6442412,102940.3759745791
6442433,10594.803146191121
6442434,10940.58938428684
6442437,10356.787061090126
6442445,22771.609413055925
6442509,28442.1308617211
6442517,43718.38498238626
6442536,10611.965122001895
6442538,11414.133296497508
6442551,35425.044906460476
6442565,38340.89344001994
6442567,42213.43333414834
6442575,38784.42121552409
6442590,25337.384112593176
6442636,27497.57587223758
6442647,26744.036792473584
6442651,23373.891784577383
6442661,26765.980997147064
6442663,28739.75184671266
6442667,50420.48655345842
6442679,12192.22920103963
6442680,11925.32260172626
6442681,13273.3315911918
6442682,15839.818015005976
6442687,16972.433719719807
6442696,23389.233736521855
6442700,59944.55981420775
6442701,13998.031014392036
6442703,16216.740387349286
6442715,13189.186611373558
6442723,32129.82426868098
6442724,32945.7209298114
6442741,15051.30684502758
6442747,50272.83969414238
6442748,63889.877593345715
6442749,47195.42923191551
6442768,43065.46080733839
6442774,51629.98276836993
6442775,68271.20518746747
6442776,79319.19909484866
6442797,21020.669363533987
6442799,19600.994729206213
6442810,63981.766759639046
6442813,110260.80575592973
6442818,10239.005405278998
6442828,65235.563158033015
6442858,66998.60592246572
6442871,18145.092329872416
6442878,41349.22829330659
6442894,83027.21494653806
6442895,80112.50207990108
6442904,93333.21781310196
6442907,34677.74413900181
6442908,34564.293944660625
6442912,20673.315571020532
6442920,26781.020613311866
6442929,42556.61817985817
6442955,51587.457671717646
6442974,43474.24173000092
6442979,56577.59870192457
6442982,61162.33434063187
6442983,62732.201637306855
6442986,93065.7692994346
6442990,22466.00454423652
6443037,93105.1850358666
6443178,56521.72627915846
6443216,86888.18409703622
6443220,98879.65828216488
6443242,58603.18570148386
6443249,62890.10411436555
6443260,81450.42799114047
6443266,92046.62087614376
6443275,121254.14452095852
6443288,61381.931381595095
6443327,127885.17302524188
6443395,82670.31967120666
6443398,83245.80662247445
6443652,29564.770188298993
6443670,99766.25693615951
6443678,89559.3518420668
6443686,22969.618153571653
6443690,22950.042099103954
6443718,32144.16808540116
6443733,30263.96834551297
6443749,81701.4035262096
6443751,84439.985603875
6443755,30525.871572118856
6443814,20104.115280214723
6443938,43870.91713646423
6443939,43937.78575896609
6443945,46447.013719069415
6443946,52436.700976367945
6443951,52597.67483403559
6443965,119125.53794369625
6443972,119496.59004397216
6444001,86763.3150214821
6444026,45476.2716765367
6444033,53042.37436068471
6444038,53509.96722515761
6444051,68039.02991693988
6444102,78443.5530484399
6444107,69724.33063478747
6444165,29720.596381168732
6444167,29741.15341131347
6444175,54413.53150277422
6444191,65285.60274517065
6444208,24064.977072961105
6444248,44789.96032431148
6444253,59894.501085397285
6444261,62073.636725893455
6444291,106172.84333975648
6444299,111151.46160001292
6444300,97347.02712008521
6444301,98396.51796257541
6444303,110117.67918318439
6444319,97282.61864743663
6444326,92829.97916798719
6444348,21778.443550917007
6444356,17376.372264745398
6444378,89042.31738440768
6444444,15537.873931123106
6444476,109061.99178517179
6444499,30720.877234052947
6444515,30409.46861807203
6444528,29506.91205282534
6444535,34799.16592729285
6444667,35507.237436592346
6444676,70427.5830725142
6444678,73978.34235444614
6444682,81005.07836246972
6444685,80929.01947658915
6444708,17163.440204951818
6444794,36159.056352463806
6445095,87854.40763960042
6445222,47648.45504868765
6445263,66896.45059521182
6445264,66721.61669885337
6445341,13984.886930344444
6445355,14896.145043008708
6445422,102528.58260782034
6445461,22417.334147345176
6445465,22122.263800579698
6445496,74832.04403171554
6445498,71304.20312588409
6445507,83119.27528641476
6445518,85407.24377953883
6445520,84602.65000271922
6445549,53807.18365712892
6445559,81369.06197318922
6445560,81362.62138342198
6445562,93881.70331749806
6445584,101950.96806949547
6445609,97518.55759020237
6445624,25425.714217834207
6445685,35146.306868812266
6445686,43312.26500111334
6445688,34956.86659409098
6445693,37899.473611159505
6445720,58808.09797391729
6445762,13461.5311346336
6445764,15955.91554344123
6445766,15045.565940711489
6445783,12627.702687034827
6445794,35882.37875649737
6445795,35922.028629898276
6445800,35112.50238012382
6445801,34869.03037856757
6445939,17345.889329234284
6446023,33714.16613233182
6446048,67083.76921232884
6446063,78691.86741857669
6446105,36772.6210891053
6446108,33483.615114081775
6446109,45918.094272256254
6446111,54805.2796538111
6446113,44989.245271550404
6446185,69536.73435153137
6446269,15979.505181057273
6446280,11868.20397098286
6446344,17986.750022949396
6446355,48413.08960279462
6446384,13458.11642830171
6446410,28074.722739936948
6446418,10781.840300316744
6446430,11550.343590353947
6446438,32172.322635338605
6446451,12196.776741329015
6446518,13919.231919949443
6446553,88233.43038153011
6446588,23689.157402886405
6446823,12429.18600004095
6446851,9888.00384097458
6446865,12569.485709644125
6446868,9492.289448068865
6446876,11928.166397608287
6446884,73036.38074374005
6446886,73002.81529152222
6446891,11471.210972495493
6446923,19156.668800903022
6446930,20724.009757377236
6446938,34824.56402960233
6446943,21639.270844015457
6446951,33396.83692638685
6446971,37485.50850038052
6446975,48834.33146602936
6447013,70742.41974746934
6447016,74289.07000476579
6447033,11834.18156751547
6447043,12237.804345031258
6447083,17371.89830529846
6447094,15523.654177427981
6447104,18119.601998872182
6447110,14834.981842411686
6447136,24027.27502072757
6447194,28608.842490461375
6447204,13639.683424898061
6447213,24336.679774389988
6447222,51283.52208290572
6447225,12568.478745431185
6447229,15393.911278942705
6447257,25981.519205282075
6447260,45191.31318699762
6447261,53948.84659727858
6447262,75860.73097909964
6447283,46194.10856124843
6447287,52993.37906813545
6447290,46926.00601481303
6447291,46905.916183259
6447294,52996.31043314357
6447295,52991.40806903864
6447297,68495.81077997971
6447298,68522.99080923534
6447299,68556.19643370004
6447306,74787.16805725974
6447307,70726.836775837
6447309,26433.733361061273
6447311,22359.789595469145
6447312,21852.49133867533
6447314,27523.839316385165
6447315,20724.56318223258
6447317,22380.05744051652
6447319,30694.753937457735
6447320,32105.595316043324
6447324,44377.314206262825
6447325,47457.7085506968
6447329,48860.41931237314
6447334,68923.37652329596
6447344,13649.144079538717
6447350,26822.83883548557
6447351,32957.22281864304
6447352,36836.74993662827
6447355,34350.03526492045
6447357,44993.02116163442
6447359,35668.45295707774
6447367,74747.16624454313
6447407,11070.758463537535
6447409,23089.825802067717
6447415,43960.88053989576
6447416,45690.809576272506
6447418,56253.27567070564
6447433,29605.456956876627
6447435,28270.78200642578
6447446,16372.972256849063
6447472,30525.34754813579
6447473,32589.157170569037
6447474,36272.68990391039
6447475,35272.800334966596
6447476,39469.28745636745
6447477,35931.34825117611
6447478,44533.929072991246
6447480,15569.57447941092
6447497,28020.154642933972
6447499,28100.65299957187
6447541,34538.95389624838
6447554,40100.719774181074
6447563,54323.57030845
6447582,65969.68725120075
6447586,93632.14752434834
6447601,83306.72129018242
6447621,79101.48769581318
6447627,99135.73073645546
6447654,16737.32430524183
6447658,14134.331524359037
6447661,19140.47000649211
6447670,22016.708003177067
6447689,8201.526491423909
6447690,7452.841624490716
6447766,21400.80422203464
6447769,31210.7778110568
6447788,10380.560908040454
6447789,10173.308817212643
6447790,10775.260984943216
6447791,10973.487217789017
6447792,10973.696541517184
6447794,10917.08439019785
6447795,10918.448486268662
6447796,10915.272800888857
6447797,10920.396002666426
6447798,10917.729971676941
6447800,10918.167322754138
6447801,11832.059818892229
6447808,10770.719489034253
6447809,11381.43417124731
6447810,11833.989691623117
6447811,11827.975395511121
6447812,11380.533230689176
6447813,11485.639951193012
6447842,12000.947088389577
6447843,12399.419863281057
6447844,10750.470484055983
6447845,13818.888389848875
6447871,8513.892693539266
6447873,8958.447733538664
6447874,9487.87236490201
6447875,11208.771047647298
6447876,12680.4312518702
6447878,12191.926867180311
6447879,13712.792800936852
6447880,15205.256623762318
6447881,14350.386944123562
6447882,14852.394948025834
6447884,15223.830282897961
6447885,15222.015449871033
6447886,15221.725096663009
6447894,24750.39747203589
6447902,24362.270882084485
6447903,25270.271490459967
6447904,24367.917550392787
6447905,25509.656341865026
6447906,23234.094604750346
6447907,22724.119058777804
6447910,22725.701196303973
6447921,23613.682730198252
6447923,23612.331525872294
6447926,23615.50697868597
6447927,23618.097203178746
6447929,23610.620111381184
6447931,23616.700699029745
6447933,23624.04453239108
6447937,23613.86289661681
6447938,31252.895143597878
6447944,15217.196303610903
6447951,21366.929465793426
6447952,25852.69221625774
6447954,23560.99807000053
6447956,23568.234673176667
6447957,23568.25715056115
6447958,23563.784573335033
6447959,27788.59937924273
6447966,30380.191020888677
6447967,26790.60032314551
6447989,11382.324327132968
6448061,9478.456724566771
6448064,12194.53183559874
6448071,23061.34803823841
6448078,30982.77465944448
6448079,30756.23175163852
6448089,10434.381140575782
6448096,12623.752981247333
6448098,20603.204321828056
6448102,20299.51873475594
6448104,26856.883425975815
6448108,26719.02705364327
6448109,26905.95276758879
6448110,26890.94557940373
6448123,14221.196085244743
6448124,9751.564628632092
6448126,15730.040058393524
6448130,28464.735366819114
6448131,29714.814620091798
6448132,32183.769382197872
6448141,16129.805360743569
6448149,31234.688959779607
6448151,30958.436317150685
6448152,31357.031705695244
6448155,33280.91108205259
6448157,41615.1198054652
6448170,50491.7999096878
6448180,72475.18732357015
6448193,9486.804608306173
6448197,19743.13271674043
6448201,29719.00911905935
6448220,29289.40029098767
6448223,34186.137616197404
6448259,25777.79734783849
6448288,15396.847905290331
6448294,27984.63550988271
6448295,42481.96471035087
6448339,39252.39127299565
6448354,21353.178711425695
6448355,18019.269921952226
6448357,14136.380709278388
6448361,15360.326799988783
6448373,10194.405525383041
6448579,11446.544249452123
6448607,11815.798198424849
6448623,11144.237410949789
6448677,23136.072377435525
6448678,23157.242614014536
6448823,18082.74427344856
6448839,24046.898396696444
6448848,25274.537650088187
6448856,17730.131935678244
6448880,17925.151161311584
6448948,86186.44074384047
6448965,81777.56438345445
6449017,22426.55073064972
6449188,45595.34922848273
6449189,60901.68998762275
6449197,32633.0100061583
6449226,34704.84087411535
6449556,16671.92465761197
6449558,23506.771903301207
6449560,25106.15168914779
6449562,25092.10046765956
6449636,16540.549997845406
6449637,18360.586153506185
6449638,18365.384787072308
6449639,19786.242715335615
6449643,15614.186037243937
6449740,29340.67516232206
6449742,32741.12053608254
6449749,40212.08762459155
6449752,67366.37351203493
6449756,89526.98676810252
6449757,26341.373920259088
6449822,27819.86307797779
6449869,39942.62565907735
6449876,86093.03596448993
6449879,23997.68688075187
6449899,44315.31283389628
6449931,37888.234273725015
6449939,59935.87082579615
6449945,61906.329467598036
6449977,34228.385095469435
6450007,18657.28216026374
6450027,22623.673577322297
6450033,19352.385316014916
6450034,19707.520680704092
6450035,46631.60777676841
6450040,36544.04638637882
6450063,10506.772802361585
6450065,30422.522176153303
6450092,19374.823357355406
6450093,13341.995866416917
6450135,73987.09134438931
6450148,37173.643700198525
6450178,20919.411874927533
6450226,20851.190289076643
6450276,11795.283222150563
6450290,18354.38831527677
6450291,19271.951961122475
6450303,12622.717592077597
6450311,26749.98036353856
6450332,15803.27113054809
6450353,34610.60644544133
6450359,27466.412392888134
6450364,35082.24331727096
6450427,15851.348836444131
6450442,83209.215719162
6450474,25881.827359137
6450475,26094.035146717266
6450477,26592.78161269183
6450479,32238.481469439328
6450480,31775.847103930715
6450485,27263.915770535856
6450488,11431.401160352356
6450492,13416.593224455988
6450510,58536.045244245535
6450520,37052.48764286378
6450530,22934.725738490404
6450543,29077.235340716474
6450553,60743.681767757924
6450556,54823.31485334064
6450560,34636.09815874566
6450561,37445.63281287108
6450573,31214.97508104225
6450576,30841.91343213701
6450587,33761.013837338556
6450604,38128.01615833921
6450611,62707.677344491036
6450669,22835.135116781956
6450674,28156.50566540572
6450677,39794.224221431665
6450680,54586.61234476929
6450683,51765.46938827383
6450740,15580.670826389709
6450746,9999.344607708963
6450757,19736.33644721518
6450836,77818.6195061222
6450840,24312.089372309518
6450842,24394.239448071687
6450853,81486.7894720951
6450854,81841.38518898626
6450898,11332.517792985656
6450901,9956.016454978067
6450902,12069.244070718278
6450903,12076.371533880305
6450906,43723.38855523795
6450910,48528.0538422612
6450913,81295.99509131837
6450922,31774.331901909263
6450923,32229.197524869887
6450924,31773.786446868213
6450925,32243.58570371915
6451301,10064.061871311284
6451307,8129.207092134359
6451342,12354.66858674604
6451367,11081.375196432371
6451371,12015.744368432304
6451372,13157.098576218941
6451375,10989.386242795288
6451380,11846.129143373792
6451382,12585.884196635627
6451384,10556.675217636724
6451392,16554.722241275646
6451393,13249.41425911048
6451403,16734.62679083992
6451420,20619.008739284352
6451432,5749.124006053961
6451466,6596.66937547143
6451469,10026.67699097472
6451476,6471.218873765013
6451481,7256.215064730301
6451493,6737.925085425071
6451496,6620.16780242885
6451497,7510.837164478985
6451502,7654.459727869458
6451505,7877.353679165836
6451508,7334.789538833077
6451509,7139.826419331722
6451512,8502.418137632629
6451514,8505.435403644338
6451518,6548.623072313155
6451519,6828.261786755518
6451520,6698.286311218719
6451522,7855.587476631499
6451524,6825.188393708019
6451528,6686.974674855769
6451536,11069.628724049404
6451546,7899.037035170813
6451551,8334.416917975137
6451570,8595.977393490914
6451571,9495.250406302725
6451575,8748.156794256194
6451576,9822.863273261264
6451594,8079.596661565886
6451616,10659.428559976115
6451635,13171.68806279092
6451649,11917.954638336003
6451650,14323.709312908844
6451670,10744.9248247027
6451671,10546.22919894305
6451696,10670.220757200968
6451697,10731.733359199718
6451699,11137.267015657946
6451700,11382.574017504436
6451701,11382.997418042825
6451703,11087.327127960829
6451707,11087.89817391555
6451708,11085.159536030611
6451714,14022.523912427407
6451724,13166.96542675598
6451726,13834.858193368009
6451727,13828.341446670867
6451734,15497.54451405488
6451749,14314.682166502202
6451752,13405.17124825856
6451758,10756.675581735504
6451759,10870.764904609774
6451760,10600.099460781055
6451768,10976.658900255277
6451775,14238.48628589796
6451799,11144.216153116724
6451800,11147.20327604444
6451807,11459.46661940116
6451808,11328.940749111325
6451811,12165.432041931224
6451813,11971.315827595952
6451818,11898.998537653812
6451819,11674.197247251219
6451824,13048.962843308373
6451825,13138.339344434022
6451843,16536.985175209677
6451844,14681.097793452542
6451847,15126.96055702071
6451852,15034.07636136185
6451881,12565.650087146307
6451883,11715.165373097876
6451888,12919.960803101189
6451928,15647.236088471956
6451929,16171.810857615892
6451938,14245.739763176405
6451941,7412.736907350008
6451950,7375.612161985275
6451958,10018.150299125764
6451964,10594.60104921203
6451966,21401.845175250633
6451998,12799.617459198658
6452000,13304.70058547313
6452010,13747.887989293604
6452066,16496.43821575766
6452378,13770.18326919645
6452391,13002.995957007919
6452395,11503.180551811145
6452402,15826.786053675287
6452404,15091.468193191473
6452405,18662.852489957906
6452419,7643.487172616771
6452448,9219.74785743489
6452453,9842.069255953907
6452455,8578.13912124396
6452508,6702.504337158606
6452537,7387.517750741505
6452551,9086.26939526922
6452552,9558.419184598424
6452557,9177.057377390202
6452558,10838.795238478499
6452559,11211.63645996807
6452560,9177.267448856557
6452563,11143.674092072852
6452570,9178.633030592888
6452572,9779.012551844808
6452573,9777.566981937516
6452575,9784.190377473216
6452577,9780.281098870853
6452579,9782.27752809088
6452587,9178.554241508717
6452594,50483.566300686776
6452602,9779.982602415474
6452614,42506.7265353792
6452649,22566.13741868208
6452651,92717.79031423084
6452652,92666.34209955926
6452668,15989.734626123038
6452672,15995.42387039021
6452833,11872.868461547376
6452915,18573.30644202071
6453187,19786.488034463528
6453188,19411.22265132058
6453192,20673.985945057048
6453335,71644.13652129937
6453341,78292.87985765336
6453348,64790.389393064586
6453443,24867.778201871988
6453552,17157.67918338007
6453614,73970.93474446727
6453708,32672.90192852901
6453716,77345.60914397385
6453769,46074.65371028342
6453779,30866.21904603202
6453789,20464.20174540929
6453792,22956.543702178897
6453795,22945.84002250544
6453797,45519.228752959025
6453798,45503.169341459296
6453812,53268.87529182932
6453813,36678.12369640415
6453816,15863.160375402354
6453819,46221.12222590367
6453821,20503.35148738704
6453825,7699.5210464752345
6453832,46400.702914919086
6453875,101704.4993347888
6453879,34038.40571642471
6453892,82645.01541851091
6453899,62126.34619004246
6453900,89813.21200578238
6453903,90881.10027572159
6453915,86987.26300347521
6453998,13344.935635757465
6453999,13664.409461073665
6454020,6995.1352920548425
6454022,12088.782662296888
6454064,6085.7355804133485
6454474,38860.80393542992
6454858,10168.419691879246
6454862,12077.696162606459
6454878,12296.49051576619
6454932,10827.40914961232
6454936,12752.777276249317
6454937,12645.105725813313
6454938,11985.642175784087
6454940,11987.860063386479
6454941,11988.248807598411
6454943,12956.882039735841
6454946,12945.77731898266
6454947,12948.061717161361
6454949,13774.320856140184
6454950,12951.17408640836
6454951,12946.20947151027
6454952,11992.777462788972
6454953,12948.271655052042
6454954,12049.3693022343
6454958,13775.214212646542
6454959,12938.630374138656
6454961,11713.400107948282
6454963,13169.364213752548
6454969,14626.940408210221
6454970,14629.758638452544
6454971,15401.400783204708
6454975,14626.075515733779
6454976,13818.123989978183
6454978,16349.129245828472
6454979,17347.21284234749
6454984,13436.698013888246
6454996,17011.830277895748
6455337,12707.562787870276
6455628,10145.392907997873
6468144,7442.555566205872
6468145,8913.115169552984
6468146,14467.029835961326
6468170,9185.586640880727
6468171,25826.15133433275
6468172,30240.94449501652
6468174,42685.592939670474
6468175,69537.06593407829
6468176,77474.65522907003
6468177,56298.2508800512
6468178,58684.39318731867
6468179,84319.76064819793
6468180,60469.94089774496
6468182,6127.954250002522
6468183,6097.594640285193
6468185,11303.609601205111
6468186,10235.832067282847
6468187,10234.95347064451
6468188,10429.356613330236
6468189,13289.976455372007
6468190,8478.803710545886
6468191,11504.146061579055
6468192,11279.120362556987
6468193,10338.71630654459
6468195,11716.942079353694
6468196,13495.03084106777
6468197,12377.088926403963
6468198,13568.12839870831
6468199,14024.20912187244
6468204,24355.951883500726
6468205,24551.76208922533
6468209,26912.368649837965
6468212,16866.835010710805
6468213,17184.84820071633
6468214,29554.734074886364
6468217,19574.224639761982
6468219,62268.410333390864
6468221,14150.355437034676
6468222,14095.668493085615
6468232,115463.59299186642
6468236,81034.8263886635
6468237,41888.3135148141
6468244,13303.67279147324
6468248,20446.54635622739
6468249,68667.63114754154
6468250,109243.43297481444
6468252,73382.89230873372
6468253,69571.62550283992
6468258,34543.46695283315
6468259,41608.0955825721
6468261,41389.037005905906
6468265,13168.158486090739
6468266,12984.865101180603
6468267,13573.655129916422
6468268,14368.30012056924
6468269,13581.619132140579
6468272,34271.17504684862
6468273,34759.79403119119
6468277,57345.507230998344
6468278,25969.504236448138
6468279,27028.992919461143
6468280,26843.69562287227
6468281,9677.607724803001
6468282,19631.976316877484
6468283,20553.82494067659
6468284,23037.452981408605
6468285,20139.982941529637
6468286,11472.797491365827
6468288,46478.12011742141
6468290,14530.943973766161
6468291,14564.840350828936
6468293,21929.0494902017
6468294,25109.86329055183
6468296,71503.04552576007
6468297,73140.16903569332
6468298,68569.1431410227
6468299,50024.85915725653
6468302,9947.843969215342
6468303,43062.83231938979
6468304,10270.704776509405
6468306,15865.611501993995
6468307,20471.971040421355
6468308,45055.75584367968
6468313,35921.823077267734
6468314,39171.35349965522
6468315,37201.945565475515
6468316,30067.389188073244
6468324,22977.352445825338
6468326,18740.797461851984
6468327,19499.972293075847
6468328,25617.563441959304
6468330,45229.557950331975
6468331,46346.260527869854
6468333,12033.015619307464
6468334,11935.882185675015
6468335,27930.375693673013
6468336,29823.865130116985
6468337,28525.772966753215
6468339,16099.12903131156
6468342,14609.986686514027
6468343,59594.22965752629
6468344,125261.61879772907
6468353,31187.807015754268
6468354,10831.189409217748
6468355,33614.31755161093
6468356,21135.676429299132
6468359,18205.675829347925
6468360,30677.75059853756
6468362,12791.782565827654
6468364,40908.74013800411
6468365,12403.961864279045
6468366,15768.598111313415
6468367,28143.672813591966
6468368,34473.63011030349
6468370,16240.467783963157
6468371,16242.636398626666
6468372,19203.296131902443
6468373,62522.14240030623
6468376,16794.857506352215
6468377,25100.046699845112
6468378,39220.472244289675
6468379,21365.401167035827
6468380,30221.483107752993
6468387,67973.0059579492
6468388,68120.25328323813
6468389,43768.36300433562
6468390,65576.82783964377
6468391,67509.9888863203
6468392,95276.7820627213
6468393,91665.02931322272
6468400,77297.53030768831
6468403,85610.62596359893
6468406,27882.78854239684
6468407,29478.27847965298
6468409,27553.333556776135
6468410,30774.540605177757
6468412,31880.540316565817
6468413,13314.03049410272
6468414,15899.042068088971
6468415,22317.07400107386
6468416,56304.31830687854
6468417,63244.60766096557
6468418,64061.75123704391
6468420,128425.62670750628
6468421,67360.39884933934
6468422,67438.11081209932
6468423,67827.88811728529
6468428,66424.29412519393
6468429,22859.91040043438
6468430,55906.81356251035
6468431,70339.71772426438
6468433,13884.16282143177
6468440,26134.531440859766
6468441,12220.961817281066
6468442,31711.272745018898
6468444,31309.93627582355
6468445,70441.0847186225
6468448,12859.035139136375
6468452,32793.71494527964
6468453,38131.034378855074
6468454,101842.5182569537
6468455,37423.069697486935
6468458,84533.20930949067
6468465,68975.32390154157
6468467,13689.21948533048
6468469,12912.286235196047
6468470,15182.85333516639
6468471,16319.171964896886
6468475,17182.766834604503
6468477,87232.50145495667
6468478,85229.05081626061
6468479,12246.689834138606
6468480,10261.725898617382
6468481,15677.006549927799
6468482,15406.45458481353
6468483,15689.316639353598
6468484,16009.984124067789
6468488,70442.56266788054
6468489,11866.347741928894
6468490,15047.560656683872
6468511,14651.820962506958
6468513,42978.805356183686
6468514,47216.04832487279
6468515,107268.06149304374
6468527,9263.8384753281
6468528,32998.76987714302
6468529,10954.52859735143
6468531,13347.214084238201
6468534,15976.914557514652
6468535,14428.53013027702
6468536,26208.513016093057
6468537,23390.66140666128
6468538,25905.33699557683
6468539,59146.41703338524
6468540,61646.33594605696
6468542,67890.14524644817
6468543,56902.92326260313
6468544,113733.55454057072
6468545,119794.85776544995
6468546,15226.69089894066
6468547,36374.05121610125
6468549,37407.86868615683
6468550,35963.67728145518
6468551,11801.809918199502
6468552,16758.664344868117
6468553,17551.67460655117
6468554,24404.292047648618
6468555,38719.19114468659
6468556,48154.1633979354
6468557,48557.543739873705
6468558,46931.60048331048
6468559,55596.88607541573
6468560,69228.31980911287
6468561,19552.33886314563
6468562,19318.43610968372
6468563,22170.42046272448
6468569,6272.293041027731
6468570,21305.476306296052
6468577,13176.362124836489
6468578,13168.999971884847
6468580,9003.383944370953
6468581,10778.550140668056
6468582,12018.816057160155
6468583,16680.910883514898
6468584,16681.976827936625
6468585,24681.21433417745
6468586,20698.015451757165
6468587,20665.86405309113
6468588,20666.002019753778
6468589,25280.709188978315
6468590,23489.874235577652
6468591,23487.678879112365
6468592,23273.770378500463
6468593,23999.01435948075
6468594,26453.303659663827
6468595,32997.3222413794
6468596,33054.93046318004
6468597,19762.932413174105
6468598,28146.03490764932
6468599,29233.140450122326
6468600,24762.249904529235
6468607,16077.478712843566
6468608,21966.035903936154
6468609,31779.908201647693
6468610,31080.497360925405
6468611,21787.168906536193
6468612,25466.21769799897
6468613,25693.38947905871
6468614,31734.78040447389
6468615,33867.822090803544
6468616,35765.635724601525
6468617,35801.36643894154
6468618,42063.41435310578
6468619,33943.94129053551
6468620,32326.534959366127
6468621,31285.490127133467
6468622,31296.86013616857
6468623,31439.379352134292
6468626,14477.658034899207
6468627,20805.363260672428
6468628,21098.860609485928
6468631,13109.875520539543
6468945,26332.582671634293
6468946,23242.07311094031
6468947,63914.37658700531
6468948,21327.63601061921
6468949,10300.252326800584
6468950,14554.592349517778
6468951,68191.29758408412
6468975,23916.689703055737
6468976,27489.08038669998
6468979,42596.736151209145
6468980,44246.47712310355
6468981,43972.453450224224
6469060,27248.007281327315
6469061,19504.882671368036
6469062,22044.547571252013
6469063,21959.437834686236
6469079,29234.757526081412
6469080,31816.05663815839
6469081,50564.467909720996
6469082,43177.1964386289
6469083,84939.04449728422
6469085,59108.6925367256
6469090,25933.566855093763
6469091,35654.98475210397
6469092,37134.98513432221
6469093,42377.36264997211
6469094,36437.45025445695
6469095,41365.478561663775
6469096,44210.87660844431
6469097,44164.310225838555
6469098,51660.86494266398
6469099,46812.872561213364
6469100,54399.52199641395
6469101,53780.60880162953
6469102,60710.9018716556
6469104,34576.163033914905
6469106,44183.81577797553
6469108,36352.75782035672
6469109,18075.82994864695
6469113,45953.053478058355
6469115,25670.6107881879
6469117,34531.14802996552
6469124,23940.994359630517
6469125,13708.712918447969
6469127,59438.87663545315
6469128,30134.104839989923
6469129,20888.390737248097
6469130,19374.915748701158
6469131,29680.091053054428
6469132,25954.598539096554
6469133,17768.54164414075
6469139,71235.89391579317
6469140,71438.97417112454
6469141,24772.784914483782
6469142,31299.188364060858
6469143,24901.00377847378
6469145,31439.55925594272
6469146,39585.696658231915
6469147,18645.008391098876
6469148,29091.43716477647
6469149,29211.79228437962
6469150,42160.244709004364
6469151,44479.513473583254
6469152,40068.87518919518
6469153,40080.26446353283
6469154,65868.4097308019
6469155,92382.21280490454
6469156,74493.25215769121
6469157,95258.42930785286
6469158,92269.06915216992
6469159,87713.92809377339
6469160,97842.9284671601
6469161,100749.64300775307
6469162,28483.690309357433
6469163,27215.595198716608
6469164,38657.83112544961
6469165,74806.92729176955
6469166,45211.09984286143
6469167,43359.8351721274
6469168,45563.96453822701
6469172,12308.106521309486
6469201,11363.147119191355
6469218,22288.465139189953
6469221,37499.52508898482
6469222,54079.79263764402
6469248,10905.584862603971
6469249,10709.422649471922
6469251,10501.453002145015
6469252,10483.249837618914
6469253,12488.02757006141
6469254,11059.381870339443
6469255,11145.10901701657
6469256,13124.36257757205
6469257,15685.845502503615
6469258,14362.408766652898
6469259,14090.923690159214
6469260,13372.340966328127
6469261,13379.944398815776
6469262,18125.305676733504
6469263,18720.486225766443
6469264,18724.271698947687
6469265,6091.949847322387
6469267,6474.108196507619
6469268,7493.084672190252
6469270,6323.442949325628
6469272,8488.205979547854
6469273,7800.746438715059
6469274,10350.634922610745
6469275,7655.292066060867
6469276,10569.238210180609
6469278,9933.565362177933
6469280,11227.709160162452
6469281,10991.881063197607
6469282,10299.741489399088
6469283,10910.339306338798
6469284,10968.014819351753
6469285,10972.032528171754
6469286,10990.402970982952
6469287,10256.275821231862
6469288,10303.809243139614
6469289,11898.351678026107
6469290,10992.510098894289
6469291,10907.634117081643
6469292,10240.30431646395
6469293,10905.449646153942
6469294,11891.079764936343
6469296,15408.938019175368
6469297,12954.979109185379
6469298,11463.489400643906
6469299,11915.567849154464
6469300,13564.026870943528
6469301,12108.168109131226
6469302,11893.858676475245
6469303,11664.881526742403
6469304,11636.102164504906
6469305,11884.991115289771
6469306,13047.332595859412
6469307,12994.664767180639
6469308,6124.080222471574
6469309,6049.581027672639
6469310,7096.314094772314
6469311,7048.641747461601
6469312,9019.155343464692
6469320,15990.512392635736
6469380,19166.391000999753
6469381,24443.70463025814
6469384,29802.654043163337
6469386,9592.200936402467
6469387,9405.557133648665
6469388,42147.822237720444
6469389,51920.22318617655
6469390,44279.910312264605
6469392,13496.781385834058
6469393,14414.665634479017
6469395,8143.688134270578
6469471,9502.47104518241
6469472,9704.32916705243
6469473,11092.160797538187
6469474,12477.360351749738
6469475,12728.06181525286
6469476,14208.032175014127
6469477,11415.461504735447
6469478,11769.30230914356
6469479,12575.325294347002
6469480,14693.859103099809
6469481,14759.619869807724
6469482,16882.574869562235
6469522,26396.17177406895
6469523,21703.963571573062
6469524,21625.57170227908
6469525,21632.440820039195
6469526,70603.57584046562
6469527,62698.82702814948
6469528,20384.454367215865
6469529,20240.17020106546
6469530,25961.035165861867
6469532,44855.834055102074
6469533,87178.692607063
6469534,54387.33147304782
6469535,46660.65724628288
6469536,59115.570247088675
6469538,20736.30717805901
6469539,33453.35591483774
6469540,9669.276406285991
6469541,26346.021908675317
6469542,27287.7698958295
6469543,81326.78066871359
6469544,15355.961808827526
6469545,26955.934406667144
6469546,12211.757225944306
6469547,9791.686750919585
6469548,9454.12435956328
6469549,9318.30176598647
6469550,9793.395943254684
6469551,9862.31921981815
6469552,11928.917272853254
6469553,11138.4355276578
6469589,5947.526942882188
6469594,14034.016777562974
6469595,17213.307872294637
6470170,32892.851371512996
6470171,34113.47676748172
6470245,12667.84769177877
6470246,11673.117266636445
6470249,14513.409394061537
6470250,16936.633227276823
6470302,6891.473584308768
6470354,27140.039205520774
6470356,10655.149290207224
6617957,32498.652637239786
6618045,11459.401042272766
6618055,10607.765608500633
6618056,10547.144573227824
6618057,10724.407219722207
6618061,11541.533975620909
6618066,22019.269874369522
6618071,13535.31214127635
6618072,16948.687642170127
6618073,20993.80241208185
6618074,16034.984138106576
6618076,16944.64700342708
6618077,17061.013398709092
6618080,30796.29652483194
6618105,77966.5210906231
6618156,34178.8678321486
6618190,78534.05117183634
6618199,50934.47986327071
6618204,111703.1952838569
6618220,56336.49196024994
6618221,59282.91090358788
6618246,18032.79996253446
6618249,19145.308120825135
6618253,14201.759544631364
6618280,21718.230190504633
6618321,19471.093064254917
6618365,17487.529026981232
6618372,26963.416512407093
6618377,43797.55019203472
6618383,21623.612443965387
6618392,37595.636707127356
6618426,15798.207707010568
6618466,66020.85661459794
6618484,59630.15985042024
6618521,61459.48640075195
6618538,59966.40217516839
6618568,26574.62875760743
6618817,16477.8520708376
6618884,11184.32724975093
6618895,23950.449032113298
6618897,12619.97301779954
6618905,13681.127151336426
6618975,10422.654379574513
6618976,11323.76630086521
6618999,39006.208129705265
6619029,51615.01623877249
6619031,14695.526876789008
6619046,17190.962647027798
6619055,53974.578023177964
6619061,72131.24206560581
6619086,16568.71700055972
6619100,9250.823893725259
6619235,10576.46844675012
6619236,10254.417390512692
6619237,10432.888454097234
6619238,11685.637811734685
6619239,17632.040398726494
6619240,17391.725042233058
6619241,20636.694950558114
6619242,18280.107496940374
6619264,27634.309284412022
6619265,28914.24635320587
6619308,35108.28329110026
6619321,30063.030835494326
6619338,15194.789916182412
6619339,17967.136027606295
6619356,89405.14633756434
6619364,13227.962094183133
6619365,23241.585456975095
6619372,13270.521504290524
6619523,25432.577555582026
6619757,39113.37998372708
6619759,13449.249941042652
6619761,24222.66057098562
6619769,46400.393151166885
6619838,28008.265406222632
6619858,47451.10102860198
6619862,64471.72193275931
6619868,13672.3745473223
6619891,72780.0178850534
6619893,51728.94969540307
6619896,65406.31600230479
6619909,26231.293664744746
6619950,32040.075857333577
6619955,12189.57822101037
6619957,40330.14907473485
6619959,73964.0216443603
6619961,26923.099422503095
6620034,18720.1648529144
6620051,6911.715763617792
6620065,9542.869855227254
6620068,10298.346639378766
6620072,12335.13557504282
6620077,11481.072827254271
6620086,15736.792537207975
6620094,6716.019875161629
6620109,17464.428089371675
6620126,14936.063341143012
6620130,26121.100433970263
6620133,11860.1925726128
6620142,17875.318178050253
6620157,14620.050587498783
6620162,16097.286623191252
6620171,16695.55368739145
6620174,17499.70846954946
6620191,6866.730659486214
6620409,18191.061850256556
6620410,17688.92017413245
6620411,18821.993738192632
6620472,71887.10532941441
6620482,75195.46471545765
6620498,32748.83409843755
6620526,72292.52985839978
6620531,64123.05883930805
6620628,12552.078991547534
6620694,21626.520459564737
6620700,13082.334259209647
6620722,16127.836388471282
6620726,14599.790468019259
6620848,11287.234480569654
6620850,10717.760725468079
6620852,10992.981899288234
6620879,17925.202448514814
6620885,14387.360800399138
6620890,11159.702590185672
6620892,11508.9858028103
6621151,6327.225804870914
6621157,9196.965475414318
6621160,9196.404093286541
6621161,9131.681213116919
6621164,9236.717495865954
6621165,9831.242521649645
6621169,10442.654493057364
6621189,16031.60471777323
6621191,18533.45768299528
6621208,10062.977266370699
6621253,12376.333450867784
6621258,10111.109576754508
6621260,10044.537693831255
6621282,13166.023614156213
6621325,9095.76394535358
6621326,9094.870428174583
6621339,11215.005325033235
6621350,11414.634078176217
6621351,9024.094409922342
6621352,8815.843899934707
6621365,6297.218404614123
6621373,15113.606915672959
6621379,32678.542422588656
6621391,25046.48231239564
6621393,24943.78761220172
6621399,36174.09490259886
6621402,30179.661936664786
6621412,48061.302179547885
6621413,39148.23592761105
6621434,15931.053990904722
6621436,18117.994922937047
6621446,24577.532476429475
6621453,43972.788942329295
6621460,50383.474173682465
6621462,48197.5814633551
6621464,71958.50947881142
6621467,37590.473949293155
6621468,36312.043802978405
6621471,52793.77161360897
6621474,82322.6521195721
6621476,50113.5799019094
6621477,57450.06011653493
6621511,9334.241923951295
6621516,12150.624267354646
6621517,11994.207317703644
6621518,17881.575957178167
6621524,26819.33443917659
6621527,29462.145671626677
6621536,72818.3419534923
6621579,7460.003359903773
6621589,7929.608990231073
6621611,8211.96056644625
6621619,9777.305869514665
6621626,7976.373569035668
6621629,7041.807707786604
6621644,7803.812454998804
6621668,8224.753141975605
6621677,9152.7042271247
6621681,6684.812831591572
6621682,6565.359269640684
6621684,7037.51043065608
6621687,10255.767164618013
6621692,13224.039062233453
6621693,11518.045207948224
6621700,10813.188199078293
6621705,10121.858321775739
6621726,11994.264515445708
6621736,12920.133317691301
6621745,26542.61261716205
6621751,24106.554445702102
6621753,27947.13566700442
6621754,29608.675912460418
6621759,31104.842665201486
6621765,46013.22100744686
6621767,28721.694781663646
6621768,36228.506614534876
6621775,39763.229772472
6621784,38056.122312171115
6621794,51309.84173189707
6621795,55039.6233248216
6621799,50181.34834487286
6621801,58906.10347864358
6621802,70955.73143845549
6621806,53699.73383182942
6621807,65048.628266819585
6621810,43516.38674553451
6621813,61960.49230478204
6621823,17093.750689470457
6621833,10832.408462746625
6621839,10483.149852497712
6621840,10622.192572188074
6621844,10686.139064610456
6621849,10434.341332831807
6621853,9121.792461102023
6621859,14729.104747594156
6621861,10802.138083609003
6621862,12988.803901362708
6621863,13209.681360645274
6621864,13859.237436898595
6621869,12085.37034824259
6621870,14264.297753114071
6621871,12302.872094669343
6621875,17903.060031435507
6621878,17439.27849910421
6621882,17961.927514708634
6621890,11189.160516867778
6621891,11323.885103014716
6621892,11188.093390884978
6621893,11190.868130134042
6621898,18201.821598277053
6621900,17833.751957368953
6621905,19614.98276914075
6621912,14233.815589755108
6621917,22701.937392351614
6621920,16984.821390717043
6621923,17121.585945771905
6621927,18613.986470895943
6621929,17676.17073128506
6621930,20600.885787631305
6621932,17799.767288215597
6621936,18836.216305243757
6621951,15620.30776747111
6621953,15159.297451969494
6621954,17736.034411960867
6621955,25986.00456627608
6621967,20197.24622266389
6621977,18258.292876048847
6621978,19858.47875502483
6621980,20020.61499118196
6621985,23046.418967430553
6621988,27229.19941995878
6622001,25127.399043103276
6622028,23633.396581172532
6622033,26469.30354901285
6622051,19329.770469980496
6622070,28829.30025355166
6622071,29491.719858588574
6622072,28573.258402120322
6622088,24427.181805416287
6622092,26029.60986753909
6622096,11464.342236712484
6622100,26768.789112489518
6622101,29024.400065934235
6622104,27886.165937650167
6622106,27250.138272277476
6622107,26147.196299283238
6622108,26142.957376160186
6622109,26154.678428528667
6622110,23121.139036867175
6622111,26324.497314148437
6622112,25660.599457238026
6622113,26316.4646356906
6622114,26899.12794831309
6622115,27882.974687389004
6622116,26662.084126083824
6622117,26656.821070597205
6622118,29287.05397076131
6622120,31322.360681490136
6622121,26306.32687957699
6622124,27434.028325690033
6622129,27804.903029622543
6622160,12635.075564084636
6622163,15572.97533060251
6622165,12169.84191017186
6622169,31867.894509042275
6622170,31963.043366165133
6622174,28000.17292523111
6622175,31311.518918915044
6622176,32455.413684988205
6622185,31328.335708212067
6622186,32451.049626821143
6622187,43788.98827075878
6622207,12877.100844409972
6622214,15068.873250362258
6622225,21328.164872057434
6622226,25202.44728320367
6622230,29218.646522832838
6622231,32979.16924692399
6622232,32451.79240379137
6622233,32457.270909011346
6622234,32439.87907407645
6622242,73211.97995222341
6622252,15470.09178825995
6622258,13427.807216297455
6622259,14558.201933598866
6622262,16661.036344569126
6622273,11821.704827666741
6622310,14493.034413753858
6622311,14530.611367770904
6622358,17244.824192939483
6622359,32626.599459137095
6622615,25866.18256787047
6622624,8958.73824768514
6622627,6193.261359886544
6622652,29726.095766164995
6622696,25613.776798109575
6622697,26501.53456187619
6622698,29312.03516931904
6622715,21974.647794141863
6622716,25853.80176016709
6622728,32936.20191140836
6622731,42711.57325313852
6622746,12647.638635348763
6622747,12151.458681823246
6622748,13144.56855384797
6622749,12911.48578049344
6622756,13479.517557442025
6622758,13479.658974440816
6622809,11091.367381222775
6622811,10452.858355942233
6622831,61014.821203043364
6622835,57481.73723540248
6622866,13158.742537735056
6622886,84611.44505159708
6622896,23139.382398933547
6622897,25000.756339944983
6622898,24963.08811888898
6622907,24246.88302766155
6622932,21755.71172904652
6622942,89990.2607753961
6622947,68258.31473371682
6622948,63441.240339047086
6622953,39841.12216274211
6622956,32219.025146555345
6622957,32957.37997607081
6622975,14211.732022036165
6622977,14136.879568984403
6622978,14716.256687938117
6622988,66286.71802910107
6622990,65926.54198465424
6622991,66777.38131079126
6622992,71445.37872223146
6622998,19963.148004195875
6623003,22391.52223265319
6623004,17412.73685988638
6623005,23369.99100415277
6623006,22451.803460235566
6623009,37510.577573284914
6623026,26036.63621257809
6623066,37201.80364777148
6623067,37441.27621549943
6623068,36880.2680667814
6623070,34385.49955462167
6623074,42603.27717642753
6623076,52500.70085730393
6623119,12860.408812441809
6623137,10665.326805690644
6623187,13466.629131105858
6623208,44249.89526740595
6623209,45805.4685752943
6623213,51033.817083825576
6623225,64066.4557248119
6623230,68300.5758646072
6623233,68524.82062162846
6623235,64557.12098052175
6623238,66323.58372597549
6623239,66956.0648287724
6623241,72394.29452818974
6623243,72830.49600650507
6623245,82073.60347718264
6623269,34827.18789587407
6623273,59166.72717375474
6623290,16434.691183087096
6623310,17200.031768136218
6623311,17244.692618244615
6623318,88651.19591835105
6623323,81877.6869436011
6623327,109679.99882326262
6623329,98066.944879673
6623331,97776.69991012593
6623348,110016.27913173726
6623398,22096.011894769803
6623399,18868.994199948927
6623404,36451.73547410287
6623414,12223.211588138842
6623419,12018.976540089556
6623425,24670.78885090977
6623427,29627.770946434903
6623428,28418.73120008983
6623435,34983.88114661401
6623476,31622.69343951209
6623477,31844.895654377047
6623478,32995.402648418494
6623495,26759.166160542998
6623504,70976.44136151712
6623506,34926.67503106963
6623514,53674.79888648743
6623518,65576.26498304805
6623521,50423.94884104918
6623556,36563.49901803019
6623572,80639.18523560678
6623586,78838.1203807478
6623589,82519.86944443609
6623593,21143.599813664678
6623600,41772.50264360439
6623601,47500.86108166752
6623610,44542.80656765413
6623612,39390.54417950181
6623616,48331.527570743616
6623618,47101.991020877475
6623623,31071.487612800487
6623631,71822.75833360216
6623632,75776.05947928828
6623640,9312.642097599972
6623649,41111.33560476067
6623652,36234.622684259644
6623662,42384.47631441928
6623666,75587.89436850339
6623669,11015.011280209103
6623675,16154.468618749921
6623677,16928.203467111907
6623678,16774.68722719531
6623679,20059.68139546342
6623680,20044.726251856006
6623692,17531.414731031757
6623699,10859.676671392286
6623704,13053.456411374904
6623719,12646.432424685881
6623721,13514.711787147136
6623744,11684.155587976944
6623747,12074.678524335577
6623750,12779.929516375856
6623756,12518.113853922669
6623776,13340.532586326113
6623795,10397.911390284467
6623801,46715.11252634161
6623841,12176.47132306736
6623846,14460.160168740475
6623857,37046.76349761304
6623858,26038.448969696685
6623867,14826.69302356639
6623874,17203.59184403782
6623877,19580.386177630047
6623885,23037.321154700378
6623886,28263.20667916024
6623891,8566.537134409627
6623903,57748.11899689973
6623912,35360.77680595638
6623913,34168.76442245555
6623951,24901.549997697184
6623971,24364.91977340436
6623972,24569.70479149834
6623978,76250.96013889913
6623980,79116.72764189212
6623981,79574.8385374894
6623991,81801.66688060049
6623998,78836.31591713669
6623999,78775.13897534157
6624016,49296.741366871065
6624019,42408.85775412142
6624030,18069.366326335054
6624035,16960.669756383402
6624044,17119.234677879995
6624046,8262.155105211887
6624049,17792.927220490208
6624056,18312.703650745683
6624060,19519.286135344366
6624075,21467.097452239832
6624079,30489.269764241195
6624083,29633.903175876854
6624084,30759.194464900633
6624102,13138.101264232133
6624103,12963.124130372515
6624157,98275.82101619791
6624169,60748.54813667468
6624172,70832.20670040898
6624176,16819.687379703795
6624177,19204.23020146088
6624179,20244.74564386331
6624180,19781.619962043602
6624181,19780.110725491617
6624182,20886.239307098636
6624184,18679.466568185195
6624186,24186.925859251187
6624196,30908.608362919775
6624197,32189.816626463624
6624198,27191.93382970481
6624200,32897.902332685844
6624201,28797.643732329456
6624209,10518.483843441538
6624214,15228.041528801501
6624215,18548.806660853043
6624248,67512.11357512724
6624255,86639.4516599757
6624257,43405.387761387974
6624258,62658.29897654901
6624274,28977.215052371088
6624280,9911.344500320825
6624290,9898.307736109125
6624295,23388.83221999506
6624301,39140.284248028416
6624303,43877.611970520076
6624309,44762.45967358813
6624311,45568.39707572419
6624313,10138.602380577502
6624315,10038.867833107706
6624316,9773.77221219641
6624345,18446.713866504808
6624360,35966.86719169136
6624371,17560.699535238113
6624374,20482.51701088936
6624375,17319.308116919172
6624381,18177.95050489417
6624383,17618.03808519234
6624395,37934.36930935078
6624406,47814.83558953401
6624407,37454.13320780497
6624410,52241.68135899262
6624412,65433.26853780142
6624413,41203.34143487318
6624417,66683.70301381378
6624418,64030.35610218768
6624422,36556.351238920746
6624429,12442.469964213022
6624431,11628.447059683987
6624433,13523.608529178717
6624437,17210.385922201986
6624438,15053.890966537501
6624439,15052.06767917286
6624471,33483.00838464755
6624472,31010.326038670584
6624474,33742.40854161032
6624476,39093.01818618644
6624484,38052.16646086955
6624485,39845.52998994791
6624490,32710.908374310013
6624509,14491.030277013428
6624511,18436.424767030407
6624514,17085.94341980492
6624539,32660.15986694475
6624550,17648.74677243837
6624569,42788.22164646046
6624570,43495.39209601009
6624571,45670.551644433806
6624575,44445.29376518849
6624576,41634.05539520115
6624583,21775.078990485683
6624594,52749.63398538055
6624595,55820.82475452706
6624598,61027.74057780215
6624601,60021.729804926035
6624621,35147.815259951916
6624629,34237.33063399174
6624630,36328.35858175836
6624632,29373.99312294683
6624659,15022.495262485707
6624660,13396.595176206045
6624661,17329.056439667846
6624679,15326.21627083361
6624690,15511.000665226567
6624691,12781.124078930461
6624702,35873.20868521513
6624709,37686.67489661739
6624713,45145.005773716686
6624718,12534.325778397377
6624721,20265.376930087954
6624723,16018.628860600544
6624730,33935.39604776692
6624734,41833.61944788796
6624738,37698.82517223053
6624741,40129.33647699087
6624742,39304.7977218848
6624746,38455.40497813483
6624748,40421.94866106621
6624749,46567.878056721784
6624751,46502.372733558
6624763,16431.30588371856
6624764,17019.668612777314
6624770,27051.764312194497
6624772,26630.826147587253
6624783,106296.24391118564
6624796,20124.64164462429
6624797,23189.20016293547
6624829,46505.25551260027
6624830,46179.13225929044
6624833,48460.392080325946
6624837,46777.88381572366
6624843,59239.731952736314
6624844,57050.124826232815
6624845,62080.26736651709
6624848,62505.151095705034
6624849,62179.15971099545
6624852,61280.91717491372
6624854,55501.68664289396
6624855,55544.78960115506
6624857,58155.553985759216
6624859,61306.695954226365
6624861,62791.33861192334
6624862,64410.75668405434
6624864,67494.40987804813
6624867,63300.24320334856
6624871,64843.92153517097
6624878,37328.60961793624
6624881,11468.191722051493
6624894,34857.326705460866
6624895,36689.49393830383
6624901,12293.676165648616
6624902,13546.095644000841
6624903,12263.228625488486
6624909,11675.533443997994
6624910,12421.222429497162
6624921,11443.018527559523
6624930,21183.4431374238
6624940,13876.643445833713
6624951,29880.036408584572
6624965,28069.180842161415
6624969,29464.36551662679
6624970,28427.54109481751
6624972,22947.350055213712
6624977,23967.815154925484
6625011,42197.051173597596
6625012,43215.55012198806
6625017,31901.404700607192
6625018,34205.67262902566
6625040,26480.665808803893
6625048,31346.327418000204
6625057,12259.135680662617
6625065,53706.13583973969
6625070,14293.809075837145
6625072,14948.46171537033
6625078,18650.450544244293
6625092,69150.19361202148
6625093,65188.42165747179
6625106,121801.65041525838
6625107,128813.72973209854
6625114,94620.29040608967
6625117,102099.0580168037
6625124,100086.26755995007
6625126,94930.85636865809
6625146,43192.558541265134
6625160,20208.652871122427
6625164,19341.904677425613
6625175,38376.30536016902
6625202,16871.29153794375
6625206,16015.665298088594
6625241,28405.480840943495
6625242,29060.074814468993
6625271,13460.131770517877
6625272,12203.746723074582
6625273,14385.535915384571
6625277,11675.310733920925
6625279,14315.78806158626
6625290,54055.91846952023
6625292,20814.21489545034
6625298,71771.54124131355
6625299,38623.85383008042
6625308,40886.3519040279
6625309,37288.75857974929
6625313,36338.58070058756
6625323,20447.969927665
6625324,10900.14632349289
6625334,23940.811697406483
6625341,25021.795183024482
6625368,31469.317511471505
6625369,33530.65411368839
6625371,33366.21064309558
6625379,16143.194589729406
6625382,16130.789937015777
6625383,22160.315783827155
6625388,19089.370331954884
6625389,19648.085101994893
6625392,20232.4888722358
6625395,20984.714299112864
6625396,20313.88900037423
6625398,19559.538129745648
6625413,28976.82815404189
6625424,16443.439768138545
6625427,12600.40514621004
6625428,12000.592269225286
6625444,41839.005835902615
6625452,20421.640153961518
6625453,17369.081958828596
6625460,61265.89916685222
6625461,66604.51009599346
6625464,11901.50686975161
6625466,11999.585097781795
6625468,11830.660575859045
6625471,13202.124310431353
6625481,14000.22067030011
6625494,27358.36168226326
6625497,26456.911622641066
6625514,33130.86571619878
6625516,39866.3597679483
6625517,34138.927923141506
6625518,36242.74448526098
6625542,35075.05058725586
6625546,84230.22641513907
6625547,43847.70234675104
6625550,62015.057386844135
6625576,21385.97103952376
6625577,22443.668122875726
6625578,21685.342044541616
6625579,20339.711283306435
6625583,17855.8256889369
6625599,57117.304057391375
6625600,60886.126179870516
6625603,49818.23270382295
6625613,9620.888604560274
6625628,51200.05396748489
6625631,51203.27679149949
6625635,62893.16304792117
6625636,63870.80900861295
6625660,19225.359627753467
6625662,17008.74786430373
6625664,18740.52936020636
6625669,17955.14500559676
6625670,17265.526808845563
6625675,19675.875679013567
6625677,17050.440133592423
6625680,88232.58891644176
6625684,96364.03840556814
6625685,102596.26858188014
6625695,19033.650429232686
6625710,26837.782420883115
6625711,39712.52232833728
6625723,45549.80069162663
6625728,33401.455591318925
6625730,36354.04061985909
6625739,47146.12401944176
6625760,63774.882378709175
6625767,77011.30000988473
6625772,77736.95214455175
6625784,53981.836503452796
6625785,55977.98483141528
6625787,74963.47339942359
6625794,54576.77411750416
6625795,54486.80285868806
6625802,57029.290293731035
6625805,56001.1590294428
6625806,53994.81153777335
6625807,59807.740366505226
6625813,66544.95501083913
6625814,61456.20414430659
6625816,63465.022566915264
6625818,59164.30087360801
6625829,97333.38084460117
6625831,98552.50836590664
6625832,100345.08199444102
6625835,111321.93941919912
6625872,42714.46545682527
6625874,16014.565558717875
6625881,101522.60459076942
6625963,102376.84292767903
6625971,101431.15047797325
6626001,95490.82505874382
6626032,66948.01955279251
6626033,70255.91501463199
6626049,83538.47634376428
6626053,83303.62285887127
6626057,87002.94356785632
6626072,44186.9340943817
6626073,43316.89160401601
6626075,58797.16246913733
6626081,88779.71332768122
6626085,78279.51563001309
6626097,73761.14937516964
6626098,69068.33503595718
6626105,66001.90736643404
6626112,74057.04989534232
6626117,85064.69530786737
6626122,80913.27610834727
6626133,120607.83822881122
6626141,63957.1809397804
6626144,60552.58015670888
6626146,66071.68759485848
6626147,65293.82186711606
6626151,65188.91901518615
6626157,71105.16774064067
6626159,61953.69720276793
6626166,15610.299760640633
6626172,79824.06947136334
6626177,96192.15346854532
6626184,115381.47595591894
6626288,90577.7359515763
6626291,98765.4327764822
6626307,84341.07319527636
6626314,94032.06084283236
6626322,75839.46382966002
6626328,86661.35052201994
6626333,66876.48468218742
6626462,27004.74688114828
6626465,23411.28310786986
6626466,24702.83240860133
6626547,81140.15257116611
6626548,83384.93524224254
6626554,28352.0273975924
6626593,33357.52451753293
6626628,69822.41356586736
6626631,73777.61195776195
6626634,87239.48989225893
6626635,88702.10681527843
6626638,93665.81799088515
6626640,26603.181986531108
6626643,22827.492235364232
6626644,23974.67366901939
6626646,25894.641415889026
6626648,28841.840570992423
6626653,25744.55586594969
6626656,29299.12276310017
6626658,29105.645925014138
6626691,31746.162310127333
6626694,25269.596683717875
6626703,31907.855347524594
6626704,26365.300967533876
6626712,31504.301427046754
6626714,32461.047592269508
6626716,32409.141240402307
6626718,33453.770676688895
6626719,33449.62328956366
6626723,33461.33300574526
6626731,33591.21163147169
6626733,30813.571275215843
6626735,35291.239718029385
6626738,92549.23162305243
6626755,91749.16549745345
6626760,29072.992781814228
6626761,31045.53991566167
6626765,31598.274321899153
6626770,32374.788962820963
6626776,92793.86574188944
6626777,94073.41098965911
6626826,13605.61704125168
6626830,15698.806336504975
6626831,16303.024392830595
6626846,21854.01279291437
6626847,22998.377454933598
6626848,23703.53071522572
6626866,28761.30364624897
6626868,32535.308300581546
6626869,28720.544336658873
6626871,34730.17013544987
6626954,39961.86736315805
6626955,42260.522139213615
6626962,48977.333252433615
6626966,46332.82561710005
6626972,60141.94402859648
6626980,59821.54516986297
6626982,65636.33025377174
6626992,111311.74796623144
6627000,117924.09890927575
6627005,118707.28789149408
6627006,122932.81001583504
6627009,123021.8264910156
6627043,13006.853419460227
6627057,23776.02704826015
6627059,27602.43802432847
6627060,25577.624237717977
6627062,29817.8073421298
6627069,46032.138287309026
6627070,46884.31467478301
6627071,49439.352621907325
6627072,45333.76309294369
6627087,60125.94361543867
6627089,64252.957892182436
6627090,65223.37026840121
6627111,69018.02895160121
6627116,94668.57999762575
6627117,39551.884583342784
6627130,11267.228772519004
6627131,11894.10824316007
6627204,82749.7512110167
6627207,59614.46615316464
6627208,27030.745867381094
6627212,61975.91699725107
6627213,59282.85436607163
6627214,71615.51359334789
6627219,88239.06840462747
6627293,33376.87253249303
6627300,54897.452129586825
6627304,13016.036548664559
6627310,52721.57018907943
6627320,64856.16719666456
6627321,67130.87282927554
6627322,61039.90591251895
6627323,60920.917942911714
6627325,71212.66332013639
6627326,60820.89441505346
6627327,60871.495182958635
6627328,60833.36661355386
6627329,60964.62456409927
6627330,60940.035732862285
6627331,60971.31118605
6627332,60887.05525077375
6627333,60882.990670232466
6627334,60900.87685441363
6627353,22138.43107065052
6627371,104820.55683753903
6627377,103828.82077379337
6627407,103553.91022154536
6627410,90891.15477514004
6627411,86462.9755927912
6627413,106475.92710405466
6627415,101236.9029067119
6627416,105961.53164619576
6627426,55091.140922900675
6627427,55493.11240439818
6627429,72735.6787978996
6627430,64919.78286304248
6627431,64823.517237131695
6627466,70887.41803537731
6627467,97843.86158402551
6627473,103223.79687200919
6627479,91192.78573881727
6627481,103065.81868548726
6627482,103055.69508838908
6627497,88361.42643301058
6627504,90810.05707931123
6627509,91311.92428983268
6627514,91673.07226353546
6627517,92560.79476936984
6627521,92165.20485593495
6627522,92173.99492931283
6627531,97756.00102733346
6627540,18668.38887357671
6627548,15170.911661491635
6627551,17354.245699135274
6627555,81080.43547278078
6627556,21857.889853743036
6627559,24559.771441107532
6627560,24233.659373121704
6627561,23781.401758619366
6627562,26975.942758236008
6627566,23778.181322147833
6627569,25457.81563302101
6627570,23955.611853748684
6627571,24444.07762969554
6627572,25431.46183396931
6627580,21558.06948188041
6627615,15444.057477586264
6627625,89480.72247240618
6627658,99236.37677082841
6627665,57558.206869679525
6627666,25947.7675583378
6627700,72236.56860900499
6627715,90888.72772516478
6627721,103340.2219133749
6627741,12661.156056766022
6627743,12584.20377847267
6627747,32680.412414505863
6627759,24015.957603355193
6627761,32227.445557127554
6627763,25761.96974117862
6627778,29900.418552387648
6627779,26912.933320707463
6627782,33211.916229841176
6627786,27474.665046612463
6627787,30141.75040378733
6627790,33805.250599297964
6627798,32883.0340201838
6627799,32890.56143967531
6627800,32834.2730228911
6627801,32845.98660628463
6627802,32900.47517001594
6627803,32860.99486585657
6627804,32895.047346296196
6627808,100666.7572323799
6627821,52838.75243725745
6627833,96972.12705831995
6627842,28969.75435250152
6627844,27019.714500691247
6627851,27034.097407763842
6627853,30428.441634818333
6627860,34613.181180812135
6627914,18536.74568014926
6627958,18886.404192957692
6627959,110379.2725892078
6628002,62962.47874920469
6628003,67345.75353101158
6628029,66203.8924686572
6628036,80949.0889937184
6628037,79583.49040320126
6628039,90382.20429863728
6628040,87231.58634390807
6628042,11569.858765435176
6628043,12145.225136707017
6628051,13631.373353552684
6628058,15779.339657322678
6628060,16948.50983380324
6628061,16331.799355959205
6628074,28405.182846663367
6628090,37543.39652196336
6628130,30105.752718150474
6628131,26766.13415947909
6628146,93518.81085247945
6628150,87542.52660452342
6628154,85124.83015508867
6628159,91502.66036527643
6628177,31494.62816580032
6628192,33049.288042848166
6628195,33062.465699354834
6628196,33078.26689468985
6628197,32596.119922917656
6628198,32797.937406529585
6628199,33123.2833017172
6628203,36569.88089902444
6628219,73340.28422405662
6628225,18080.1920452046
6628256,13343.815647262816
6628266,93013.24093948008
6628278,96288.4336700131
6628292,102539.04558341649
6628302,15535.85867441857
6628315,29432.82570195609
6628317,31167.914650117742
6628319,31110.59817719537
6628320,31179.83665194089
6628321,28668.93134248846
6628322,31775.665275873293
6628396,13348.512591985293
6628436,96443.19754273328
6628438,98772.21476205939
6628452,103149.99114194684
6628476,104781.17777943192
6628483,36184.03205376025
6628489,38217.573321567106
6628504,27221.30606671018
6628525,14675.512082355252
6628603,69370.34705789745
6628607,73646.50575418165
6628608,35243.47869506144
6628611,49883.79391869725
6628645,15799.503547830114
6628670,41427.580213346395
6628672,45408.577378759364
6628674,61883.603459353784
6628678,60361.504083242646
6628731,64563.093296680025
6628733,67616.88564730274
6628735,68375.72066098612
6628782,56440.65854064064
6628825,12175.019741885111
6628829,12536.740843896701
6628831,13616.63836520788
6628845,14926.365581809554
6628848,15741.415904579704
6628849,15014.67447204969
6628850,14796.03923878294
6628958,104951.69373494852
6628964,107042.93172162633
6629043,19202.47199060737
6629072,71117.17150001806
6629081,74184.28814175513
6629086,81057.00929698457
6629090,82944.11558964793
6629100,82254.37678858219
6629110,68914.76624674977
6629115,63301.08837176841
6629117,78005.93953161823
6629118,73415.16217950561
6629127,12738.335874203523
6629130,15405.88154141525
6629136,14413.33215470094
6629139,15330.821371839553
6629165,64611.877627099464
6629166,80174.18237869361
6629172,16806.93925420154
6629221,101904.98913610238
6629236,103692.95551265277
6629237,103694.8344446563
6629244,103696.12004932796
6629251,98228.8764677977
6629277,94952.40592359332
6629289,97851.51347799737
6629303,25418.07699167676
6629393,32922.666395699096
6629395,35662.67052882931
6629396,35221.57064324246
6629397,41442.9126865664
6629399,39174.977361010075
6629400,40434.826521460986
6629401,43226.968050395015
6629404,50916.072939455946
6629405,42174.3601131411
6629417,13962.803348822885
6629436,75536.72978956363
6629456,14882.42737689628
6629464,15014.731752411295
6629465,15154.64269511322
6629466,16061.202639064468
6629468,12983.280009317918
6629469,13500.630808380145
6629483,16610.550508484142
6629484,16317.615626225852
6629485,99557.15633289784
6629497,14684.346602824558
6629516,36987.77157717595
6629517,36861.139070608035
6629754,32752.98830775015
6629766,40245.69642678124
6629770,68898.86306846501
6629777,71852.62900581736
6629781,71212.05209098433
6629789,77932.91959197284
6629790,77885.44129401218
6629792,78601.86209001218
6629793,79154.31193345849
6629796,32976.149960463365
6629842,44568.51455533636
6629851,46764.45758502208
6629852,37913.93425243762
6629854,41768.47916740601
6629855,48655.49338965787
6629886,73716.14226852129
6629887,68458.32526623181
6629888,78904.98982777662
6629898,88727.65784474932
6629902,12506.97957437209
6629959,69742.55271588633
6629969,81582.43231524585
6629989,17557.216267233238
6630033,25603.079500663956
6630052,16218.240701662884
6630053,14875.587468819489
6630056,21232.99850333934
6630069,19421.796417714457
6630070,18893.484405572424
6630082,12720.392039123597
6630085,16170.176039248818
6630091,13695.827420981153
6630096,35414.910883465476
6630115,14914.241567959942
6630168,20128.61505146797
6630174,20085.19971044825
6630196,35092.95150731612
6630218,8892.95623807669
6630220,43363.18482280417
6630240,42334.90760113444
6630241,24194.90849786568
6630272,12397.125838883923
6630277,10897.7138973881
6630301,14392.054424857346
6630307,14555.786189808314
6630310,12194.275965842227
6630332,51666.82678648138
6630339,60801.8719869917
6630365,10641.956381572449
6630366,60922.31235091215
6630367,38023.47163623064
6630383,11772.344686758714
6630387,10704.030880432354
6630388,71889.77913488651
6630389,9526.927828348631
6630404,15969.160436758135
6630422,10628.962280326225
6630483,32551.385314840467
6630529,14637.490631039685
6630627,78089.90022987509
6630647,12699.469319741189
6630677,11515.683585293693
6630682,9892.644927083416
6630684,36507.92265299212
6630694,16962.691865509358
6630695,11598.076073633902
6630729,12270.283389920232
6630732,13962.616913178896
6630735,11568.689132487687
6630736,13182.39562336124
6630740,27761.34196392198
6630762,15917.430809026022
6630771,26785.567355100484
6630772,21653.08191780275
6630779,21917.36161005542
6630784,27413.261908012795
6630786,24207.649260225975
6630807,20551.98237805577
6630809,60318.574993127266
6630821,11546.51058197964
6630823,43585.749327023055
6630943,15297.98730376563
6630962,16619.361001174446
6630965,13369.458915456333
6630972,15434.42735233827
6630975,24045.430674252108
6630976,11362.117584782118
6630979,15732.485621555137
6630987,19402.69006261318
6630988,10239.171422337402
6630990,16492.316636717904
6630998,13727.23905966082
6631005,22726.524818334405
6631022,22957.134848324145
6631027,20058.97354775722
6631034,22946.19016616837
6631037,30519.29281240211
6631065,9505.498641571081
6631073,34331.69473076585
6631077,33373.78500818538
6631087,26148.293544286356
6631116,36947.47394340308
6631117,36943.45716534498
6631118,62584.96086776596
6631119,62570.160335466106
6631131,14711.176724831193
6631135,14900.06669789734
6631137,31276.689414146073
6631141,15779.71589442364
6631142,15994.356029531673
6631144,59134.23429575022
6631152,19724.59439508025
6631154,21131.242243282162
6631174,75928.76801194044
6631177,73026.69949692354
6631186,22737.408100943176
6631189,52379.17278547568
6631193,73304.06233552731
6631197,13091.158642363716
6631198,13189.714945926922
6631202,18432.27557553446
6631209,21456.55615091249
6631210,26842.543598238586
6631215,21305.801419804087
6631223,44574.465624789926
6631231,53300.68690870596
6631233,59813.15922763388
6631236,65371.20702131844
6631237,76713.69125058476
6631238,73318.25526783765
6631239,88109.73705898471
6631240,61342.13754502751
6631241,57056.00121363888
6631242,48201.580649441275
6631243,47528.77488384838
6631244,53350.47511577785
6631254,12801.766180659972
6631255,19407.168741215795
6631256,21641.004486176727
6631259,42422.287683878596
6631260,31158.017798897094
6631262,28325.48698513977
6631268,64865.816922333106
6631274,72602.96202304833
6631275,77356.23181370064
6631276,72610.09414831805
6631289,17434.023469741172
6631292,27910.058723048107
6631293,47946.803487779835
6631294,37560.12124015983
6631295,59482.541104001204
6631304,82813.54093605111
6631322,30024.0631515275
6631324,61570.48284863266
6631325,64206.89384514816
6631333,117966.39225555089
6631336,12203.013465832648
6631338,19763.309383863838
6631344,39978.71622362318
6631347,50662.841927677175
6631348,57333.3126820366
6631362,60330.77157467465
6631364,45304.977992229324
6631373,85510.75004213606
6631382,33106.54494978755
6631394,16746.233979448523
6631397,15047.503251090175
6631399,15328.452861394957
6631400,15041.99333356423
6631401,9452.934176055645
6631403,27100.18170002217
6631405,29234.56235699535
6631408,33804.89595947589
6631414,12433.051118656771
6631415,9959.473508293147
6631417,10596.521126155572
6631420,10889.692818694239
6631421,10887.138119565974
6631422,10886.57741216925
6631423,12836.170333553519
6631424,10606.592065768535
6631430,20006.43309998507
6631431,19984.71212414196
6631432,21491.536324847788
6631435,36085.402713638185
6631438,38523.09296719234
6631439,13617.625397165999
6631440,13589.510040954649
6631453,34972.805991386456
6631458,30457.85287326913
6631461,40843.98823855259
6631462,16875.942382775862
6631467,37506.034572238335
6631469,38979.13580299625
6631470,34304.98748119195
6631471,40364.087519101
6631473,45213.94569523816
6631475,37086.74498296203
6631477,40176.897557451215
6631480,40025.7552403222
6631481,40163.45067140528
6631484,40290.85926264776
6631486,40327.14908939573
6631487,48475.36850272118
6631490,55159.80085949748
6631497,53003.43735881044
6631499,49788.78439068239
6631501,53348.032934960465
6631503,64351.199232647734
6631513,59096.34849018496
6631514,56648.813499898846
6631519,60768.19137299468
6631520,60782.50770129732
6631522,61437.56894021011
6631523,62969.98502817423
6631526,63008.37110847744
6631528,68355.8999611141
6631530,70476.6312732731
6631531,88506.48801397238
6631544,70015.65480932298
6631548,47525.602034964824
6631549,48834.983492401036
6631550,58146.68067685747
6631557,91148.09453923508
6631558,93202.90856003694
6631566,55415.15824941884
6631568,71279.93056517509
6631572,94412.34042563342
6631577,53651.97334418377
6631578,55092.717144243616
6631583,66845.9413553527
6631584,63618.21667453823
6631585,62612.422737737674
6631604,63192.87794724003
6631607,62535.559850685844
6631611,81632.86490441076
6631625,101101.82591740796
6631629,13761.911823260993
6631635,28048.06740604485
6631640,21169.588371255857
6631643,25258.392705808277
6631644,22475.133962008964
6631645,21805.607514886942
6631652,25101.07606456382
6631655,20377.59281949734
6631663,31478.292508643135
6631665,9305.725447948043
6631667,7362.630165191965
6631674,7556.098040857268
6631676,8173.249929452938
6631680,8592.567403875517
6631683,8479.73376321137
6631689,9365.016032338941
6631690,8890.590092276627
6631692,9583.25759177084
6631699,9354.562347530013
6631708,9255.642630037002
6631709,9750.225409652685
6631711,8377.413762077813
6631713,9700.544314474597
6631715,9014.829429002322
6631716,15783.508865367654
6631726,26083.037779863524
6631730,30217.275329433836
6631743,49802.36644909475
6631748,17848.75980492538
6631751,18298.701828387173
6631754,18321.05397148551
6631755,18907.418370550913
6631756,19326.19436049691
6631757,19321.45795579398
6631760,18858.50554782151
6631773,6335.644282072849
6631776,6679.669308111005
6631781,26253.267846069717
6631782,31453.564927686235
6631783,31462.295385580393
6631784,28492.19426030514
6631786,32648.948472267028
6631787,32333.811644000325
6631788,32074.89890643793
6631789,33671.429368377605
6631790,35197.662068296944
6631791,43083.536005531685
6631797,8499.004727002475
6631798,9260.614028508977
6631799,9693.395066131028
6631807,6045.95260759226
6631808,9930.17412746142
6631810,10244.00662882077
6631821,10639.743930280758
6631822,10329.155829029503
6631823,10274.339683953076
6631824,10138.215592820183
6631831,10713.662404235158
6631832,11307.232569356345
6631836,10879.840798434205
6631839,10827.935827980717
6631840,10547.043978761843
6631843,10453.326936526084
6631844,10715.287236858832
6631846,11549.33014260096
6631847,11509.655405735279
6631851,12232.529813252799
6631853,11395.598072680279
6631863,10439.84619439405
6631890,11590.059083297012
6631893,12210.685749602912
6631894,12566.213370867434
6631897,13467.977790489826
6631904,13514.91802211577
6631915,16492.19080317817
6631944,23264.116881439815
6631945,22742.244378172778
6631947,9150.207886929918
6631952,9532.399495988397
6631954,10511.333343584318
6631955,10126.947211036579
6631959,14534.56155556471
6631960,12100.271714281445
6631961,12068.87572172245
6631962,12639.77621147635
6631963,11541.787158216188
6631964,15316.235992744078
6631966,13324.802925241871
6631967,13453.162793247024
6631968,15787.483431790317
6631969,13447.18492715464
6631970,14340.80955688373
6631971,14723.304180572752
6631972,15157.77943941202
6631974,14724.230994328216
6631975,15343.898624234811
6631976,15092.446969279392
6631977,17960.283034856744
6631980,16184.602072998585
6631981,16515.171331499736
6631982,25547.8081620418
6631983,21572.960301583797
6631989,22571.26016447193
6631990,23359.205949505325
6631991,22144.57604106125
6631994,22422.358960919177
6631996,26435.397281760044
6631997,23022.319810178513
6631998,23333.51124630539
6631999,25170.73988274925
6632002,22068.907127139584
6632003,26108.871516963147
6632004,22981.757554793043
6632005,25665.323143949365
6632007,25166.035216663648
6632008,24447.877885820504
6632013,26830.258411225605
6632014,28136.507218543353
6632015,24447.737988619327
6632016,24289.770764015273
6632017,25468.768005985443
6632020,26147.196299283238
6632022,25993.440571599007
6632024,26045.25414288949
6632025,26032.837281727825
6632028,25333.228148080685
6632029,25338.06072947907
6632030,27043.845016909556
6632031,26144.652862941788
6632032,26132.138771021415
6632034,26147.5204805148
6632035,27530.376275851166
6632038,25067.989967674344
6632039,24735.412979411463
6632040,24735.74324836058
6632043,24745.275766477866
6632044,24744.19019545875
6632045,24734.2806622049
6632046,25708.684575104773
6632048,25722.860270604226
6632049,28470.192445016182
6632050,24233.89049394588
6632051,25726.368612259408
6632052,25715.722395304914
6632053,23925.860954891043
6632054,32389.11857775038
6632055,32389.11857775038
6632056,33485.94633470088
6632058,31996.134850317438
6632059,31986.981706036066
6632060,31985.395427306506
6632062,33646.775973968586
6632069,15642.371842054346
6632071,19672.79840538882
6632072,15983.620564159462
6632075,17382.93615614243
6632076,22782.818479598667
6632079,21883.316223506787
6632081,22242.258106506088
6632082,24795.405434537235
6632083,22228.961641609305
6632084,24709.3827930015
6632087,25362.164902732613
6632089,28100.224205647886
6632096,29407.18064122971
6632105,35656.85503198222
6632124,36720.929118908854
6632137,23013.297354766342
6632138,25716.409115047787
6632202,8950.598874333891
6632205,11297.05670435798
6632209,11390.414909035091
6632212,18754.618826005768
6632213,15343.883990206083
6632215,21036.23223458509
6632220,23013.033978541825
6632225,30695.778535882822
6632226,29360.605398257852
6632230,31330.726038019955
6632231,32575.391463259606
6632232,30976.86553697662
6632244,9882.818212140864
6632245,11927.506576559479
6632246,13614.378850883346
6632249,21039.54283528175
6632250,20504.915904935122
6632252,22118.508606168663
6632253,22119.3524145529
6632255,20770.74709364904
6632256,21587.86140635591
6632257,24488.69206571818
6632258,25941.309480412503
6632259,26161.96309040573
6632260,26622.471487182043
6632261,26261.431509863345
6632262,27325.661970707923
6632264,27153.269005719736
6632265,26210.23775125848
6632267,26237.62374575006
6632268,26114.35016072714
6632270,30278.605385786515
6632271,30259.841228949303
6632272,28347.241800447213
6632273,28361.95265072868
6632275,29063.012731832478
6632276,28363.007582106482
6632277,29385.032782415634
6632279,29369.539206577156
6632280,29838.090125283026
6632281,32286.542455353723
6632282,41782.82204199971
6632283,42703.99742262932
6632288,13748.832082923642
6632295,13218.301674172753
6632297,14593.609343655024
6632298,14750.050732565256
6632299,17089.577675774723
6632300,15417.243531677474
6632302,23922.073394864175
6632306,24097.244987671493
6632309,31210.42062265024
6632310,30301.426718288112
6632311,30303.565293559248
6632312,30300.61756700109
6632313,32356.6389886474
6632314,32372.257233225126
6632315,29430.804710922508
6632316,33985.56534787895
6632323,9054.986042109429
6632324,16701.605552192923
6632325,17589.043491506345
6632326,15166.426915087826
6632328,16290.869819345933
6632330,19655.657047009732
6632338,33944.394507422585
6632340,35048.934982760686
6632346,44052.12072859745
6632347,31538.331634535076
6632352,35665.187470610246
6632353,31484.867792673984
6632354,31387.550003031905
6632361,33670.979795944
6632363,38163.08588394265
6632364,35539.18488615005
6632366,37094.52711787754
6632369,55458.194010397114
6632372,63465.26467103979
6632379,36675.710160077615
6632384,41150.87604768513
6632385,44473.999225385676
6632386,51908.9347798412
6632389,59320.29400116302
6632398,16073.845052670154
6632399,15106.012428931246
6632401,22409.29678760638
6632404,34640.689982103
6632408,12333.559211909887
6632414,27736.43900486765
6632416,27641.979678348616
6632420,45496.6603833888
6632421,48904.42751834714
6632423,67172.17968549798
6632425,78061.82884772056
6632426,66645.8108724064
6632428,72068.11986854975
6632431,92115.90808398266
6632436,14863.362938691243
6632438,34467.252451851025
6632440,25379.41695335621
6632462,63506.435798975996
6632475,18399.957950347227
6632487,29905.295222763893
6632489,26244.030441786053
6632493,22485.16773964982
6632508,10500.491517868953
6632509,12159.318895400063
6632564,6283.7663319785215
6632568,12159.191329247267
6632599,12573.070677404585
6632604,13018.879668185682
6632605,16905.873600767674
6632616,10633.940969188421
6632618,10899.241896549085
6632620,9431.455513569335
6632623,12046.887258301065
6632625,9940.427152839353
6632626,9944.533223224558
6632628,16424.49038290079
6632629,16434.47174440026
6632631,17707.065177890174
6632633,22493.768620873852
6632648,13651.227085147215
6632649,14725.789858116616
6632651,17366.746394315192
6632652,18588.404765941505
6632656,14644.193134225852
6632658,14595.474542379487
6632663,13505.228379580023
6632827,13419.587825867671
6632831,12263.006401984652
6632864,13282.614167489743
6632890,11689.360916931331
6632893,21345.86895230402
6632901,19835.34819746587
6632902,21341.695978297892
6632905,24185.35732666247
6632923,13060.741517744045
6632949,10093.852525131157
6632953,10448.751697373295
6633002,13519.314153197603
6633332,12980.33324345277
6633345,9999.621186615976
6633375,18127.466629555674
6633397,19148.814235533024
6633398,18119.53287439313
6633404,33495.975627445965
6633410,22779.776714710988
6633415,24669.988882932812
6633421,25199.467010259646
6633425,11410.91140071432
6633427,19901.176286121503
6633428,18486.570069156758
6633430,20565.00146506495
6633431,22803.64374346691
6633432,26180.13368601471
6633436,21655.828667251568
6633439,26871.43593368629
6633441,25869.587095631578
6633442,29237.880408658577
6633443,28881.009142720206
6633449,23938.391554498205
6633456,41193.12586566867
6633458,39491.50236724029
6633489,24787.81568622359
6633500,30305.38609144901
6633501,37367.86175983234
6633502,26651.787815721964
6633533,25604.935332346926
6633567,83141.71163104408
6633574,35815.026563173575
6633576,58249.69434856296
6633581,12421.151349173622
6633583,10601.373396850946
6633604,96710.29815369393
6633609,83164.39196958649
6633624,53884.623076190175
6633626,54602.44051546793
6633627,59086.20462864838
6633723,22103.24123708216
6633929,24438.180242581166
6633931,55780.59296391753
6633943,21753.53321231763
6633988,31026.92188735314
6633989,33161.08623129343
6633990,42809.8548135165
6633992,54982.01856000198
6633998,65256.532792068436
6634023,24414.069379728204
6634025,30041.219896278093
6634027,15763.109809428355
6634028,17277.09026265265
6634031,39053.81617943787
6634032,39008.663418363634
6634033,39658.399755920436
6634035,50113.38873032311
6634037,57280.08078219937
6634039,33894.6415592507
6634040,39485.55206388769
6634041,38634.50076570399
6634051,70093.48868372917
6634052,42355.8268456867
6634053,60065.59330047043
6634055,53710.48964106686
6634056,53325.549773578256
6634058,51125.00981432788
6634059,51278.72925118755
6634060,51936.962270601725
6634061,56404.28324213912
6634062,56017.07682179118
6634071,10719.396403346438
6634109,11801.292151869236
6634131,20475.251427040836
6634547,11994.722107200998
6634554,14637.434789736011
6634615,35493.76240302449
6634617,11705.571347620522
6634656,20472.34201016887
6634699,10858.330273563599
6634726,18527.925971894772
6634772,9170.967395942344
6634774,11806.887482612387
6634778,23337.494967128638
6634794,12288.963572067649
6634796,17494.835675005157
6634798,16727.14306634052
6634799,17497.53890713665
6634803,19238.730989929794
6634804,22811.30039600631
6634805,23105.664422334587
6634806,22992.960415824586
6634807,22227.07490891152
6634808,24052.40315377734
6634812,12289.502732533761
6634814,20465.899806795875
6634816,13196.799188318828
6634828,20464.72871490047
6634914,40510.78899846822
6634917,33946.53118282526
6634922,13815.106341414446
6634928,15482.416604554692
6634950,41998.677280566175
6634951,38682.761884433145
6634959,28604.122666171268
6634961,27093.359293850943
6634962,49218.19661408105
6634966,68624.42299060318
6634970,28278.575119231078
6634984,22892.57109797534
6635003,15995.454381176507
6635007,51719.28122826192
6635011,46177.8110540086
6635031,24316.448875657927
6635033,26006.706728845693
6635036,50121.99217371606
6635039,40829.266727645
6635043,53761.73734215749
6635044,62634.998249966
6635067,19537.407905523556
6635072,12734.66735092967
6635098,19258.74118513359
6635104,80489.82143782117
6635107,51171.350487602554
6635108,53978.59323206794
6635110,47411.068267579685
6635116,43211.34644602991
6635117,41901.01914777846
6635121,52736.656395400925
6635137,23597.473380058742
6635140,26685.844363737062
6635146,27414.386134995635
6635148,29301.525940259322
6635153,30970.780319021367
6635154,39538.87312725186
6635155,32554.117334374467
6635156,39367.522519883576
6635157,37793.42909047388
6635158,42720.576390250804
6635178,40025.79341282884
6635179,42739.607361373695
6635180,39702.676369839406
6635196,18257.87495878391
6635214,68279.3443536664
6635227,80510.93376416985
6635255,49324.67558818869
6635276,22872.71167685987
6635287,55017.47665182734
6635289,13148.09180801241
6635304,35660.08574647946
6635307,32222.8048397198
6635311,31776.574426564777
6635312,65338.98322400293
6635324,23792.88094495438
6635332,21285.207153233332
6635339,32362.934765493424
6635340,35113.54048767575
6635342,25367.656218264103
6635344,40538.80909728722
6635353,37459.92029459851
6635356,14311.842728464982
6635367,19506.649966060086
6635369,33197.50754733057
6635373,30187.203899654036
6635385,21424.779393081793
6635393,15463.792949358229
6635396,16959.63452981249
6635415,22039.250091165944
6635419,10976.690307634248
6635421,15253.697173268722
6635422,15658.581923512755
6635423,16338.607561380759
6635424,16857.15376458031
6635430,11172.631494981679
6635433,16005.800892215952
6635434,15998.078526516369
6635438,9486.931285009865
6635440,13101.838231199434
6635445,33400.59551566405
6635446,11368.870863221873
6635460,9170.844937783531
6635461,14022.778018346611
6635473,13748.438702699646
6635498,21124.85462016105
6635502,66082.14838583927
6635517,33016.30389910649
6635523,41568.51225987527
6635532,32135.708136987814
6635535,41629.608528998484
6635542,24929.042665783218
6635556,16808.317830531567
6635579,23993.430289064585
6635614,34388.77906314397
6635615,16764.515239606953
6635631,18851.636213603706
6635632,16182.348604107812
6635634,11665.682586758803
6635638,11608.401270822173
6635639,14986.804884639128
6635651,12615.412085234844
6635653,26667.093892680994
6635657,19256.684132697
6635665,34300.04760927005
6635669,22471.576048302126
6635677,11177.502350792714
6635688,15443.291559736908
6635716,16723.888930013854
6635724,14745.212238087557
6635726,15922.456512749925
6635727,15834.214316336383
6635731,16007.235892376044
6635742,84961.89101843607
6635745,28814.621812638434
6635746,23016.9410351275
6635757,25873.18947512869
6635759,74135.34625901119
6635766,110469.4177863431
6635771,116751.58859579965
6635777,66169.30193593347
6635782,24156.081356383645
6635784,12171.316090899989
6635817,33267.36081687956
6635828,23702.536054401153
6635830,56696.10551706534
6635831,53620.87254439773
6635832,53258.055540953195
6635837,65497.07547453639
6635843,12607.076699868496
6635849,35333.60601349742
6635854,14023.232745693935
6635861,47649.40934153439
6635868,12039.042306999765
6635877,38180.63284085249
6635885,47987.608958600074
6635886,79628.5863996249
6635894,35033.46205790707
6635895,87118.851609889
6635908,72177.14003657624
6635925,79982.72358791712
6635927,9764.370889417609
6635936,21061.88795574547
6635957,11116.148725694902
6635961,21479.05734916465
6635963,9370.180226046943
6635978,16713.843386950713
6635985,11598.85042134644
6635988,13338.840471204321
6636014,19904.194365841777
6636016,13901.812270706545
6636017,18468.6126839688
6636018,17461.3136333452
6636019,14439.570731894228
6636020,19812.35795294588
6636023,25069.56792235748
6636025,17205.42959084732
6636029,17210.484406823973
6636032,19476.92492840129
6636033,31474.02981630778
6636036,34472.380785307614
6636037,28113.358988087915
6636041,28275.338963872495
6636043,35549.523987013235
6636045,12156.721448473798
6636047,37327.755220755666
6636051,31197.92160332095
6636053,38769.4067264689
6636056,35570.27905971612
6636057,46220.37285751436
6636059,47765.33882814573
6636061,34663.45987934289
6636062,34675.06539203009
6636063,34660.418621094585
6636064,36097.48428669562
6636066,53558.36747005036
6636074,70172.61368158215
6636077,83232.3113584236
6636080,19263.20500982702
6636081,68046.29776432806
6636084,77023.93352624825
6636090,45934.60677202769
6636091,44109.967641071125
6636094,57218.05755049094
6636095,59235.89032451288
6636104,25657.491598791832
6636107,29432.76956144242
6636114,36588.125967955166
6636115,25406.443724504068
6636118,56691.88816920336
6636119,36229.05943715184
6636121,68501.49417323119
6636122,70124.04456412313
6636125,37338.50781059159
6636126,39456.11502508348
6636128,71862.908485124
6636129,65678.78449681135
6636137,47949.684349411196
6636139,35847.21674903512
6636141,55509.5210558083
6636142,58029.735146457686
6636143,61134.8088228828
6636154,15191.732446720525
6636158,53094.45301049179
6636160,29901.01739889707
6636163,41894.94553432108
6636165,38202.086029859245
6636167,29192.35283135694
6636169,43090.35725561345
6636170,44494.95700601645
6636173,33564.53621594871
6636174,42559.662246778105
6636175,42942.79135381987
6636177,36598.909836697145
6636179,34949.46624836828
6636181,32089.95269863349
6636183,34914.25274990565
6636185,34121.41601163903
6636190,36915.10550078943
6636195,51175.35238809977
6636196,35480.22480797172
6636197,49083.478393797115
6636200,56654.108243590665
6636205,53740.71987327743
6636206,42298.26327094292
6636210,79320.9389635731
6636213,59844.826598708176
6636214,59811.44795529156
6636220,61049.51183707145
6636234,65610.79579429909
6636235,47997.129127599015
6636238,56345.78760516295
6636241,87430.14045220157
6636242,87762.37567186919
6636244,92252.26352413546
6636255,94839.55142524478
6636260,86339.87035474872
6636281,19648.534839008968
6636290,32223.97263945198
6636301,45031.22695502168
6636304,44649.68754548622
6636444,63666.28706055008
6636464,24801.176143503697
6636496,49887.31450758183
6636508,44327.82454525052
6636509,61247.088024137964
6636512,26603.35958919941
6636513,43447.71464452849
6636515,83265.65657402872
6636517,66512.0257765162
6636522,110490.59572889593
6636540,11589.031098017238
6636541,11130.842390348545
6636542,44817.52061244595
6636543,30235.84007490608
6636544,21187.948898755574
6636545,51933.396096190205
6636546,40676.91168268258
6636547,55835.73278023238
6636548,66585.58383613026
6636549,60508.59186543521
6636550,43607.20346803634
6636551,66264.34302568324
6636552,56958.846568828085
6636555,82260.73106606404
6636556,85907.67697250584
6636558,66344.96636564238
6636560,83240.88456682434
6636563,13774.898903734855
6636564,16129.128499414663
6636571,14439.419245073175
6636573,85809.17302339464
6636583,87674.62071092366
6636585,90470.5122586882
6636588,87385.45974633661
6636594,98995.14880663573
6636603,67131.64109698674
6636604,65047.07738131341
6636605,76488.17588676349
6636618,62348.809742384066
6636619,62396.3375161634
6636620,63678.49251948544
6636621,63510.00925872351
6636622,63487.723844360495
6636634,14643.648441317891
6636635,14643.704306324811
6636636,57632.0300094282
6636637,44665.4883419514
6636639,67179.67528000646
6636640,59672.20063656764
6636641,66442.54088281654
6636642,68380.41587898986
6636644,73740.47082442339
6636646,66507.71255639505
6636647,76083.01778742505
6636648,64391.10277498766
6636649,73067.3832957829
6636650,75084.24856306202
6636651,53975.14425249516
6636652,65233.44790154439
6636654,47482.65344751747
6636655,52171.03104166459
6636657,80953.4123103263
6636661,56785.60881705976
6636662,17085.959715191773
6636663,19992.64259906543
6636664,28391.85757154117
6636666,64575.53226451959
6636725,43581.675896167464
6636748,28288.042999849364
6636764,31011.62735300013
6636773,30005.370884510783
6636785,12811.83090220142
6636822,13836.652816500746
6636833,10007.645303235036
6636838,9600.87791046413
6636839,9872.379782622485
6636847,10257.645406730504
6636851,11552.668246593048
6636884,17258.21716696161
6636926,10222.680532636692
6636945,27718.959423441407
6637186,9286.077919811069
6637196,9458.002511667017
6637197,9577.519226844322
6637201,12259.83723132481
6637205,13132.614084878614
6637209,19667.35806281801
6637210,15062.838323617862
6637213,10747.26164840292
6637215,10670.749967519276
6637216,10757.096222034272
6637217,10344.180589826881
6637218,10606.976487882406
6637219,12434.85367065174
6637220,12215.846004751902
6637222,14751.07771028335
6637224,15627.668935476922
6637226,11596.82616425664
6637227,11599.226551744721
6637229,11375.704102680644
6637230,11702.42345061863
6637231,11727.350717907442
6637232,11704.60009760404
6637233,11196.163387428529
6637234,11906.820377292619
6637235,13151.440401276961
6637236,12931.105045425784
6637238,13811.140914794434
6637242,13206.620234289703
6637246,15041.032174474021
6637249,15058.658398896148
6637250,15021.119883375377
6637253,16443.549546983955
6637254,15053.38846372418
6637255,15388.729499990903
6637256,15065.697428058831
6637257,15060.640486622837
6637259,17592.68408067485
6637262,12831.543510257983
6637263,14036.493190493758
6637264,13438.646063573067
6637265,13630.463324824783
6637266,14340.262470701631
6637267,13703.196546893485
6637268,15187.444332045576
6637273,18049.627816600198
6637314,6065.47591967005
6637327,5858.901429489974
6637331,6615.023535157321
6637345,6823.554589161501
6637351,6614.764849414132
6637357,7344.849616578719
6637359,7339.737346199745
6637360,7536.146591580491
6637367,7239.858392802453
6637368,7149.939647797562
6637371,7452.408016326962
6637373,7780.163936046586
6637382,8181.650073913104
6637385,6564.48262461807
6637386,6516.8634061396815
6637388,6574.790599442978
6637389,6914.115842703216
6637392,6694.786088293599
6637393,7091.902387443369
6637395,7734.025804884272
6637398,6550.528442636282
6637399,7298.660745015341
6637402,10884.376395651832
6637405,10684.080468794607
6637412,9280.428969696804
6637413,9221.31324938985
6637417,7476.080039713351
6637419,7971.559274609982
6637423,7959.80575782424
6637429,8412.21157322359
6637434,9567.14772705211
6637438,8357.724916408224
6637442,8499.661357495715
6637444,8086.103361167289
6637450,8286.399063704632
6637456,7098.473583085181
6637461,8949.497680689994
6637463,6288.281148904625
6637468,12935.48400747816
6637483,7957.11104832669
6637484,8576.54383717907
6637487,8828.330795914462
6637497,8657.968961366585
6637510,10136.94896619809
6637514,10836.707237472086
6637515,9414.460370024028
6637516,8615.41389272534
6637517,9860.494548139573
6637519,11355.584925138977
6637531,7186.250781456338
6637533,8674.01226578838
6637534,10692.78634764938
6637535,11373.10047973107
6637539,11470.073190612728
6637540,11031.033587826307
6637542,10848.558359326895
6637546,10841.731524242701
6637547,12152.304743877574
6637550,6134.568541161201
6637551,6791.05765289654
6637556,13827.7611565849
6637558,12412.293187378207
6637560,12991.232184604944
6637566,13806.860585845532
6637568,13786.806822585962
6637569,14813.491406121957
6637571,13539.172552380815
6637576,14234.616559592472
6637577,12797.444687243586
6637581,22518.474216034807
6637582,20672.467776161753
6637584,10143.757735892372
6637589,12959.786401011552
6637592,10865.768617753465
6637593,10882.37302697531
6637596,10524.364333129697
6637603,12013.22341959599
6637607,11640.39788528099
6637609,12378.611821927278
6637614,11120.157056752802
6637615,10412.162209022325
6637618,10697.397013318552
6637619,10741.645929044289
6637620,10663.882450818037
6637621,10667.44283355625
6637622,10743.879568065922
6637623,10932.0883974749
6637624,10784.987454765356
6637625,10692.602778216045
6637628,11183.409911668234
6637629,11185.703397950923
6637631,11181.788753930874
6637632,11125.620468653926
6637633,11672.471552758207
6637634,11126.57551513473
6637635,11120.814645828441
6637636,10939.61899903183
6637637,11120.305541209991
6637638,11341.124613325157
6637639,10946.403063269863
6637640,10939.890280866075
6637641,10938.450477256101
6637644,11072.43744824786
6637645,11124.760996904708
6637646,11415.907904493622
6637647,12562.690266380516
6637649,10188.13605664361
6637650,10936.030364868126
6637651,11182.066040567526
6637652,11346.177133953532
6637653,14534.50610690355
6637655,15227.620351798365
6637657,13996.001882982893
6637665,14104.8400315033
6637676,14357.779584038346
6637680,13662.324444147685
6637696,17143.268737527535
6637699,15697.06962232903
6637704,13231.848430310863
6637705,13233.135715343484
6637708,13797.593282953994
6637710,14040.697399716284
6637711,13868.638730271445
6637714,11880.752444941942
6637716,13432.802761575338
6637717,12620.32207526302
6637718,13442.478906548495
6637719,13528.755839079327
6637721,12624.78845533902
6637723,25587.99365171625
6637724,9674.663726206212
6637726,9551.26535327788
6637727,10850.358877167513
6637731,10370.397940819188
6637732,10597.137645694793
6637733,10529.605353308174
6637737,11695.438590578573
6637738,10649.368398661223
6637741,10896.258859230926
6637742,11528.662010926138
6637744,12589.774024935572
6637754,11964.581285262364
6637755,12785.037662616785
6637756,10153.776092123206
6637759,12065.1928499597
6637760,11970.082780564839
6637761,11963.371752038356
6637765,24959.731471611314
6637766,11228.233890467782
6637775,24256.736101480143
6637777,12097.433041956916
6637778,11714.830175712843
6637780,11700.269526758137
6637781,11698.394931296985
6637786,10693.418666484871
6637787,11494.735796832665
6637788,11471.604846363196
6637792,11423.194308560755
6637793,11861.538743049437
6637794,12241.399797731758
6637796,11802.800490992886
6637797,11670.267488238142
6637798,11755.626942013656
6637799,11804.275247671345
6637800,11995.133954705681
6637801,12073.181502756073
6637802,12223.269877860967
6637806,10939.994621824206
6637808,11775.095852580691
6637809,11935.404071536093
6637821,13078.055265828589
6637822,13402.882906887924
6637823,13838.289293407346
6637825,14699.59199196311
6637827,15915.442222427771
6637829,13925.486022623178
6637843,15134.17585086552
6637845,14554.07875067964
6637846,14448.511267734837
6637847,13627.499652408897
6637848,13942.815652855548
6637849,13623.107323632468
6637850,14092.388628818882
6637851,15224.425595250545
6637858,15321.407975443339
6637863,16802.09910264667
6637864,16541.93827822117
6637871,18203.401387099984
6637878,17409.24973202924
6637880,13013.913925449262
6637883,14231.290793377268
6637884,13971.688560517234
6637888,11883.245597345833
6637889,12511.298450903307
6637890,11715.791100542625
6637891,11721.916054398402
6637892,11722.653947321569
6637893,11723.481337043593
6637894,11714.90838757824
6637895,11714.226844586241
6637896,11712.53991689818
6637897,11717.668483394073
6637908,12791.270169866486
6637910,13275.002735737606
6637913,13806.992268493495
6637917,13108.000128893775
6637921,14254.492317537275
6637925,13024.455971440528
6637926,13031.961046629987
6637927,13167.94498332176
6637928,13171.009707726866
6637930,12925.16189755331
6637932,12579.28384429819
6637933,12895.683888349256
6637934,12695.618252300197
6637935,12801.741761344689
6637937,12622.368468363291
6637938,12751.670495841507
6637939,12579.859737171812
6637940,13581.800480881431
6637941,12605.393452389977
6637943,12615.797113451346
6637944,12575.385263082118
6637947,16931.17439793198
6637948,13636.522660180479
6637952,14892.891989604208
6637955,15208.229786744445
6637958,14683.57634594198
6637963,13942.257153968616
6637965,16434.064223183337
6637966,14315.064441561413
6637967,17142.042527723093
6637968,15992.922183940103
6637969,12654.238643625567
6637970,15074.134229359279
6637971,15237.630086331956
6637972,14519.16881654364
6637977,14248.185588062073
6637980,15989.521128207507
6637981,16480.995462201998
6637982,15299.475581778795
6637984,15039.827225958947
6637985,15040.38665433667
6637991,15441.64201952352
6637995,7727.146409054228
6637999,7133.747657811146
6638002,7588.592039447243
6638012,9237.950946554362
6638015,9494.553094487032
6638017,9605.47585730215
6638024,9751.732043936321
6638026,10424.781921761727
6638034,18293.327415408974
6638037,18521.86596073699
6638038,18185.077325576207
6638039,20297.156941987952
6638040,20057.003184330973
6638051,19797.41725589371
6638052,21915.877548824243
6638059,13510.922779716773
6638061,13528.149412579667
6638074,16911.324273290436
6638113,16921.81127537821
6638138,16688.182931335938
6638189,20367.80016466419
6638191,28059.358040781375
6638248,10579.434575789825
6638249,12046.910237844271
6638253,11088.723069991862
6638274,12461.542997067418
6638370,10882.289993745404
6638570,10666.669620863118
6638581,10763.63364922427
6638597,25134.781134331446
6638598,18723.289545118136
6638600,18290.3791387012
6638615,16661.75141693824
6638616,16565.825466109185
6638638,8411.304970665637
6638641,9834.159125628501
6638656,9086.40805705398
6638659,10375.473232309512
6638660,10370.388049888063
6638664,9607.674856779178
6638671,11647.67203388873
6638695,6379.785000540066
6638706,19567.337216162843
6638707,6795.807255010207
6638761,6473.219036771625
6638773,6493.706829574698
6638774,6921.981276391203
6638801,24761.801203161373
6638819,9396.913264159604
6638821,11696.866465641267
6638839,11022.357203632733
6638841,16366.555569949625
6638846,59590.876519907935
6638856,14442.6008020628
6638867,13894.998940687286
6638873,14546.085602712283
6638877,12373.052389112025
6638878,12240.629254672922
6638891,16130.236105468319
6638912,14450.247668158623
6638931,24755.709115607493
6638993,13540.128141794714
6639098,28596.97620667443
6639099,26877.048953699883
6639135,29108.22755773811
6639192,19881.40874700508
6639196,17046.21266239266
6639211,21789.84953882816
6639213,23676.35080779885
6639418,34453.252042481196
6639419,34465.67465658362
6639420,34484.97473790225
6639482,80937.27825222485
6639484,51151.150548409496
6639493,27458.633589755227
6639496,22132.224481596848
6639505,18032.937550034127
6639519,19126.76561371455
6639536,19406.70601993046
6639537,21200.440725780816
6639539,23313.26932409147
6639562,41045.127827191856
6639563,43321.68396372843
6639564,51377.12088688907
6639613,25366.20465364147
6639659,12880.7121157726
6639672,73474.62907745299
6639674,83989.10275353999
6639687,60970.206389242776
6639692,27372.350526708116
6639717,52794.9296537172
6639728,25776.5681482982
6639746,25353.652085630063
6639747,26385.399370286996
6639846,27526.306901825345
6639902,40098.73113652081
6639916,11685.024839262727
6639922,15567.480874942408
6640006,16329.945896753148
6640039,79947.56696371596
6640067,89870.27536149697
6640098,71817.0733512911
6640227,65481.773623319605
6640231,26389.55176215887
6640233,56537.8998744032
6640236,69734.57165637972
6640237,35777.132548246365
6640238,69845.85675677191
6640250,77220.01825731926
6640267,86443.68246295744
6640268,93032.9355992078
6640269,95906.45107605899
6640270,83589.6397936279
6640273,49728.090351807485
6640276,53147.84994399276
6640279,75669.396797739
6640280,92073.8377692275
6640281,89516.99780203188
6640282,29941.253113193205
6640283,34891.45121929731
6640289,70134.41118065872
6640294,75317.18826997923
6640296,80888.27822970595
6640301,56127.87871706017
6640302,74820.34086519586
6640303,74855.59863418214
6640308,36906.234669474696
6640309,74282.62306812927
6640310,81720.10586256009
6640315,19257.58406610259
6640322,19159.427796233915
6640326,19191.19396710228
6640328,19180.215246961714
6640329,20436.58413066371
6640332,53117.95320679641
6640333,87231.41996111245
6640334,20085.103932212714
6640336,26053.601600479586
6640340,24399.14888091331
6640343,28331.079485455117
6640349,53351.69624811
6640350,37603.27458652306
6640352,39132.40882450996
6640353,67788.24677782919
6640355,70562.64877453946
6640356,77816.09625156778
6640363,9322.773290498566
6640371,85363.27121290662
6640400,29566.405608237714
6640431,26279.420557061654
6640445,82172.59949817735
6640448,80412.63586823255
6640449,76028.83523727903
6640452,83182.15991176698
6640455,76911.92012749806
6640456,86794.26713322113
6640457,86491.75838946144
6640462,95393.88676785251
6640468,68756.81751570778
6640473,98683.05002004796
6640475,92487.6447037891
6640479,13007.200771257949
6640483,64080.57126107919
6640579,15853.420134730031
6640597,12394.926811926909
6640598,12409.21562683008
6640625,11430.191015008053
6640631,12648.5313053006
6640648,15561.320481039584
6640657,6093.123719723114
6640797,14000.487724937966
6640802,10193.083270023255
6640900,24241.56495677699
6641582,15537.79983617489
6641584,15559.257665203635
6641607,13207.187056021216
6641610,6733.575586848778
6641642,6821.771519869148
6642191,9590.81042120793
6642205,9546.647826368328
6642210,10836.314490153074
6642216,11670.156182888453
6642218,9723.433245910213
6642219,11979.402281881208
6642226,10076.913251209857
6642227,13774.425953898706
6642228,12629.509366665867
6642229,12629.075739983706
6642233,12921.562812905808
6642235,12572.674961878945
6642236,14139.185338470095
6642240,17408.75162791436
6642241,14968.705976385025
6642245,13104.550109141308
6642247,14498.688955106853
6642248,14258.598628098482
6642253,18781.53980307325
6642254,10772.517363694971
6642255,11092.954270605185
6642270,19153.59965708933
6642272,22243.82791087121
6642275,22295.86376471454
6642278,28010.749706074064
6642287,20524.520347529866
6642288,12688.911948987723
6642292,11893.56374078016
6642293,12160.52504152937
6642294,15142.391041819337
6642296,11581.517416396844
6642299,11896.774395826524
6642301,11579.231130551256
6642302,11582.40112605761
6642303,11714.293879843744
6642304,12300.877495602997
6642305,12505.548231611318
6642306,12613.054043782966
6642309,12474.254762116228
6642310,12483.002365169048
6642312,12477.717365610186
6642313,12715.370355671637
6642314,12705.841888546558
6642316,13567.559027367286
6642317,13094.180519675941
6642318,13445.209993144
6642319,13456.909934696847
6642320,13772.770757336208
6642322,13740.57346124442
6642323,13449.403867818442
6642328,11454.560300770017
6642329,13876.471395122593
6642330,17322.49637139351
6642337,15752.018748830053
6642338,15112.28084790464
6642356,16606.954761648973
6642357,14447.312446351512
6642363,14875.97053407467
6642391,12138.740084502584
6642418,10498.8091321851
6642433,16490.36632473172
6642434,13439.543286689855
6642710,11667.49630085822
6642711,10481.290303042686
6642946,10095.267822966653
6643123,13044.421057578178
6643158,9416.86712534805
6643164,11788.332886489048
6643167,17152.558080959265
6643168,19109.917745206538
6643170,19224.571209448182
6643171,27609.046312379283
6643173,9608.765380682931
6643184,11111.431774718429
6643186,10935.081242842134
6643196,18959.89341748138
